来源,单位id,单位名,TID,文案(日),文案(中),训练名串地址,6c5595,6c55f9 前置要求,6c565d 数量,6c56c1 类型 - 种族,6c5725 类型 - 性别,6c5789 类型 - 属性,6c57ed 等级,6c589f,6c58a7,6c58a8,6c58ae,6c58af,6c58b0,6c58b6,6c58b7,6c58b8,6c58be,6c58bf,6c58c7,6c58ce,6c58cf,6c5c53,6c5c5f,6c5c6b,6c5c6c,6c5c77,6c5c78,6c5c83,6c5c84,6c5c90,6c5c91,6c5c9c,6c5c9d,6c5ca9,6c5caa,6c5cb5,6c5cb6,6c5cb7,6c5cc1,6c5cc2,6c5cc3,6c5ccd,6c5cce,6c5ccf,6c5cda,6c5cdb,6c5cdc,6c5ce7,6c5ce8,6c5cf3,6c5cf4,6c5cff,6c5d00,6c5d01,6c5d0c,6c5d0d,6c5d18,6c5d19,6c5d24,6c5d25,6c5d30,6c5d31,6c5d32,6c5d3d,6c5d3e,6c5d49,6c5d4a,6c5d56,6c5d57,6c5d62,6c5d63,6c5d6e,6c5d6f,6c5d7b,6c5d7c,6c5d87,6c5d88,6c5d93,6c5d94,6c5d9f,6c5da0,6c5da1,6c5dac,6c5dae,6c5db9,6c5dba,6c5dc6,6c5dd2,6c5dea,6c5ded,6c5df6,6c5df9,6c5e02,6c5e0f,6c5e1b,6c5e1c,6c5e1f,6c5e21,6c5e27,6c5e29,6c5e2c,6c5e2e,6c5e36,6c5e3d,6c5e43,6c5e4f,6c5e5c,6c5e68,6c5e75,6c5e81,6c5e8e,6c5e9a,6c5ea7,6c5eb3,6c5ec0,6c5ecc,6c5ed9,6c6085 效果 - 技能,属性(解码)
DRINIT.txt,32,流燐結騎,1,★１以上の冷却属性　×５,★１以上的冷却属性　×５,1d491,a,,5,,,3,,,,,,,,,,,,,,,,,,,,,,,,,,,,,,,,,,,,,,,,,,,,,,,,,,,,,,,,,,,,,,,,,,,,,,,,,,,,,,,,,,,,,,,,,,,,,,,,,,,,,,,,,,,,,,,,14d,冷却
DRINIT.txt,32,流燐結騎,2,★３以上の冷却属性　×３,★３以上的冷却属性　×３,1d492,14,1,3,,,3,2,,,,,,,,,,,,,,,,,,,,,,,,,,,,,,,,,,,,,,,,,,,,,,,,,,,,,,,,,,,,,,,,,,,,,,,,,,,,,,,,,,,,,,,,,,,,,,,,,,,,,,,,,,,,,,,14e,冷却
DRINIT.txt,32,流燐結騎,3,★１以上の冷却属性　×５,★１以上的冷却属性　×５,1d493,1e,,5,,,3,,,,,,,,,,,,,,,,,,,,,,,,,,,,,,,,,,,,,,,,,,,,,,,,,,,,,,,,,,,,,,,,,,,,,,,,,,,,,,,,,,,,,,,,,,,,,,,,,,,,,,,,,,,,,,,,205,冷却
DRINIT.txt,32,流燐結騎,4,★２以上の冷却属性　×４,★２以上的冷却属性　×４,1d494,28,3,4,,,3,1,,,,,,,,,,,,,,,,,,,,,,,,,,,,,,,,,,,,,,,,,,,,,,,,,,,,,,,,,,,,,,,,,,,,,,,,,,,,,,,,,,,,,,,,,,,,,,,,,,,,,,,,,,,,,,,206,冷却
DRINIT.txt,32,流燐結騎,5,★４以上の冷却属性　×２,★４以上的冷却属性　×２,1d495,32,4,2,,,3,3,,,,,,,,,,,,,,,,,,,,,,,,,,,,,,,,,,,,,,,,,,,,,,,,,,,,,,,,,,,,,,,,,,,,,,,,,,,,,,,,,,,,,,,,,,,,,,,,,,,,,,,,,,,,,,,207,冷却
DRINIT.txt,32,流燐結騎,6,★５の冷却属性　×１,★５的冷却属性　×１,1d496,3c,5,1,,,3,4,,,,,,,,,,,,,,,,,,,,,,,,,,,,,,,,,,,,,,,,,,,,,,,,,,,,,,,,,,,,,,,,,,,,,,,,,,,,,,,,,,,,,,,,,,,,,,,,,,,,,,,,,,,,,,,39,冷却
DRINIT.txt,32,流燐結騎,7,★３以上の冷却属性　×３,★３以上的冷却属性　×３,1d497,46,2,3,,,3,2,,,,,,,,,,,,,,,,,,,,,,,,,,,,,,,,,,,,,,,,,,,,,,,,,,,,,,,,,,,,,,,,,,,,,,,,,,,,,,,,,,,,,,,,,,,,,,,,,,,,,,,,,,,,,,,b2,冷却
DRINIT.txt,32,流燐結騎,8,★２以上の冷却属性　×４,★２以上的冷却属性　×４,1d498,50,,4,,,3,1,,,,,,,,,,,,,,,,,,,,,,,,,,,,,,,,,,,,,,,,,,,,,,,,,,,,,,,,,,,,,,,,,,,,,,,,,,,,,,,,,,,,,,,,,,,,,,,,,,,,,,,,,,,,,,,74,冷却
DRINIT.txt,32,流燐結騎,9,★３以上の冷却属性　×３,★３以上的冷却属性　×３,1d499,5a,8,3,,,3,2,,,,,,,,,,,,,,,,,,,,,,,,,,,,,,,,,,,,,,,,,,,,,,,,,,,,,,,,,,,,,,,,,,,,,,,,,,,,,,,,,,,,,,,,,,,,,,,,,,,,,,,,,,,,,,,75,冷却
DRINIT.txt,32,流燐結騎,a,★４以上の冷却属性　×２,★４以上的冷却属性　×２,1d49a,64,9,2,,,3,3,,,,,,,,,,,,,,,,,,,,,,,,,,,,,,,,,,,,,,,,,,,,,,,,,,,,,,,,,,,,,,,,,,,,,,,,,,,,,,,,,,,,,,,,,,,,,,,,,,,,,,,,,,,,,,,76,冷却
DRINIT.txt,32,流燐結騎,b,物理属性　×３,物理属性　×３,1d49b,6e,,3,,,1,,1,,,,,,,,,,,,,,,,,,,,,,,,,,,,,,,,,,,,,,,,,,,,,,,,,,,,,,,,,,,,,,,,,,,,,,,,,,,,,,,,,,,,,,,,,,,,,,,,,,,,,,,,,,,,,,,物理
DRINIT.txt,32,流燐結騎,c,地脈属性　×５,地脉属性　×５,1d49c,78,,5,,,2,,,1,,,,,,,,,,,,,,,,,,,,,,,,,,,,,,,,,,,,,,,,,,,,,,,,,,,,,,,,,,,,,,,,,,,,,,,,,,,,,,,,,,,,,,,,,,,,,,,,,,,,,,,,,,,,,,地脉
DRINIT.txt,32,流燐結騎,d,地脈属性　×５,地脉属性　×５,1d49d,82,c,5,,,2,,,,,1,,,,,,,,,,,,,,,,,,,,,,,,,,,,,,,,,,,,,,,,,,,,,,,,,,,,,,,,,,,,,,,,,,,,,,,,,,,,,,,,,,,,,,,,,,,,,,,,,,,,,,,,,,,,地脉
DRINIT.txt,32,流燐結騎,e,火炎属性　×３,火炎属性　×３,1d49e,8c,,3,,,4,,,,,,,,,1,,,,,,,,,,,,,,,,,,,,,,,,,,,,,,,,,,,,,,,,,,,,,,,,,,,,,,,,,,,,,,,,,,,,,,,,,,,,,,,,,,,,,,,,,,,,,,,,,,,,,,,,火炎
DRINIT.txt,32,流燐結騎,f,電撃属性　×３,电击属性　×３,1d49f,96,,3,,,5,,,,,,,,,,,,1,,,,,,,,,,,,,,,,,,,,,,,,,,,,,,,,,,,,,,,,,,,,,,,,,,,,,,,,,,,,,,,,,,,,,,,,,,,,,,,,,,,,,,,,,,,,,,,,,,,,,电击
DRINIT.txt,32,流燐結騎,10,神聖属性　×３,神圣属性　×３,1d4a0,a0,,3,,,6,,,,,,,,,,,,,1,,,,,,,,,,,,,,,,,,,,,,,,,,,,,,,,,,,,,,,,,,,,,,,,,,,,,,,,,,,,,,,,,,,,,,,,,,,,,,,,,,,,,,,,,,,,,,,,,,,,神圣
DRINIT.txt,32,流燐結騎,11,暗黒属性　×３,暗黑属性　×３,1d4a1,aa,,3,,,7,,,,,,,,,,,,,,,1,,,,,,,,,,,,,,,,,,,,,,,,,,,,,,,,,,,,,,,,,,,,,,,,,,,,,,,,,,,,,,,,,,,,,,,,,,,,,,,,,,,,,,,,,,,,,,,,,,暗黑
DRINIT.txt,32,流燐結騎,12,★１以上の鬼　×５,★１以上的鬼　×５,1d4a2,b4,,5,4,,,,,,,,,,,,,,,,,,a,,,,,,,,,,,,,,,,,,,,,,,,,,,,,,,,,,,,,,,,,,,,,,,,,,,,,,,,,,,,,,,,,,,,,,,,,,,,,,,,,,,,,,,,,,,,,,,,,
DRINIT.txt,32,流燐結騎,13,★３以上の鬼　×３,★３以上的鬼　×３,1d4a3,be,12,3,4,,,2,,,,,,,,,,,,,,,,f,,,,,,,,,,,,,,,,,,,,,,,,,,,,,,,,,,,,,,,,,,,,,,,,,,,,,,,,,,,,,,,,,,,,,,,,,,,,,,,,,,,,,,,,,,,,,,,,
DRINIT.txt,32,流燐結騎,14,★１以上の精霊　×５,★１以上的精灵　×５,1d4a4,c8,,5,6,,,,,,,,,,,,,,,,,,,,,4,,,,,,,,,,,,,,,,,,,,,,,,,,,,,,,,,,,,,,,,,,,,,,,,,,,,,,,,,,,,,,,,,,,,,,,,,,,,,,,,,,,,,,,,,,,,,,
DRINIT.txt,32,流燐結騎,15,★２以上の精霊　×４,★２以上的精灵　×４,1d4a5,d2,14,4,6,,,1,,,,,,,,,,,,,,,,,,,,8,,,,,,,,,,,,,,,,,,,,,,,,,,,,,,,,,,,,,,,,,,,,,,,,,,,,,,,,,,,,,,,,,,,,,,,,,,,,,,,,,,,,,,,,,,,,
DRINIT.txt,32,流燐結騎,16,★３以上の精霊　×３,★３以上的精灵　×３,1d4a6,dc,15,3,6,,,2,,,,,,,,,,,,,,,,,,,,,,c,,,,,,,,,,,,,,,,,,,,,,,,,,,,,,,,,,,,,,,,,,,,,,,,,,,,,,,,,,,,,,,,,,,,,,,,,,,,,,,,,,,,,,,,,,
DRINIT.txt,32,流燐結騎,17,★４以上の精霊　×２,★４以上的精灵　×２,1d4a7,e6,16,2,6,,,3,,,,,,,,,,,,,,,,,,,,,,,14,,,,,,,,,,,,,,,,,,,,,,,,,,,,,,,,,,,,,,,,,,,,,,,,,,,,,,,,,,,,,,,,,,,,,,,,,,,,,,,,,,,,,,,,,
DRINIT.txt,32,流燐結騎,18,★２以上の亜人　×４,★２以上的亚人　×４,1d4a8,f0,,4,2,,,1,,,,,,,,,,,,,,,,,,,,,,,,,,5,,,,,,,,,,,,,,,,,,,,,,,,,,,,,,,,,,,,,,,,,,,,,,,,,,,,,,,,,,,,,,,,,,,,,,,,,,,,,,,,,,,,,,
DRINIT.txt,32,流燐結騎,19,★３以上の亜人　×３,★３以上的亚人　×３,1d4a9,fa,18,3,2,,,2,,,,,,,,,,,,,,,,,,,,,,,,,,,a,,,,,,,,,,,,,,,,,,,,,,,,,,,,,,,,,,,,,,,,,,,,,,,,,,,,,,,,,,,,,,,,,,,,,,,,,,,,,,,,,,,,,
DRINIT.txt,32,流燐結騎,1a,★１以上の不死　×５,★１以上的不死　×５,1d4aa,104,,5,c,,,,,,,,,,,,,,,,,,,,,,,,,,,,,,3,,,,,,,,,,,,,,,,,,,,,,,,,,,,,,,,,,,,,,,,,,,,,,,,,,,,,,,,,,,,,,,,,,,,,,,,,,,,,,,,,,,,,
DRINIT.txt,32,流燐結騎,1b,★２以上の不死　×４,★２以上的不死　×４,1d4ab,10e,1a,4,c,,,1,,,,,,,,,,,,,,,,,,,,,,,,,,,,,6,,,,,,,,,,,,,,,,,,,,,,,,,,,,,,,,,,,,,,,,,,,,,,,,,,,,,,,,,,,,,,,,,,,,,,,,,,,,,,,,,,,
DRINIT.txt,32,流燐結騎,1c,★３以上の不死　×３,★３以上的不死　×３,1d4ac,118,1b,3,c,,,2,,,,,,,,,,,,,,,,,,,,,,,,,,,,,,,,9,,,,,,,,,,,,,,,,,,,,,,,,,,,,,,,,,,,,,,,,,,,,,,,,,,,,,,,,,,,,,,,,,,,,,,,,,,,,,,,,
DRINIT.txt,32,流燐結騎,1d,★３以上の悪魔　×１,★３以上的恶魔　×１,1d4ad,122,,1,8,,,2,,,,,,,,,,,,,,,,,,,,,,,,,,,,,,,,,,,,5,,,,,,,,,,,,,,,,,,,,,,,,,,,,,,,,,,,,,,,,,,,,,,,,,,,,,,,,,,,,,,,,,,,,,,,,,,,,
DRINIT.txt,32,流燐結騎,1e,★３以上の悪魔　×２,★３以上的恶魔　×２,1d4ae,12c,1d,2,8,,,2,,,,,,,,,,,,,,,,,,,,,,,,,,,,,,,,,,,,,,5,,,,,,,,,,,,,,,,,,,,,,,,,,,,,,,,,,,,,,,,,,,,,,,,,,,,,,,,,,,,,,,,,,,,,,,,,,
DRINIT.txt,32,流燐結騎,1f,★１以上の巨人　×５,★１以上的巨人　×５,1d4af,136,,5,5,,,,,,,,,,,,,,,,,,,,,,,,,,,,,,,,,,,,,,,,,,,,8,,,,,,,,,,,,,,,,,,,,,,,,,,,,,,,,,,,,,,,,,,,,,,,,,,,,,,,,,,,,,,,,,,,,,,,
DRINIT.txt,32,流燐結騎,20,★３以上の巨人　×３,★３以上的巨人　×３,1d4b0,140,1f,3,5,,,2,,,,,,,,,,,,,,,,,,,,,,,,,,,,,,,,,,,,,,,,,,,c,,,,,,,,,,,,,,,,,,,,,,,,,,,,,,,,,,,,,,,,,,,,,,,,,,,,,,,,,,,,,,,,,,,,,
DRINIT.txt,32,流燐結騎,21,★１以上の創造　×５,★１以上的创造　×５,1d4b1,14a,,5,d,,,,,,,,,,,,,,,,,,,,,,,,,,,,,,,,,,,,,,,,,,,,,,,,,3,,,,,,,,,,,,,,,,,,,,,,,,,,,,,,,,,,,,,,,,,,,,,,,,,,,,,,,,,,,,,,,,,,
DRINIT.txt,32,流燐結騎,22,★２以上の創造　×４,★２以上的创造　×４,1d4b2,154,21,4,d,,,1,,,,,,,,,,,,,,,,,,,,,,,,,,,,,,,,,,,,,,,,,,,,,,,,5,,,,,,,,,,,,,,,,,,,,,,,,,,,,,,,,,,,,,,,,,,,,,,,,,,,,,,,,,,,,,,,,
DRINIT.txt,32,流燐結騎,23,★３以上の創造　×３,★３以上的创造　×３,1d4b3,15e,22,3,d,,,2,,,,,,,,,,,,,,,,,,,,,,,,,,,,,,,,,,,,,,,,,,,,,,,,,,7,,,,,,,,,,,,,,,,,,,,,,,,,,,,,,,,,,,,,,,,,,,,,,,,,,,,,,,,,,,,,,
DRINIT.txt,32,流燐結騎,24,★４以上の創造　×２,★４以上的创造　×２,1d4b4,168,23,2,d,,,3,,,,,,,,,,,,,,,,,,,,,,,,,,,,,,,,,,,,,,,,,,,,,,,,,,,,9,,,,,,,,,,,,,,,,,,,,,,,,,,,,,,,,,,,,,,,,,,,,,,,,,,,,,,,,,,,,
DRINIT.txt,32,流燐結騎,25,★２以上の霊体　×４,★２以上的灵体　×４,1d4b5,172,,4,b,,,1,,,,,,,,,,,,,,,,,,,,,,,,,,,,,,,,,,,,,,,,,,,,,,,,,,,,,,,8,,,,,,,,,,,,,,,,,,,,,,,,,,,,,,,,,,,,,,,,,,,,,,,,,,,,,,,,,
DRINIT.txt,32,流燐結騎,26,★３以上の霊体　×３,★３以上的灵体　×３,1d4b6,17c,25,3,b,,,2,,,,,,,,,,,,,,,,,,,,,,,,,,,,,,,,,,,,,,,,,,,,,,,,,,,,,,,,,c,,,,,,,,,,,,,,,,,,,,,,,,,,,,,,,,,,,,,,,,,,,,,,,,,,,,,,,
DRINIT.txt,32,流燐結騎,27,★１以上の天使　×５,★１以上的天使　×５,1d4b7,186,,5,7,,,,,,,,,,,,,,,,,,,,,,,,,,,,,,,,,,,,,,,,,,,,,,,,,,,,,,,,,,,,,,,3,,,,,,,,,,,,,,,,,,,,,,,,,,,,,,,,,,,,,,,,,,,,,,,,,,,,
DRINIT.txt,32,流燐結騎,28,★２以上の天使　×４,★２以上的天使　×４,1d4b8,190,27,4,7,,,1,,,,,,,,,,,,,,,,,,,,,,,,,,,,,,,,,,,,,,,,,,,,,,,,,,,,,,,,,,,,,6,,,,,,,,,,,,,,,,,,,,,,,,,,,,,,,,,,,,,,,,,,,,,,,,,,,
DRINIT.txt,32,流燐結騎,29,★３以上の天使　×３,★３以上的天使　×３,1d4b9,19a,28,3,7,,,2,,,,,,,,,,,,,,,,,,,,,,,,,,,,,,,,,,,,,,,,,,,,,,,,,,,,,,,,,,,,,,,9,,,,,,,,,,,,,,,,,,,,,,,,,,,,,,,,,,,,,,,,,,,,,,,,,
DRINIT.txt,32,流燐結騎,2a,★４以上の天使　×２,★４以上的天使　×２,1d4ba,1a4,29,2,7,,,3,,,,,,,,,,,,,,,,,,,,,,,,,,,,,,,,,,,,,,,,,,,,,,,,,,,,,,,,,,,,,,,,,c,,,,,,,,,,,,,,,,,,,,,,,,,,,,,,,,,,,,,,,,,,,,,,,
DRINIT.txt,32,流燐結騎,2b,★１以上の魔獣　×５,★１以上的魔兽　×５,1d4bb,1ae,,5,9,,,,,,,,,,,,,,,,,,,,,,,,,,,,,,,,,,,,,,,,,,,,,,,,,,,,,,,,,,,,,,,,,,,,,,3,,,,,,,,,,,,,,,,,,,,,,,,,,,,,,,,,,,,,,,,,,,,,
DRINIT.txt,32,流燐結騎,2c,★２以上の魔獣　×４,★２以上的魔兽　×４,1d4bc,1b8,2b,4,9,,,1,,,,,,,,,,,,,,,,,,,,,,,,,,,,,,,,,,,,,,,,,,,,,,,,,,,,,,,,,,,,,,,,,,,,,3,,,,,,,,,,,,,,,,,,,,,,,,,,,,,,,,,,,,,,,,,,,
DRINIT.txt,32,流燐結騎,2d,★３以上の魔獣　×３,★３以上的魔兽　×３,1d4bd,1c2,2c,3,9,,,2,,,,,,,,,,,,,,,,,,,,,,,,,,,,,,,,,,,,,,,,,,,,,,,,,,,,,,,,,,,,,,,,,,,,,,,3,,,,,,,,,,,,,,,,,,,,,,,,,,,,,,,,,,,,,,,,,
DRINIT.txt,32,流燐結騎,2e,★４以上の魔獣　×２,★４以上的魔兽　×２,1d4be,1cc,2d,2,9,,,3,,,,,,,,,,,,,,,,,,,,,,,,,,,,,,,,,,,,,,,,,,,,,,,,,,,,,,,,,,,,,,,,,,,,,,,,,6,,,,,,,,,,,,,,,,,,,,,,,,,,,,,,,,,,,,,,,
DRINIT.txt,32,流燐結騎,2f,★３以上の幻獣　×３,★３以上的幻兽　×３,1d4bf,1d6,,3,a,,,2,,,,,,,,,,,,,,,,,,,,,,,,,,,,,,,,,,,,,,,,,,,,,,,,,,,,,,,,,,,,,,,,,,,,,,,,,,,,2,,,,,,,,,,,,,,,,,,,,,,,,,,,,,,,,,,,,
DRINIT.txt,32,流燐結騎,30,★５　×１,,1d4c0,1e0,2,1,,,,4,,,,,,,,,,,,,,,,,,,,,,,,,,,,,,,,,,,,,,,,,,,,,,,,,,,,,,,,,,,,,,,,,,,,,,,,,,,,,,1,,,,,,,,,,,,,,,,,,,,,,,,,,,,,,,,,,
DRINIT.txt,32,流燐結騎,31,★１以上の一般　×５,★１以上的一般　×５,1d4c1,1ea,,5,3,,,,,,,,,,,,,,,,,,,,,,,,,,,,,,,,,,,,,,,,,,,,,,,,,,,,,,,,,,,,,,,,,,,,,,,,,,,,,,,,,,,a,,,,,,,,,,,,,,,,,,,,,,,,,,,,,,,,
DRINIT.txt,32,流燐結騎,32,★４以上の一般　×２,★４以上的一般　×２,1d4c2,1f4,36,2,3,,,3,,,,,,,,,,,,,,,,,,,,,,,,,,,,,,,,,,,,,,,,,,,,,,,,,,,,,,,,,,,,,,,,,,,,,,,,,,,,,,,,,28,,,,,,,,,,,,,,,,,,,,,,,,,,,,,,,
DRINIT.txt,32,流燐結騎,33,★１以上　×３,,1d4c3,5,,3,,,,,,,,,,,,,,,,,,,,,,,,,,,,,,,,,,,,,,,,,,,,,,,,,,,,,,,,,,,,,,,,,,,,,,,,,,,,,,,,,,,,,,,,,,,,,,,,,,,,,,,,,,,,,,,,,,,15f,
DRINIT.txt,32,流燐結騎,34,★４以上の冷却属性　×５,★４以上的冷却属性　×５,1d4c4,208,5,5,,,3,3,,,,,,,,,,,,,,,,,,,,,,,,,,,,,,,,,,,,,,,,,,,,,,,,,,,,,,,,,,,,,,,,,,,,,,,,,,,,,,,,,,,,,,,,,,,,,,,,,,,,,,,,,,,,,,,28f,冷却
DRINIT.txt,32,流燐結騎,35,★２以上の一般　×４,★２以上的一般　×４,1d4c5,1ed,31,4,3,,,1,,,,,,,,,,,,,,,,,,,,,,,,,,,,,,,,,,,,,,,,,,,,,,,,,,,,,,,,,,,,,,,,,,,,,,,,,,,,,,,,,,,,14,,,,,,,,,,,,,,,,,,,,,,,,,,,,
DRINIT.txt,32,流燐結騎,36,★３以上の一般　×３,★３以上的一般　×３,1d4c6,1f0,35,3,3,,,2,,,,,,,,,,,,,,,,,,,,,,,,,,,,,,,,,,,,,,,,,,,,,,,,,,,,,,,,,,,,,,,,,,,,,,,,,,,,,,,,,,,,,,1e,,,,,,,,,,,,,,,,,,,,,,,,,,
$3$DRINIT.txt,32,流燐結騎,37,★２以上の鬼　×２,★２以上的鬼　×２,1d4c7,226,13,2,4,,,1,,,,,,,,,,,,,,,,,,,,,,,,,,,,,,,,,,,,,,,,,,,,,,,,,,,,,,,,,,,,,,,,,,,,,,,,,,,,,,,,,,,,,,,a,,,,,,,,,,,,,,,,,,,,,,,,,
$3$DRINIT.txt,32,流燐結騎,38,★３以上の鬼　×４,★３以上的鬼　×４,1d4c8,230,37,4,4,,,2,,,,,,,,,,,,,,,,,,,,,,,,,,,,,,,,,,,,,,,,,,,,,,,,,,,,,,,,,,,,,,,,,,,,,,,,,,,,,,,,,,,,,,,,f,,,,,,,,,,,,,,,,,,,,,,,,
$3$DRINIT.txt,32,流燐結騎,39,★４以上の鬼　×６,★４以上的鬼　×６,1d4c9,23a,38,6,4,,,3,,,,,,,,,,,,,,,,,,,,,,,,,,,,,,,,,,,,,,,,,,,,,,,,,,,,,,,,,,,,,,,,,,,,,,,,,,,,,,,,,,,,,,,,,,,,1e,,,,,,,,,,,,,,,,,,,,
$3$DRINIT.txt,32,流燐結騎,3a,★３以上の不死　×４,★３以上的不死　×４,1d4ca,244,1c,4,c,,,2,,,,,,,,,,,,,,,,,,,,,,,,,,,,,,,,,,,,,,,,,,,,,,,,,,,,,,,,,,,,,,,,,,,,,,,,,,,,,,,,,,,,,,,,,,,,,14,,,,,,,,,,,,,,,,,,,
$3$DRINIT.txt,32,流燐結騎,3b,★４以上の悪魔　×４,★４以上的恶魔　×４,1d4cb,24e,1e,4,8,,,3,,,,,,,,,,,,,,,,,,,,,,,,,,,,,,,,,,,,,,,,,,,,,,,,,,,,,,,,,,,,,,,,,,,,,,,,,,,,,,,,,,,,,,,,,,,,,,,,14,,,,,,,,,,,,,,,,
$3$DRINIT.txt,32,流燐結騎,3c,★１以上の巨人　×４,★１以上的巨人　×４,1d4cc,258,20,4,5,,,,,,,,,,,,,,,,,,,,,,,,,,,,,,,,,,,,,,,,,,,,,,,,,,,,,,,,,,,,,,,,,,,,,,,,,,,,,,,,,,,,,,,,,,,,,,,,,,,,,5,,,,,,,,,,,,,,
$3$DRINIT.txt,32,流燐結騎,3d,★３以上の巨人　×６,★３以上的巨人　×６,1d4cd,262,3c,6,5,,,2,,,,,,,,,,,,,,,,,,,,,,,,,,,,,,,,,,,,,,,,,,,,,,,,,,,,,,,,,,,,,,,,,,,,,,,,,,,,,,,,,,,,,,,,,,,,,,,,,,,a,,,,,,,,,,,,,
$3$DRINIT.txt,32,流燐結騎,3e,★１以上の創造　×４,★１以上的创造　×４,1d4ce,26c,24,4,d,,,,,,,,,,,,,,,,,,,,,,,,,,,,,,,,,,,,,,,,,,,,,,,,,,,,,,,,,,,,,,,,,,,,,,,,,,,,,,,,,,,,,,,,,,,,,,,,,,,,,,,3,,,,,,,,,,,,
$3$DRINIT.txt,32,流燐結騎,3f,★４以上の創造　×６,★４以上的创造　×６,1d4cf,276,3e,6,d,,,3,,,,,,,,,,,,,,,,,,,,,,,,,,,,,,,,,,,,,,,,,,,,,,,,,,,,,,,,,,,,,,,,,,,,,,,,,,,,,,,,,,,,,,,,,,,,,,,,,,,,,6,,,,,,,,,,,
$3$DRINIT.txt,32,流燐結騎,40,★１以上の霊体　×４,★１以上的灵体　×４,1d4d0,280,26,4,b,,,,,,,,,,,,,,,,,,,,,,,,,,,,,,,,,,,,,,,,,,,,,,,,,,,,,,,,,,,,,,,,,,,,,,,,,,,,,,,,,,,,,,,,,,,,,,,,,,,,,,,,,5,,,,,,,,,,
$3$DRINIT.txt,32,流燐結騎,41,★４以上の霊体　×６,★４以上的灵体　×６,1d4d1,28a,40,6,b,,,3,,,,,,,,,,,,,,,,,,,,,,,,,,,,,,,,,,,,,,,,,,,,,,,,,,,,,,,,,,,,,,,,,,,,,,,,,,,,,,,,,,,,,,,,,,,,,,,,,,,,,,,a,,,,,,,,,
$3$DRINIT.txt,32,流燐結騎,42,★１以上の天使　×４,★１以上的天使　×４,1d4d2,294,2a,4,7,,,,,,,,,,,,,,,,,,,,,,,,,,,,,,,,,,,,,,,,,,,,,,,,,,,,,,,,,,,,,,,,,,,,,,,,,,,,,,,,,,,,,,,,,,,,,,,,,,,,,,,,,,,3,,,,,,,,
$3$DRINIT.txt,32,流燐結騎,43,★４以上の天使　×６,★４以上的天使　×６,1d4d3,29e,42,6,7,,,3,,,,,,,,,,,,,,,,,,,,,,,,,,,,,,,,,,,,,,,,,,,,,,,,,,,,,,,,,,,,,,,,,,,,,,,,,,,,,,,,,,,,,,,,,,,,,,,,,,,,,,,,,6,,,,,,,
$3$DRINIT.txt,32,流燐結騎,44,★１以上の魔獣　×４,★１以上的魔兽　×４,1d4d4,2a8,2e,4,9,,,,,,,,,,,,,,,,,,,,,,,,,,,,,,,,,,,,,,,,,,,,,,,,,,,,,,,,,,,,,,,,,,,,,,,,,,,,,,,,,,,,,,,,,,,,,,,,,,,,,,,,,,,,,3,,,,,,
$3$DRINIT.txt,32,流燐結騎,45,★４以上の魔獣　×６,★４以上的魔兽　×６,1d4d5,2b2,44,6,9,,,3,,,,,,,,,,,,,,,,,,,,,,,,,,,,,,,,,,,,,,,,,,,,,,,,,,,,,,,,,,,,,,,,,,,,,,,,,,,,,,,,,,,,,,,,,,,,,,,,,,,,,,,,,,,6,,,,,
$3$DRINIT.txt,32,流燐結騎,46,★１以上の幻獣　×４,★１以上的幻兽　×４,1d4d6,2bc,2f,4,a,,,,,,,,,,,,,,,,,,,,,,,,,,,,,,,,,,,,,,,,,,,,,,,,,,,,,,,,,,,,,,,,,,,,,,,,,,,,,,,,,,,,,,,,,,,,,,,,,,,,,,,,,,,,,,,3,,,,
$3$DRINIT.txt,32,流燐結騎,47,★３以上の幻獣　×６,★３以上的幻兽　×６,1d4d7,2c6,46,6,a,,,2,,,,,,,,,,,,,,,,,,,,,,,,,,,,,,,,,,,,,,,,,,,,,,,,,,,,,,,,,,,,,,,,,,,,,,,,,,,,,,,,,,,,,,,,,,,,,,,,,,,,,,,,,,,,,3,,,
$3$DRINIT.txt,32,流燐結騎,48,★５　×１０,,1d4d8,2d0,30,a,,,,4,,,,,,,,,,,,,,,,,,,,,,,,,,,,,,,,,,,,,,,,,,,,,,,,,,,,,,,,,,,,,,,,,,,,,,,,,,,,,,,,,,,,,,,,,,,,,,,,,,,,,,,,,,,,,,1,,
$3$DRINIT.txt,32,流燐結騎,49,★４以上の冷却属性　×５,★４以上的冷却属性　×５,1d4d9,2da,2,5,,,3,3,,,,,,,,,,,,,,,,,,,,,,,,,,,,,,,,,,,,,,,,,,,,,,,,,,,,,,,,,,,,,,,,,,,,,,,,,,,,,,,,,,,,,,,,,,,,,,,,,,,,,,,,,,,,,,,160,冷却
$3$DRINIT.txt,32,流燐結騎,4a,★１以上の冷却属性　×２,★１以上的冷却属性　×２,1d4da,2e4,,2,,,3,,,,,,,,,,,,,,,,,,,,,,,,,,,,,,,,,,,,,,,,,,,,,,,,,,,,,,,,,,,,,,,,,,,,,,,,,,,,,,,,,,,,,,,,,,,,,,,,,,,,,,,,,,,,,,,,b5,冷却
$3$DRINIT.txt,32,流燐結騎,4b,★３以上の冷却属性　×４,★３以上的冷却属性　×４,1d4db,2ee,4a,4,,,3,2,,,,,,,,,,,,,,,,,,,,,,,,,,,,,,,,,,,,,,,,,,,,,,,,,,,,,,,,,,,,,,,,,,,,,,,,,,,,,,,,,,,,,,,,,,,,,,,,,,,,,,,,,,,,,,,b6,冷却
$3$DRINIT.txt,32,流燐結騎,4c,★４以上の冷却属性　×８,★４以上的冷却属性　×８,1d4dc,2f8,4b,8,,,3,3,,,,,,,,,,,,,,,,,,,,,,,,,,,,,,,,,,,,,,,,,,,,,,,,,,,,,,,,,,,,,,,,,,,,,,,,,,,,,,,,,,,,,,,,,,,,,,,,,,,,,,,,,,,,,,,b7,冷却
$3$DRINIT.txt,32,流燐結騎,4d,★３以上の冷却属性　×４,★３以上的冷却属性　×４,1d4dd,302,,4,,,3,2,,,,,,,,,,,,,,,,,,,,,,,,,,,,,,,,,,,,,,,,,,,,,,,,,,,,,,,,,,,,,,,,,,,,,,,,,,,,,,,,,,,,,,,,,,,,,,,,,,,,,,,,,,,,,,,a2,冷却
$3$DRINIT.txt,32,流燐結騎,4e,★４以上の冷却属性　×８,★４以上的冷却属性　×８,1d4de,30c,4d,8,,,3,3,,,,,,,,,,,,,,,,,,,,,,,,,,,,,,,,,,,,,,,,,,,,,,,,,,,,,,,,,,,,,,,,,,,,,,,,,,,,,,,,,,,,,,,,,,,,,,,,,,,,,,,,,,,,,,,a3,冷却
$3$DRINIT.txt,32,流燐結騎,4f,★３以上の冷却属性　×４,★３以上的冷却属性　×４,1d4df,316,,4,,,3,2,,,,,,,,,,,,,,,,,,,,,,,,,,,,,,,,,,,,,,,,,,,,,,,,,,,,,,,,,,,,,,,,,,,,,,,,,,,,,,,,,,,,,,,,,,,,,,,,,,,,,,,,,,,,,,,89,冷却
$3$DRINIT.txt,32,流燐結騎,50,★４以上の冷却属性　×８,★４以上的冷却属性　×８,1d4e0,320,4f,8,,,3,3,,,,,,,,,,,,,,,,,,,,,,,,,,,,,,,,,,,,,,,,,,,,,,,,,,,,,,,,,,,,,,,,,,,,,,,,,,,,,,,,,,,,,,,,,,,,,,,,,,,,,,,,,,,,,,,8a,冷却
DRINIT.txt,33,溶燐結騎,1,★１以上の火炎属性　×５,★１以上的火炎属性　×５,1d491,a,,5,,,4,,,,,,,,,,,,,,,,,,,,,,,,,,,,,,,,,,,,,,,,,,,,,,,,,,,,,,,,,,,,,,,,,,,,,,,,,,,,,,,,,,,,,,,,,,,,,,,,,,,,,,,,,,,,,,,,14a,火炎
DRINIT.txt,33,溶燐結騎,2,★４以上の火炎属性　×２,★４以上的火炎属性　×２,1d492,14,1,2,,,4,3,,,,,,,,,,,,,,,,,,,,,,,,,,,,,,,,,,,,,,,,,,,,,,,,,,,,,,,,,,,,,,,,,,,,,,,,,,,,,,,,,,,,,,,,,,,,,,,,,,,,,,,,,,,,,,,14b,火炎
DRINIT.txt,33,溶燐結騎,3,★１以上の火炎属性　×５,★１以上的火炎属性　×５,1d493,1e,,5,,,4,,,,,,,,,,,,,,,,,,,,,,,,,,,,,,,,,,,,,,,,,,,,,,,,,,,,,,,,,,,,,,,,,,,,,,,,,,,,,,,,,,,,,,,,,,,,,,,,,,,,,,,,,,,,,,,,20a,火炎
DRINIT.txt,33,溶燐結騎,4,★２以上の火炎属性　×４,★２以上的火炎属性　×４,1d494,28,3,4,,,4,1,,,,,,,,,,,,,,,,,,,,,,,,,,,,,,,,,,,,,,,,,,,,,,,,,,,,,,,,,,,,,,,,,,,,,,,,,,,,,,,,,,,,,,,,,,,,,,,,,,,,,,,,,,,,,,,20b,火炎
DRINIT.txt,33,溶燐結騎,5,★３以上の火炎属性　×３,★３以上的火炎属性　×３,1d495,32,4,3,,,4,2,,,,,,,,,,,,,,,,,,,,,,,,,,,,,,,,,,,,,,,,,,,,,,,,,,,,,,,,,,,,,,,,,,,,,,,,,,,,,,,,,,,,,,,,,,,,,,,,,,,,,,,,,,,,,,,20c,火炎
DRINIT.txt,33,溶燐結騎,6,★５の火炎属性　×１,★５的火炎属性　×１,1d496,3c,2,1,,,4,4,,,,,,,,,,,,,,,,,,,,,,,,,,,,,,,,,,,,,,,,,,,,,,,,,,,,,,,,,,,,,,,,,,,,,,,,,,,,,,,,,,,,,,,,,,,,,,,,,,,,,,,,,,,,,,,39,火炎
DRINIT.txt,33,溶燐結騎,7,★３以上の火炎属性　×３,★３以上的火炎属性　×３,1d497,46,2,3,,,4,2,,,,,,,,,,,,,,,,,,,,,,,,,,,,,,,,,,,,,,,,,,,,,,,,,,,,,,,,,,,,,,,,,,,,,,,,,,,,,,,,,,,,,,,,,,,,,,,,,,,,,,,,,,,,,,,b7,火炎
DRINIT.txt,33,溶燐結騎,8,★２以上の火炎属性　×４,★２以上的火炎属性　×４,1d498,50,,4,,,4,1,,,,,,,,,,,,,,,,,,,,,,,,,,,,,,,,,,,,,,,,,,,,,,,,,,,,,,,,,,,,,,,,,,,,,,,,,,,,,,,,,,,,,,,,,,,,,,,,,,,,,,,,,,,,,,,ab,火炎
DRINIT.txt,33,溶燐結騎,9,★３以上の火炎属性　×３,★３以上的火炎属性　×３,1d499,5a,8,3,,,4,2,,,,,,,,,,,,,,,,,,,,,,,,,,,,,,,,,,,,,,,,,,,,,,,,,,,,,,,,,,,,,,,,,,,,,,,,,,,,,,,,,,,,,,,,,,,,,,,,,,,,,,,,,,,,,,,ac,火炎
DRINIT.txt,33,溶燐結騎,a,★４以上の火炎属性　×２,★４以上的火炎属性　×２,1d49a,64,9,2,,,4,3,,,,,,,,,,,,,,,,,,,,,,,,,,,,,,,,,,,,,,,,,,,,,,,,,,,,,,,,,,,,,,,,,,,,,,,,,,,,,,,,,,,,,,,,,,,,,,,,,,,,,,,,,,,,,,,ad,火炎
DRINIT.txt,33,溶燐結騎,b,物理属性　×３,物理属性　×３,1d49b,6e,,3,,,1,,1,,,,,,,,,,,,,,,,,,,,,,,,,,,,,,,,,,,,,,,,,,,,,,,,,,,,,,,,,,,,,,,,,,,,,,,,,,,,,,,,,,,,,,,,,,,,,,,,,,,,,,,,,,,,,,,物理
DRINIT.txt,33,溶燐結騎,c,地脈属性　×３,地脉属性　×３,1d49c,78,,3,,,2,,,1,,,,,,,,,,,,,,,,,,,,,,,,,,,,,,,,,,,,,,,,,,,,,,,,,,,,,,,,,,,,,,,,,,,,,,,,,,,,,,,,,,,,,,,,,,,,,,,,,,,,,,,,,,,,,,地脉
DRINIT.txt,33,溶燐結騎,d,冷却属性　×５,冷却属性　×５,1d49d,82,,5,,,3,,,,,,1,,,,,,,,,,,,,,,,,,,,,,,,,,,,,,,,,,,,,,,,,,,,,,,,,,,,,,,,,,,,,,,,,,,,,,,,,,,,,,,,,,,,,,,,,,,,,,,,,,,,,,,,,,,冷却
DRINIT.txt,33,溶燐結騎,e,冷却属性　×５,冷却属性　×５,1d49e,8c,d,5,,,3,,,,,,,,1,,,,,,,,,,,,,,,,,,,,,,,,,,,,,,,,,,,,,,,,,,,,,,,,,,,,,,,,,,,,,,,,,,,,,,,,,,,,,,,,,,,,,,,,,,,,,,,,,,,,,,,,,冷却
DRINIT.txt,33,溶燐結騎,f,電撃属性　×３,电击属性　×３,1d49f,96,,3,,,5,,,,,,,,,,,,1,,,,,,,,,,,,,,,,,,,,,,,,,,,,,,,,,,,,,,,,,,,,,,,,,,,,,,,,,,,,,,,,,,,,,,,,,,,,,,,,,,,,,,,,,,,,,,,,,,,,,电击
DRINIT.txt,33,溶燐結騎,10,神聖属性　×３,神圣属性　×３,1d4a0,a0,,3,,,6,,,,,,,,,,,,,1,,,,,,,,,,,,,,,,,,,,,,,,,,,,,,,,,,,,,,,,,,,,,,,,,,,,,,,,,,,,,,,,,,,,,,,,,,,,,,,,,,,,,,,,,,,,,,,,,,,,神圣
DRINIT.txt,33,溶燐結騎,11,暗黒属性　×３,暗黑属性　×３,1d4a1,aa,,3,,,7,,,,,,,,,,,,,,,1,,,,,,,,,,,,,,,,,,,,,,,,,,,,,,,,,,,,,,,,,,,,,,,,,,,,,,,,,,,,,,,,,,,,,,,,,,,,,,,,,,,,,,,,,,,,,,,,,,暗黑
DRINIT.txt,33,溶燐結騎,12,★１以上の鬼　×５,★１以上的鬼　×５,1d4a2,b4,,5,4,,,,,,,,,,,,,,,,,,4,,,,,,,,,,,,,,,,,,,,,,,,,,,,,,,,,,,,,,,,,,,,,,,,,,,,,,,,,,,,,,,,,,,,,,,,,,,,,,,,,,,,,,,,,,,,,,,,,
DRINIT.txt,33,溶燐結騎,13,★２以上の鬼　×４,★２以上的鬼　×４,1d4a3,be,12,4,4,,,1,,,,,,,,,,,,,,,,8,,,,,,,,,,,,,,,,,,,,,,,,,,,,,,,,,,,,,,,,,,,,,,,,,,,,,,,,,,,,,,,,,,,,,,,,,,,,,,,,,,,,,,,,,,,,,,,,
DRINIT.txt,33,溶燐結騎,14,★３以上の鬼　×３,★３以上的鬼　×３,1d4a4,c8,13,3,4,,,2,,,,,,,,,,,,,,,,,c,,,,,,,,,,,,,,,,,,,,,,,,,,,,,,,,,,,,,,,,,,,,,,,,,,,,,,,,,,,,,,,,,,,,,,,,,,,,,,,,,,,,,,,,,,,,,,,
DRINIT.txt,33,溶燐結騎,15,★４以上の鬼　×２,★４以上的鬼　×２,1d4a5,d2,14,2,4,,,3,,,,,,,,,,,,,,,,,,,10,,,,,,,,,,,,,,,,,,,,,,,,,,,,,,,,,,,,,,,,,,,,,,,,,,,,,,,,,,,,,,,,,,,,,,,,,,,,,,,,,,,,,,,,,,,,,
DRINIT.txt,33,溶燐結騎,16,★２以上の精霊　×４,★２以上的精灵　×４,1d4a6,dc,,4,6,,,1,,,,,,,,,,,,,,,,,,,,,,a,,,,,,,,,,,,,,,,,,,,,,,,,,,,,,,,,,,,,,,,,,,,,,,,,,,,,,,,,,,,,,,,,,,,,,,,,,,,,,,,,,,,,,,,,,
DRINIT.txt,33,溶燐結騎,17,★１以上の亜人　×５,★１以上的亚人　×５,1d4a7,e6,,5,2,,,,,,,,,,,,,,,,,,,,,,,,,,,4,,,,,,,,,,,,,,,,,,,,,,,,,,,,,,,,,,,,,,,,,,,,,,,,,,,,,,,,,,,,,,,,,,,,,,,,,,,,,,,,,,,,,,,,
DRINIT.txt,33,溶燐結騎,18,★２以上の亜人　×４,★２以上的亚人　×４,1d4a8,f0,17,4,2,,,1,,,,,,,,,,,,,,,,,,,,,,,,,,8,,,,,,,,,,,,,,,,,,,,,,,,,,,,,,,,,,,,,,,,,,,,,,,,,,,,,,,,,,,,,,,,,,,,,,,,,,,,,,,,,,,,,,
DRINIT.txt,33,溶燐結騎,19,★３以上の亜人　×３,★３以上的亚人　×３,1d4a9,fa,18,3,2,,,2,,,,,,,,,,,,,,,,,,,,,,,,,,,c,,,,,,,,,,,,,,,,,,,,,,,,,,,,,,,,,,,,,,,,,,,,,,,,,,,,,,,,,,,,,,,,,,,,,,,,,,,,,,,,,,,,,
DRINIT.txt,33,溶燐結騎,1a,★４以上の亜人　×２,★４以上的亚人　×２,1d4aa,104,19,2,2,,,3,,,,,,,,,,,,,,,,,,,,,,,,,,,,,10,,,,,,,,,,,,,,,,,,,,,,,,,,,,,,,,,,,,,,,,,,,,,,,,,,,,,,,,,,,,,,,,,,,,,,,,,,,,,,,,,,,
DRINIT.txt,33,溶燐結騎,1b,★１以上の不死　×５,★１以上的不死　×５,1d4ab,10e,,5,c,,,,,,,,,,,,,,,,,,,,,,,,,,,,,,,,5,,,,,,,,,,,,,,,,,,,,,,,,,,,,,,,,,,,,,,,,,,,,,,,,,,,,,,,,,,,,,,,,,,,,,,,,,,,,,,,,,,,
DRINIT.txt,33,溶燐結騎,1c,★２以上の不死　×４,★２以上的不死　×４,1d4ac,118,1b,4,c,,,1,,,,,,,,,,,,,,,,,,,,,,,,,,,,,,,,a,,,,,,,,,,,,,,,,,,,,,,,,,,,,,,,,,,,,,,,,,,,,,,,,,,,,,,,,,,,,,,,,,,,,,,,,,,,,,,,,
DRINIT.txt,33,溶燐結騎,1d,★３以上の不死　×３,★３以上的不死　×３,1d4ad,122,1c,3,c,,,2,,,,,,,,,,,,,,,,,,,,,,,,,,,,,,,,,,,f,,,,,,,,,,,,,,,,,,,,,,,,,,,,,,,,,,,,,,,,,,,,,,,,,,,,,,,,,,,,,,,,,,,,,,,,,,,,,
DRINIT.txt,33,溶燐結騎,1e,★１以上の巨人　×５,★１以上的巨人　×５,1d4ae,12c,,5,5,,,,,,,,,,,,,,,,,,,,,,,,,,,,,,,,,,,,,,,,,,4,,,,,,,,,,,,,,,,,,,,,,,,,,,,,,,,,,,,,,,,,,,,,,,,,,,,,,,,,,,,,,,,,,,,,,,,,
DRINIT.txt,33,溶燐結騎,1f,★２以上の巨人　×４,★２以上的巨人　×４,1d4af,136,1e,4,5,,,1,,,,,,,,,,,,,,,,,,,,,,,,,,,,,,,,,,,,,,,,,6,,,,,,,,,,,,,,,,,,,,,,,,,,,,,,,,,,,,,,,,,,,,,,,,,,,,,,,,,,,,,,,,,,,,,,,
DRINIT.txt,33,溶燐結騎,20,★３以上の巨人　×３,★３以上的巨人　×３,1d4b0,140,1f,3,5,,,2,,,,,,,,,,,,,,,,,,,,,,,,,,,,,,,,,,,,,,,,,,,8,,,,,,,,,,,,,,,,,,,,,,,,,,,,,,,,,,,,,,,,,,,,,,,,,,,,,,,,,,,,,,,,,,,,,
DRINIT.txt,33,溶燐結騎,21,★４以上　×２,,1d4b1,14a,20,2,,,,3,,,,,,,,,,,,,,,,,,,,,,,,,,,,,,,,,,,,,,,,,,,,,a,,,,,,,,,,,,,,,,,,,,,,,,,,,,,,,,,,,,,,,,,,,,,,,,,,,,,,,,,,,,,,,,,,,
DRINIT.txt,33,溶燐結騎,22,★１以上の創造　×５,★１以上的创造　×５,1d4b2,154,,5,d,,,,,,,,,,,,,,,,,,,,,,,,,,,,,,,,,,,,,,,,,,,,,,,,,,,3,,,,,,,,,,,,,,,,,,,,,,,,,,,,,,,,,,,,,,,,,,,,,,,,,,,,,,,,,,,,,,,,
DRINIT.txt,33,溶燐結騎,23,★２以上の創造　×４,★２以上的创造　×４,1d4b3,15e,22,4,d,,,1,,,,,,,,,,,,,,,,,,,,,,,,,,,,,,,,,,,,,,,,,,,,,,,,,,5,,,,,,,,,,,,,,,,,,,,,,,,,,,,,,,,,,,,,,,,,,,,,,,,,,,,,,,,,,,,,,
DRINIT.txt,33,溶燐結騎,24,★３以上の創造　×３,★３以上的创造　×３,1d4b4,168,23,3,d,,,2,,,,,,,,,,,,,,,,,,,,,,,,,,,,,,,,,,,,,,,,,,,,,,,,,,,,7,,,,,,,,,,,,,,,,,,,,,,,,,,,,,,,,,,,,,,,,,,,,,,,,,,,,,,,,,,,,
DRINIT.txt,33,溶燐結騎,25,★４以上の創造　×２,★４以上的创造　×２,1d4b5,172,24,2,d,,,3,,,,,,,,,,,,,,,,,,,,,,,,,,,,,,,,,,,,,,,,,,,,,,,,,,,,,,9,,,,,,,,,,,,,,,,,,,,,,,,,,,,,,,,,,,,,,,,,,,,,,,,,,,,,,,,,,
DRINIT.txt,33,溶燐結騎,26,★２以上の霊体　×４,★２以上的灵体　×４,1d4b6,17c,,4,b,,,1,,,,,,,,,,,,,,,,,,,,,,,,,,,,,,,,,,,,,,,,,,,,,,,,,,,,,,,,,4,,,,,,,,,,,,,,,,,,,,,,,,,,,,,,,,,,,,,,,,,,,,,,,,,,,,,,,
DRINIT.txt,33,溶燐結騎,27,★３以上の霊体　×３,★３以上的灵体　×３,1d4b7,186,26,3,b,,,2,,,,,,,,,,,,,,,,,,,,,,,,,,,,,,,,,,,,,,,,,,,,,,,,,,,,,,,,,,,8,,,,,,,,,,,,,,,,,,,,,,,,,,,,,,,,,,,,,,,,,,,,,,,,,,,,,
DRINIT.txt,33,溶燐結騎,28,★２以上の天使　×４,★２以上的天使　×４,1d4b8,190,,4,7,,,1,,,,,,,,,,,,,,,,,,,,,,,,,,,,,,,,,,,,,,,,,,,,,,,,,,,,,,,,,,,,,3,,,,,,,,,,,,,,,,,,,,,,,,,,,,,,,,,,,,,,,,,,,,,,,,,,,
DRINIT.txt,33,溶燐結騎,29,★３以上の天使　×３,★３以上的天使　×３,1d4b9,19a,28,3,7,,,2,,,,,,,,,,,,,,,,,,,,,,,,,,,,,,,,,,,,,,,,,,,,,,,,,,,,,,,,,,,,,,,6,,,,,,,,,,,,,,,,,,,,,,,,,,,,,,,,,,,,,,,,,,,,,,,,,
DRINIT.txt,33,溶燐結騎,2a,★４以上の天使　×２,★４以上的天使　×２,1d4ba,1a4,29,2,7,,,3,,,,,,,,,,,,,,,,,,,,,,,,,,,,,,,,,,,,,,,,,,,,,,,,,,,,,,,,,,,,,,,,,9,,,,,,,,,,,,,,,,,,,,,,,,,,,,,,,,,,,,,,,,,,,,,,,
DRINIT.txt,33,溶燐結騎,2b,★２以上の魔獣　×４,★２以上的魔兽　×４,1d4bb,1ae,,4,9,,,1,,,,,,,,,,,,,,,,,,,,,,,,,,,,,,,,,,,,,,,,,,,,,,,,,,,,,,,,,,,,,,,,,,,5,,,,,,,,,,,,,,,,,,,,,,,,,,,,,,,,,,,,,,,,,,,,,
DRINIT.txt,33,溶燐結騎,2c,★３以上の魔獣　×３,★３以上的魔兽　×３,1d4bc,1b8,2b,3,9,,,2,,,,,,,,,,,,,,,,,,,,,,,,,,,,,,,,,,,,,,,,,,,,,,,,,,,,,,,,,,,,,,,,,,,,,5,,,,,,,,,,,,,,,,,,,,,,,,,,,,,,,,,,,,,,,,,,,
DRINIT.txt,33,溶燐結騎,2d,★１以上の幻獣　×５,★１以上的幻兽　×５,1d4bd,1c2,,5,a,,,,,,,,,,,,,,,,,,,,,,,,,,,,,,,,,,,,,,,,,,,,,,,,,,,,,,,,,,,,,,,,,,,,,,,,,,,3,,,,,,,,,,,,,,,,,,,,,,,,,,,,,,,,,,,,,,,,
DRINIT.txt,33,溶燐結騎,2e,★２以上の幻獣　×４,★２以上的幻兽　×４,1d4be,1cc,2d,4,a,,,1,,,,,,,,,,,,,,,,,,,,,,,,,,,,,,,,,,,,,,,,,,,,,,,,,,,,,,,,,,,,,,,,,,,,,,,,,,3,,,,,,,,,,,,,,,,,,,,,,,,,,,,,,,,,,,,,,
DRINIT.txt,33,溶燐結騎,2f,★３以上の幻獣　×３,★３以上的幻兽　×３,1d4bf,1d6,2e,3,a,,,2,,,,,,,,,,,,,,,,,,,,,,,,,,,,,,,,,,,,,,,,,,,,,,,,,,,,,,,,,,,,,,,,,,,,,,,,,,,,3,,,,,,,,,,,,,,,,,,,,,,,,,,,,,,,,,,,,
DRINIT.txt,33,溶燐結騎,30,★５　×１,,1d4c0,1e0,2,1,,,,4,,,,,,,,,,,,,,,,,,,,,,,,,,,,,,,,,,,,,,,,,,,,,,,,,,,,,,,,,,,,,,,,,,,,,,,,,,,,,,1,,,,,,,,,,,,,,,,,,,,,,,,,,,,,,,,,,
DRINIT.txt,33,溶燐結騎,31,★１以上の一般　×５,★１以上的一般　×５,1d4c1,1ea,,5,3,,,,,,,,,,,,,,,,,,,,,,,,,,,,,,,,,,,,,,,,,,,,,,,,,,,,,,,,,,,,,,,,,,,,,,,,,,,,,,,,,,,a,,,,,,,,,,,,,,,,,,,,,,,,,,,,,,,,
DRINIT.txt,33,溶燐結騎,32,★４以上の一般　×２,★４以上的一般　×２,1d4c2,1f4,36,2,3,,,3,,,,,,,,,,,,,,,,,,,,,,,,,,,,,,,,,,,,,,,,,,,,,,,,,,,,,,,,,,,,,,,,,,,,,,,,,,,,,,,,,28,,,,,,,,,,,,,,,,,,,,,,,,,,,,,,,
DRINIT.txt,33,溶燐結騎,33,★１以上　×３,,1d4c3,5,,3,,,,,,,,,,,,,,,,,,,,,,,,,,,,,,,,,,,,,,,,,,,,,,,,,,,,,,,,,,,,,,,,,,,,,,,,,,,,,,,,,,,,,,,,,,,,,,,,,,,,,,,,,,,,,,,,,,,15f,
DRINIT.txt,33,溶燐結騎,34,★４以上の火炎属性　×５,★４以上的火炎属性　×５,1d4c4,208,2,5,,,4,3,,,,,,,,,,,,,,,,,,,,,,,,,,,,,,,,,,,,,,,,,,,,,,,,,,,,,,,,,,,,,,,,,,,,,,,,,,,,,,,,,,,,,,,,,,,,,,,,,,,,,,,,,,,,,,,290,火炎
DRINIT.txt,33,溶燐結騎,35,★２以上の一般　×４,★２以上的一般　×４,1d4c5,1ed,31,4,3,,,1,,,,,,,,,,,,,,,,,,,,,,,,,,,,,,,,,,,,,,,,,,,,,,,,,,,,,,,,,,,,,,,,,,,,,,,,,,,,,,,,,,,,14,,,,,,,,,,,,,,,,,,,,,,,,,,,,
DRINIT.txt,33,溶燐結騎,36,★３以上の一般　×３,★３以上的一般　×３,1d4c6,1f0,35,3,3,,,2,,,,,,,,,,,,,,,,,,,,,,,,,,,,,,,,,,,,,,,,,,,,,,,,,,,,,,,,,,,,,,,,,,,,,,,,,,,,,,,,,,,,,,1e,,,,,,,,,,,,,,,,,,,,,,,,,,
$3$DRINIT.txt,33,溶燐結騎,37,★２以上の鬼　×２,★２以上的鬼　×２,1d4c7,226,15,2,4,,,1,,,,,,,,,,,,,,,,,,,,,,,,,,,,,,,,,,,,,,,,,,,,,,,,,,,,,,,,,,,,,,,,,,,,,,,,,,,,,,,,,,,,,,,f,,,,,,,,,,,,,,,,,,,,,,,,,
$3$DRINIT.txt,33,溶燐結騎,38,★３以上の鬼　×４,★３以上的鬼　×４,1d4c8,230,37,4,4,,,2,,,,,,,,,,,,,,,,,,,,,,,,,,,,,,,,,,,,,,,,,,,,,,,,,,,,,,,,,,,,,,,,,,,,,,,,,,,,,,,,,,,,,,,,14,,,,,,,,,,,,,,,,,,,,,,,,
$3$DRINIT.txt,33,溶燐結騎,39,★４以上の鬼　×６,★４以上的鬼　×６,1d4c9,23a,38,6,4,,,3,,,,,,,,,,,,,,,,,,,,,,,,,,,,,,,,,,,,,,,,,,,,,,,,,,,,,,,,,,,,,,,,,,,,,,,,,,,,,,,,,,,,,,,,,,,,19,,,,,,,,,,,,,,,,,,,,
$3$DRINIT.txt,33,溶燐結騎,3a,★３以上の不死　×４,★３以上的不死　×４,1d4ca,244,1d,4,c,,,2,,,,,,,,,,,,,,,,,,,,,,,,,,,,,,,,,,,,,,,,,,,,,,,,,,,,,,,,,,,,,,,,,,,,,,,,,,,,,,,,,,,,,,,,,,,,,1e,,,,,,,,,,,,,,,,,,,
$3$DRINIT.txt,33,溶燐結騎,3b,★４以上の悪魔　×４,★４以上的恶魔　×４,1d4cb,24e,,4,8,,,3,,,,,,,,,,,,,,,,,,,,,,,,,,,,,,,,,,,,,,,,,,,,,,,,,,,,,,,,,,,,,,,,,,,,,,,,,,,,,,,,,,,,,,,,,,,,,,,,a,,,,,,,,,,,,,,,,
$3$DRINIT.txt,33,溶燐結騎,3c,★１以上の巨人　×４,★１以上的巨人　×４,1d4cc,258,20,4,5,,,,,,,,,,,,,,,,,,,,,,,,,,,,,,,,,,,,,,,,,,,,,,,,,,,,,,,,,,,,,,,,,,,,,,,,,,,,,,,,,,,,,,,,,,,,,,,,,,,,,8,,,,,,,,,,,,,,
$3$DRINIT.txt,33,溶燐結騎,3d,★３以上の巨人　×６,★３以上的巨人　×６,1d4cd,262,3c,6,5,,,2,,,,,,,,,,,,,,,,,,,,,,,,,,,,,,,,,,,,,,,,,,,,,,,,,,,,,,,,,,,,,,,,,,,,,,,,,,,,,,,,,,,,,,,,,,,,,,,,,,,10,,,,,,,,,,,,,
$3$DRINIT.txt,33,溶燐結騎,3e,★１以上の創造　×４,★１以上的创造　×４,1d4ce,26c,25,4,d,,,,,,,,,,,,,,,,,,,,,,,,,,,,,,,,,,,,,,,,,,,,,,,,,,,,,,,,,,,,,,,,,,,,,,,,,,,,,,,,,,,,,,,,,,,,,,,,,,,,,,,2,,,,,,,,,,,,
$3$DRINIT.txt,33,溶燐結騎,3f,★４以上の創造　×６,★４以上的创造　×６,1d4cf,276,3e,6,d,,,3,,,,,,,,,,,,,,,,,,,,,,,,,,,,,,,,,,,,,,,,,,,,,,,,,,,,,,,,,,,,,,,,,,,,,,,,,,,,,,,,,,,,,,,,,,,,,,,,,,,,,4,,,,,,,,,,,
$3$DRINIT.txt,33,溶燐結騎,40,★１以上の霊体　×４,★１以上的灵体　×４,1d4d0,280,27,4,b,,,,,,,,,,,,,,,,,,,,,,,,,,,,,,,,,,,,,,,,,,,,,,,,,,,,,,,,,,,,,,,,,,,,,,,,,,,,,,,,,,,,,,,,,,,,,,,,,,,,,,,,,4,,,,,,,,,,
$3$DRINIT.txt,33,溶燐結騎,41,★４以上の霊体　×６,★４以上的灵体　×６,1d4d1,28a,40,6,b,,,3,,,,,,,,,,,,,,,,,,,,,,,,,,,,,,,,,,,,,,,,,,,,,,,,,,,,,,,,,,,,,,,,,,,,,,,,,,,,,,,,,,,,,,,,,,,,,,,,,,,,,,,8,,,,,,,,,
$3$DRINIT.txt,33,溶燐結騎,42,★１以上の天使　×４,★１以上的天使　×４,1d4d2,294,2a,4,7,,,,,,,,,,,,,,,,,,,,,,,,,,,,,,,,,,,,,,,,,,,,,,,,,,,,,,,,,,,,,,,,,,,,,,,,,,,,,,,,,,,,,,,,,,,,,,,,,,,,,,,,,,,2,,,,,,,,
$3$DRINIT.txt,33,溶燐結騎,43,★４以上の天使　×６,★４以上的天使　×６,1d4d3,29e,42,6,7,,,3,,,,,,,,,,,,,,,,,,,,,,,,,,,,,,,,,,,,,,,,,,,,,,,,,,,,,,,,,,,,,,,,,,,,,,,,,,,,,,,,,,,,,,,,,,,,,,,,,,,,,,,,,4,,,,,,,
$3$DRINIT.txt,33,溶燐結騎,44,★１以上の魔獣　×４,★１以上的魔兽　×４,1d4d4,2a8,2c,4,9,,,,,,,,,,,,,,,,,,,,,,,,,,,,,,,,,,,,,,,,,,,,,,,,,,,,,,,,,,,,,,,,,,,,,,,,,,,,,,,,,,,,,,,,,,,,,,,,,,,,,,,,,,,,,2,,,,,,
$3$DRINIT.txt,33,溶燐結騎,45,★４以上の魔獣　×６,★４以上的魔兽　×６,1d4d5,2b2,44,6,9,,,3,,,,,,,,,,,,,,,,,,,,,,,,,,,,,,,,,,,,,,,,,,,,,,,,,,,,,,,,,,,,,,,,,,,,,,,,,,,,,,,,,,,,,,,,,,,,,,,,,,,,,,,,,,,4,,,,,
$3$DRINIT.txt,33,溶燐結騎,46,★１以上の幻獣　×４,★１以上的幻兽　×４,1d4d6,2bc,2f,4,a,,,,,,,,,,,,,,,,,,,,,,,,,,,,,,,,,,,,,,,,,,,,,,,,,,,,,,,,,,,,,,,,,,,,,,,,,,,,,,,,,,,,,,,,,,,,,,,,,,,,,,,,,,,,,,,6,,,,
$3$DRINIT.txt,33,溶燐結騎,47,★３以上の幻獣　×６,★３以上的幻兽　×６,1d4d7,2c6,46,6,a,,,2,,,,,,,,,,,,,,,,,,,,,,,,,,,,,,,,,,,,,,,,,,,,,,,,,,,,,,,,,,,,,,,,,,,,,,,,,,,,,,,,,,,,,,,,,,,,,,,,,,,,,,,,,,,,,c,,,
$3$DRINIT.txt,33,溶燐結騎,48,★５　×１０,,1d4d8,2d0,30,a,,,,4,,,,,,,,,,,,,,,,,,,,,,,,,,,,,,,,,,,,,,,,,,,,,,,,,,,,,,,,,,,,,,,,,,,,,,,,,,,,,,,,,,,,,,,,,,,,,,,,,,,,,,,,,,,,,,1,,
$3$DRINIT.txt,33,溶燐結騎,49,★４以上の火炎属性　×５,★４以上的火炎属性　×５,1d4d9,2da,4d,5,,,4,3,,,,,,,,,,,,,,,,,,,,,,,,,,,,,,,,,,,,,,,,,,,,,,,,,,,,,,,,,,,,,,,,,,,,,,,,,,,,,,,,,,,,,,,,,,,,,,,,,,,,,,,,,,,,,,,40,火炎
$3$DRINIT.txt,33,溶燐結騎,4a,★５以上の火炎属性　×５,★５以上的火炎属性　×５,1d4da,2e4,50,5,,,4,4,,,,,,,,,,,,,,,,,,,,,,,,,,,,,,,,,,,,,,,,,,,,,,,,,,,,,,,,,,,,,,,,,,,,,,,,,,,,,,,,,,,,,,,,,,,,,,,,,,,,,,,,,,,,,,,f2,火炎
$3$DRINIT.txt,33,溶燐結騎,4b,★１以上の火炎属性　×２,★１以上的火炎属性　×２,1d4db,2ee,,2,,,4,,,,,,,,,,,,,,,,,,,,,,,,,,,,,,,,,,,,,,,,,,,,,,,,,,,,,,,,,,,,,,,,,,,,,,,,,,,,,,,,,,,,,,,,,,,,,,,,,,,,,,,,,,,,,,,,d8,火炎
$3$DRINIT.txt,33,溶燐結騎,4c,★３以上の火炎属性　×４,★３以上的火炎属性　×４,1d4dc,2f8,4b,4,,,4,2,,,,,,,,,,,,,,,,,,,,,,,,,,,,,,,,,,,,,,,,,,,,,,,,,,,,,,,,,,,,,,,,,,,,,,,,,,,,,,,,,,,,,,,,,,,,,,,,,,,,,,,,,,,,,,,d9,火炎
$3$DRINIT.txt,33,溶燐結騎,4d,★４以上の火炎属性　×８,★４以上的火炎属性　×８,1d4dd,302,4c,8,,,4,3,,,,,,,,,,,,,,,,,,,,,,,,,,,,,,,,,,,,,,,,,,,,,,,,,,,,,,,,,,,,,,,,,,,,,,,,,,,,,,,,,,,,,,,,,,,,,,,,,,,,,,,,,,,,,,,da,火炎
$3$DRINIT.txt,33,溶燐結騎,4e,★１以上の火炎属性　×２,★１以上的火炎属性　×２,1d4de,30c,,2,,,4,,,,,,,,,,,,,,,,,,,,,,,,,,,,,,,,,,,,,,,,,,,,,,,,,,,,,,,,,,,,,,,,,,,,,,,,,,,,,,,,,,,,,,,,,,,,,,,,,,,,,,,,,,,,,,,,92,火炎
$3$DRINIT.txt,33,溶燐結騎,4f,★３以上の火炎属性　×４,★３以上的火炎属性　×４,1d4df,316,4e,4,,,4,2,,,,,,,,,,,,,,,,,,,,,,,,,,,,,,,,,,,,,,,,,,,,,,,,,,,,,,,,,,,,,,,,,,,,,,,,,,,,,,,,,,,,,,,,,,,,,,,,,,,,,,,,,,,,,,,93,火炎
$3$DRINIT.txt,33,溶燐結騎,50,★４以上の火炎属性　×８,★４以上的火炎属性　×８,1d4e0,320,4f,8,,,4,3,,,,,,,,,,,,,,,,,,,,,,,,,,,,,,,,,,,,,,,,,,,,,,,,,,,,,,,,,,,,,,,,,,,,,,,,,,,,,,,,,,,,,,,,,,,,,,,,,,,,,,,,,,,,,,,94,火炎
DRINIT.txt,34,嵐燐結騎,1,★１以上の電撃属性　×５,★１以上的电击属性　×５,1d491,a,,5,,,5,,,,,,,,,,,,,,,,,,,,,,,,,,,,,,,,,,,,,,,,,,,,,,,,,,,,,,,,,,,,,,,,,,,,,,,,,,,,,,,,,,,,,,,,,,,,,,,,,,,,,,,,,,,,,,,,214,电击
DRINIT.txt,34,嵐燐結騎,2,★２以上の電撃属性　×４,★２以上的电击属性　×４,1d492,14,1,4,,,5,1,,,,,,,,,,,,,,,,,,,,,,,,,,,,,,,,,,,,,,,,,,,,,,,,,,,,,,,,,,,,,,,,,,,,,,,,,,,,,,,,,,,,,,,,,,,,,,,,,,,,,,,,,,,,,,,215,电击
DRINIT.txt,34,嵐燐結騎,3,★４以上の電撃属性　×２,★４以上的电击属性　×２,1d493,1e,8,2,,,5,3,,,,,,,,,,,,,,,,,,,,,,,,,,,,,,,,,,,,,,,,,,,,,,,,,,,,,,,,,,,,,,,,,,,,,,,,,,,,,,,,,,,,,,,,,,,,,,,,,,,,,,,,,,,,,,,216,电击
DRINIT.txt,34,嵐燐結騎,4,★１以上の神聖属性　×５,★１以上的神圣属性　×５,1d494,28,1,5,,,6,,,,,,,,,,,,,,,,,,,,,,,,,,,,,,,,,,,,,,,,,,,,,,,,,,,,,,,,,,,,,,,,,,,,,,,,,,,,,,,,,,,,,,,,,,,,,,,,,,,,,,,,,,,,,,,,2db,神圣
DRINIT.txt,34,嵐燐結騎,5,★３以上の神聖属性　×３,★３以上的神圣属性　×３,1d495,32,4,3,,,6,2,,,,,,,,,,,,,,,,,,,,,,,,,,,,,,,,,,,,,,,,,,,,,,,,,,,,,,,,,,,,,,,,,,,,,,,,,,,,,,,,,,,,,,,,,,,,,,,,,,,,,,,,,,,,,,,2dc,神圣
DRINIT.txt,34,嵐燐結騎,6,★５の電撃属性　×１,★５的电击属性　×１,1d496,3c,3,1,,,5,4,,,,,,,,,,,,,,,,,,,,,,,,,,,,,,,,,,,,,,,,,,,,,,,,,,,,,,,,,,,,,,,,,,,,,,,,,,,,,,,,,,,,,,,,,,,,,,,,,,,,,,,,,,,,,,,39,电击
DRINIT.txt,34,嵐燐結騎,7,★５の電撃属性　×１,★５的电击属性　×１,1d497,46,6,1,,,5,4,,,,,,,,,,,,,,,,,,,,,,,,,,,,,,,,,,,,,,,,,,,,,,,,,,,,,,,,,,,,,,,,,,,,,,,,,,,,,,,,,,,,,,,,,,,,,,,,,,,,,,,,,,,,,,,11,电击
DRINIT.txt,34,嵐燐結騎,8,★３以上の電撃属性　×３,★３以上的电击属性　×３,1d498,50,2,3,,,5,2,,,,,,,,,,,,,,,,,,,,,,,,,,,,,,,,,,,,,,,,,,,,,,,,,,,,,,,,,,,,,,,,,,,,,,,,,,,,,,,,,,,,,,,,,,,,,,,,,,,,,,,,,,,,,,,a8,电击
DRINIT.txt,34,嵐燐結騎,9,★２以上の電撃属性　×４,★２以上的电击属性　×４,1d499,5a,,4,,,5,1,,,,,,,,,,,,,,,,,,,,,,,,,,,,,,,,,,,,,,,,,,,,,,,,,,,,,,,,,,,,,,,,,,,,,,,,,,,,,,,,,,,,,,,,,,,,,,,,,,,,,,,,,,,,,,,bb,电击
DRINIT.txt,34,嵐燐結騎,a,★４以上の電撃属性　×２,★４以上的电击属性　×２,1d49a,64,9,2,,,5,3,,,,,,,,,,,,,,,,,,,,,,,,,,,,,,,,,,,,,,,,,,,,,,,,,,,,,,,,,,,,,,,,,,,,,,,,,,,,,,,,,,,,,,,,,,,,,,,,,,,,,,,,,,,,,,,bc,电击
DRINIT.txt,34,嵐燐結騎,b,物理属性　×３,物理属性　×３,1d49b,6e,,3,,,1,,1,,,,,,,,,,,,,,,,,,,,,,,,,,,,,,,,,,,,,,,,,,,,,,,,,,,,,,,,,,,,,,,,,,,,,,,,,,,,,,,,,,,,,,,,,,,,,,,,,,,,,,,,,,,,,,,物理
DRINIT.txt,34,嵐燐結騎,c,地脈属性　×３,地脉属性　×３,1d49c,78,,3,,,2,,,1,,,,,,,,,,,,,,,,,,,,,,,,,,,,,,,,,,,,,,,,,,,,,,,,,,,,,,,,,,,,,,,,,,,,,,,,,,,,,,,,,,,,,,,,,,,,,,,,,,,,,,,,,,,,,,地脉
DRINIT.txt,34,嵐燐結騎,d,冷却属性　×３,冷却属性　×３,1d49d,82,,3,,,3,,,,,,1,,,,,,,,,,,,,,,,,,,,,,,,,,,,,,,,,,,,,,,,,,,,,,,,,,,,,,,,,,,,,,,,,,,,,,,,,,,,,,,,,,,,,,,,,,,,,,,,,,,,,,,,,,,冷却
DRINIT.txt,34,嵐燐結騎,e,火炎属性　×５,火炎属性　×５,1d49e,8c,,5,,,4,,,,,,,,,1,,,,,,,,,,,,,,,,,,,,,,,,,,,,,,,,,,,,,,,,,,,,,,,,,,,,,,,,,,,,,,,,,,,,,,,,,,,,,,,,,,,,,,,,,,,,,,,,,,,,,,,,火炎
DRINIT.txt,34,嵐燐結騎,f,火炎属性　×５,火炎属性　×５,1d49f,96,e,5,,,4,,,,,,,,,,,1,,,,,,,,,,,,,,,,,,,,,,,,,,,,,,,,,,,,,,,,,,,,,,,,,,,,,,,,,,,,,,,,,,,,,,,,,,,,,,,,,,,,,,,,,,,,,,,,,,,,,,火炎
DRINIT.txt,34,嵐燐結騎,10,神聖属性　×３,神圣属性　×３,1d4a0,a0,,3,,,6,,,,,,,,,,,,,1,,,,,,,,,,,,,,,,,,,,,,,,,,,,,,,,,,,,,,,,,,,,,,,,,,,,,,,,,,,,,,,,,,,,,,,,,,,,,,,,,,,,,,,,,,,,,,,,,,,,神圣
DRINIT.txt,34,嵐燐結騎,11,暗黒属性　×３,暗黑属性　×３,1d4a1,aa,,3,,,7,,,,,,,,,,,,,,,1,,,,,,,,,,,,,,,,,,,,,,,,,,,,,,,,,,,,,,,,,,,,,,,,,,,,,,,,,,,,,,,,,,,,,,,,,,,,,,,,,,,,,,,,,,,,,,,,,,暗黑
DRINIT.txt,34,嵐燐結騎,12,★１以上の鬼　×５,★１以上的鬼　×５,1d4a2,b4,,5,4,,,,,,,,,,,,,,,,,,5,,,,,,,,,,,,,,,,,,,,,,,,,,,,,,,,,,,,,,,,,,,,,,,,,,,,,,,,,,,,,,,,,,,,,,,,,,,,,,,,,,,,,,,,,,,,,,,,,
DRINIT.txt,34,嵐燐結騎,13,★３以上の鬼　×３,★３以上的鬼　×３,1d4a3,be,12,3,4,,,2,,,,,,,,,,,,,,,,a,,,,,,,,,,,,,,,,,,,,,,,,,,,,,,,,,,,,,,,,,,,,,,,,,,,,,,,,,,,,,,,,,,,,,,,,,,,,,,,,,,,,,,,,,,,,,,,,
DRINIT.txt,34,嵐燐結騎,14,★１以上の精霊　×５,★１以上的精灵　×５,1d4a4,c8,,5,6,,,,,,,,,,,,,,,,,,,,,4,,,,,,,,,,,,,,,,,,,,,,,,,,,,,,,,,,,,,,,,,,,,,,,,,,,,,,,,,,,,,,,,,,,,,,,,,,,,,,,,,,,,,,,,,,,,,,
DRINIT.txt,34,嵐燐結騎,15,★２以上の精霊　×４,★２以上的精灵　×４,1d4a5,d2,14,4,6,,,1,,,,,,,,,,,,,,,,,,,,8,,,,,,,,,,,,,,,,,,,,,,,,,,,,,,,,,,,,,,,,,,,,,,,,,,,,,,,,,,,,,,,,,,,,,,,,,,,,,,,,,,,,,,,,,,,,
DRINIT.txt,34,嵐燐結騎,16,★３以上の精霊　×３,★３以上的精灵　×３,1d4a6,dc,15,3,6,,,2,,,,,,,,,,,,,,,,,,,,,,c,,,,,,,,,,,,,,,,,,,,,,,,,,,,,,,,,,,,,,,,,,,,,,,,,,,,,,,,,,,,,,,,,,,,,,,,,,,,,,,,,,,,,,,,,,
DRINIT.txt,34,嵐燐結騎,17,★４以上の精霊　×２,★４以上的精灵　×２,1d4a7,e6,16,2,6,,,3,,,,,,,,,,,,,,,,,,,,,,,14,,,,,,,,,,,,,,,,,,,,,,,,,,,,,,,,,,,,,,,,,,,,,,,,,,,,,,,,,,,,,,,,,,,,,,,,,,,,,,,,,,,,,,,,,
DRINIT.txt,34,嵐燐結騎,18,★１以上の亜人　×５,★１以上的亚人　×５,1d4a8,f0,,5,2,,,,,,,,,,,,,,,,,,,,,,,,,,,,,4,,,,,,,,,,,,,,,,,,,,,,,,,,,,,,,,,,,,,,,,,,,,,,,,,,,,,,,,,,,,,,,,,,,,,,,,,,,,,,,,,,,,,,
DRINIT.txt,34,嵐燐結騎,19,★２以上の亜人　×４,★２以上的亚人　×４,1d4a9,fa,18,4,2,,,1,,,,,,,,,,,,,,,,,,,,,,,,,,,8,,,,,,,,,,,,,,,,,,,,,,,,,,,,,,,,,,,,,,,,,,,,,,,,,,,,,,,,,,,,,,,,,,,,,,,,,,,,,,,,,,,,,
DRINIT.txt,34,嵐燐結騎,1a,★３以上の亜人　×３,★３以上的亚人　×３,1d4aa,104,19,3,2,,,2,,,,,,,,,,,,,,,,,,,,,,,,,,,,,c,,,,,,,,,,,,,,,,,,,,,,,,,,,,,,,,,,,,,,,,,,,,,,,,,,,,,,,,,,,,,,,,,,,,,,,,,,,,,,,,,,,
DRINIT.txt,34,嵐燐結騎,1b,★３以上の不死　×３,★３以上的不死　×３,1d4ab,10e,,3,c,,,2,,,,,,,,,,,,,,,,,,,,,,,,,,,,,a,,,,,,,,,,,,,,,,,,,,,,,,,,,,,,,,,,,,,,,,,,,,,,,,,,,,,,,,,,,,,,,,,,,,,,,,,,,,,,,,,,,
DRINIT.txt,34,嵐燐結騎,1c,★３以上の悪魔　×１,★３以上的恶魔　×１,1d4ac,118,,1,8,,,2,,,,,,,,,,,,,,,,,,,,,,,,,,,,,,,,,5,,,,,,,,,,,,,,,,,,,,,,,,,,,,,,,,,,,,,,,,,,,,,,,,,,,,,,,,,,,,,,,,,,,,,,,,,,,,,,,
DRINIT.txt,34,嵐燐結騎,1d,★３以上の悪魔　×２,★３以上的恶魔　×２,1d4ad,122,1c,2,8,,,2,,,,,,,,,,,,,,,,,,,,,,,,,,,,,,,,,,,,a,,,,,,,,,,,,,,,,,,,,,,,,,,,,,,,,,,,,,,,,,,,,,,,,,,,,,,,,,,,,,,,,,,,,,,,,,,,,
DRINIT.txt,34,嵐燐結騎,1e,★１以上の巨人　×５,★１以上的巨人　×５,1d4ae,12c,,5,5,,,,,,,,,,,,,,,,,,,,,,,,,,,,,,,,,,,,,,,,,,3,,,,,,,,,,,,,,,,,,,,,,,,,,,,,,,,,,,,,,,,,,,,,,,,,,,,,,,,,,,,,,,,,,,,,,,,,
DRINIT.txt,34,嵐燐結騎,1f,★２以上の巨人　×４,★２以上的巨人　×４,1d4af,136,1e,4,5,,,1,,,,,,,,,,,,,,,,,,,,,,,,,,,,,,,,,,,,,,,,,7,,,,,,,,,,,,,,,,,,,,,,,,,,,,,,,,,,,,,,,,,,,,,,,,,,,,,,,,,,,,,,,,,,,,,,,
DRINIT.txt,34,嵐燐結騎,20,★１以上の創造　×５,★１以上的创造　×５,1d4b0,140,,5,d,,,,,,,,,,,,,,,,,,,,,,,,,,,,,,,,,,,,,,,,,,,,,,,2,,,,,,,,,,,,,,,,,,,,,,,,,,,,,,,,,,,,,,,,,,,,,,,,,,,,,,,,,,,,,,,,,,,,
DRINIT.txt,34,嵐燐結騎,21,★２以上の創造　×４,★２以上的创造　×４,1d4b1,14a,20,4,d,,,1,,,,,,,,,,,,,,,,,,,,,,,,,,,,,,,,,,,,,,,,,,,,,,4,,,,,,,,,,,,,,,,,,,,,,,,,,,,,,,,,,,,,,,,,,,,,,,,,,,,,,,,,,,,,,,,,,
DRINIT.txt,34,嵐燐結騎,22,★１以上の霊体　×５,★１以上的灵体　×５,1d4b2,154,,5,b,,,,,,,,,,,,,,,,,,,,,,,,,,,,,,,,,,,,,,,,,,,,,,,,,,,,3,,,,,,,,,,,,,,,,,,,,,,,,,,,,,,,,,,,,,,,,,,,,,,,,,,,,,,,,,,,,,,,
DRINIT.txt,34,嵐燐結騎,23,★２以上の霊体　×４,★２以上的灵体　×４,1d4b3,15e,22,4,b,,,1,,,,,,,,,,,,,,,,,,,,,,,,,,,,,,,,,,,,,,,,,,,,,,,,,,,5,,,,,,,,,,,,,,,,,,,,,,,,,,,,,,,,,,,,,,,,,,,,,,,,,,,,,,,,,,,,,
DRINIT.txt,34,嵐燐結騎,24,★３以上の霊体　×３,★３以上的灵体　×３,1d4b4,168,23,3,b,,,2,,,,,,,,,,,,,,,,,,,,,,,,,,,,,,,,,,,,,,,,,,,,,,,,,,,,,7,,,,,,,,,,,,,,,,,,,,,,,,,,,,,,,,,,,,,,,,,,,,,,,,,,,,,,,,,,,
DRINIT.txt,34,嵐燐結騎,25,★４以上　×２,,1d4b5,172,24,2,,,,3,,,,,,,,,,,,,,,,,,,,,,,,,,,,,,,,,,,,,,,,,,,,,,,,,,,,,,,9,,,,,,,,,,,,,,,,,,,,,,,,,,,,,,,,,,,,,,,,,,,,,,,,,,,,,,,,,
DRINIT.txt,34,嵐燐結騎,26,★１以上の天使　×５,★１以上的天使　×５,1d4b6,17c,,5,7,,,,,,,,,,,,,,,,,,,,,,,,,,,,,,,,,,,,,,,,,,,,,,,,,,,,,,,,,,,,,3,,,,,,,,,,,,,,,,,,,,,,,,,,,,,,,,,,,,,,,,,,,,,,,,,,,,,,
DRINIT.txt,34,嵐燐結騎,27,★２以上の天使　×４,★２以上的天使　×４,1d4b7,186,26,4,7,,,1,,,,,,,,,,,,,,,,,,,,,,,,,,,,,,,,,,,,,,,,,,,,,,,,,,,,,,,,,,,,5,,,,,,,,,,,,,,,,,,,,,,,,,,,,,,,,,,,,,,,,,,,,,,,,,,,,
DRINIT.txt,34,嵐燐結騎,28,★３以上の天使　×３,★３以上的天使　×３,1d4b8,190,27,3,7,,,2,,,,,,,,,,,,,,,,,,,,,,,,,,,,,,,,,,,,,,,,,,,,,,,,,,,,,,,,,,,,,7,,,,,,,,,,,,,,,,,,,,,,,,,,,,,,,,,,,,,,,,,,,,,,,,,,,
DRINIT.txt,34,嵐燐結騎,29,★４以上の天使　×２,★４以上的天使　×２,1d4b9,19a,28,2,7,,,3,,,,,,,,,,,,,,,,,,,,,,,,,,,,,,,,,,,,,,,,,,,,,,,,,,,,,,,,,,,,,,,9,,,,,,,,,,,,,,,,,,,,,,,,,,,,,,,,,,,,,,,,,,,,,,,,,
DRINIT.txt,34,嵐燐結騎,2a,★１以上の魔獣　×５,★１以上的魔兽　×５,1d4ba,1a4,,5,9,,,,,,,,,,,,,,,,,,,,,,,,,,,,,,,,,,,,,,,,,,,,,,,,,,,,,,,,,,,,,,,,,,,,,3,,,,,,,,,,,,,,,,,,,,,,,,,,,,,,,,,,,,,,,,,,,,,,
DRINIT.txt,34,嵐燐結騎,2b,★２以上の魔獣　×４,★２以上的魔兽　×４,1d4bb,1ae,2a,4,9,,,1,,,,,,,,,,,,,,,,,,,,,,,,,,,,,,,,,,,,,,,,,,,,,,,,,,,,,,,,,,,,,,,,,,,3,,,,,,,,,,,,,,,,,,,,,,,,,,,,,,,,,,,,,,,,,,,,,
DRINIT.txt,34,嵐燐結騎,2c,★３以上の魔獣　×３,★３以上的魔兽　×３,1d4bc,1b8,2b,3,9,,,2,,,,,,,,,,,,,,,,,,,,,,,,,,,,,,,,,,,,,,,,,,,,,,,,,,,,,,,,,,,,,,,,,,,,,3,,,,,,,,,,,,,,,,,,,,,,,,,,,,,,,,,,,,,,,,,,,
DRINIT.txt,34,嵐燐結騎,2d,★４以上の魔獣　×２,★４以上的魔兽　×２,1d4bd,1c2,2c,2,9,,,3,,,,,,,,,,,,,,,,,,,,,,,,,,,,,,,,,,,,,,,,,,,,,,,,,,,,,,,,,,,,,,,,,,,,,,,6,,,,,,,,,,,,,,,,,,,,,,,,,,,,,,,,,,,,,,,,,
DRINIT.txt,34,嵐燐結騎,2e,★１以上の幻獣　×５,★１以上的幻兽　×５,1d4be,1cc,,5,a,,,,,,,,,,,,,,,,,,,,,,,,,,,,,,,,,,,,,,,,,,,,,,,,,,,,,,,,,,,,,,,,,,,,,,,,,,,,,3,,,,,,,,,,,,,,,,,,,,,,,,,,,,,,,,,,,,,,
DRINIT.txt,34,嵐燐結騎,2f,★２以上の幻獣　×４,★２以上的幻兽　×４,1d4bf,1d6,2e,4,a,,,1,,,,,,,,,,,,,,,,,,,,,,,,,,,,,,,,,,,,,,,,,,,,,,,,,,,,,,,,,,,,,,,,,,,,,,,,,,,,3,,,,,,,,,,,,,,,,,,,,,,,,,,,,,,,,,,,,
DRINIT.txt,34,嵐燐結騎,30,★５　×１,,1d4c0,1e0,3,1,,,,4,,,,,,,,,,,,,,,,,,,,,,,,,,,,,,,,,,,,,,,,,,,,,,,,,,,,,,,,,,,,,,,,,,,,,,,,,,,,,,1,,,,,,,,,,,,,,,,,,,,,,,,,,,,,,,,,,
DRINIT.txt,34,嵐燐結騎,31,★１以上の一般　×５,★１以上的一般　×５,1d4c1,1ea,,5,3,,,,,,,,,,,,,,,,,,,,,,,,,,,,,,,,,,,,,,,,,,,,,,,,,,,,,,,,,,,,,,,,,,,,,,,,,,,,,,,,,,,a,,,,,,,,,,,,,,,,,,,,,,,,,,,,,,,,
DRINIT.txt,34,嵐燐結騎,32,★４以上の一般　×２,★４以上的一般　×２,1d4c2,1f4,36,2,3,,,3,,,,,,,,,,,,,,,,,,,,,,,,,,,,,,,,,,,,,,,,,,,,,,,,,,,,,,,,,,,,,,,,,,,,,,,,,,,,,,,,,28,,,,,,,,,,,,,,,,,,,,,,,,,,,,,,,
DRINIT.txt,34,嵐燐結騎,33,★１以上　×３,,1d4c3,5,,3,,,,,,,,,,,,,,,,,,,,,,,,,,,,,,,,,,,,,,,,,,,,,,,,,,,,,,,,,,,,,,,,,,,,,,,,,,,,,,,,,,,,,,,,,,,,,,,,,,,,,,,,,,,,,,,,,,,15f,
DRINIT.txt,34,嵐燐結騎,34,★４以上の電撃属性　×５,★４以上的电击属性　×５,1d4c4,208,3,5,,,5,3,,,,,,,,,,,,,,,,,,,,,,,,,,,,,,,,,,,,,,,,,,,,,,,,,,,,,,,,,,,,,,,,,,,,,,,,,,,,,,,,,,,,,,,,,,,,,,,,,,,,,,,,,,,,,,,291,电击
DRINIT.txt,34,嵐燐結騎,35,★２以上の一般　×４,★２以上的一般　×４,1d4c5,1ed,31,4,3,,,1,,,,,,,,,,,,,,,,,,,,,,,,,,,,,,,,,,,,,,,,,,,,,,,,,,,,,,,,,,,,,,,,,,,,,,,,,,,,,,,,,,,,14,,,,,,,,,,,,,,,,,,,,,,,,,,,,
DRINIT.txt,34,嵐燐結騎,36,★３以上の一般　×３,★３以上的一般　×３,1d4c6,1f0,35,3,3,,,2,,,,,,,,,,,,,,,,,,,,,,,,,,,,,,,,,,,,,,,,,,,,,,,,,,,,,,,,,,,,,,,,,,,,,,,,,,,,,,,,,,,,,,1e,,,,,,,,,,,,,,,,,,,,,,,,,,
$3$DRINIT.txt,34,嵐燐結騎,37,★２以上の鬼　×２,★２以上的鬼　×２,1d4c7,226,13,2,4,,,1,,,,,,,,,,,,,,,,,,,,,,,,,,,,,,,,,,,,,,,,,,,,,,,,,,,,,,,,,,,,,,,,,,,,,,,,,,,,,,,,,,,,,,,5,,,,,,,,,,,,,,,,,,,,,,,,,
$3$DRINIT.txt,34,嵐燐結騎,38,★３以上の鬼　×４,★３以上的鬼　×４,1d4c8,230,37,4,4,,,2,,,,,,,,,,,,,,,,,,,,,,,,,,,,,,,,,,,,,,,,,,,,,,,,,,,,,,,,,,,,,,,,,,,,,,,,,,,,,,,,,,,,,,,,a,,,,,,,,,,,,,,,,,,,,,,,,
$3$DRINIT.txt,34,嵐燐結騎,39,★４以上の鬼　×６,★４以上的鬼　×６,1d4c9,23a,38,6,4,,,3,,,,,,,,,,,,,,,,,,,,,,,,,,,,,,,,,,,,,,,,,,,,,,,,,,,,,,,,,,,,,,,,,,,,,,,,,,,,,,,,,,,,,,,,,,,,f,,,,,,,,,,,,,,,,,,,,
$3$DRINIT.txt,34,嵐燐結騎,3a,★３以上の不死　×４,★３以上的不死　×４,1d4ca,244,1b,4,c,,,2,,,,,,,,,,,,,,,,,,,,,,,,,,,,,,,,,,,,,,,,,,,,,,,,,,,,,,,,,,,,,,,,,,,,,,,,,,,,,,,,,,,,,,,,,,,,,a,,,,,,,,,,,,,,,,,,,
$3$DRINIT.txt,34,嵐燐結騎,3b,★４以上の悪魔　×４,★４以上的恶魔　×４,1d4cb,24e,1d,4,8,,,3,,,,,,,,,,,,,,,,,,,,,,,,,,,,,,,,,,,,,,,,,,,,,,,,,,,,,,,,,,,,,,,,,,,,,,,,,,,,,,,,,,,,,,,,,,,,,,,,1e,,,,,,,,,,,,,,,,
$3$DRINIT.txt,34,嵐燐結騎,3c,★１以上の巨人　×４,★１以上的巨人　×４,1d4cc,258,1f,4,5,,,,,,,,,,,,,,,,,,,,,,,,,,,,,,,,,,,,,,,,,,,,,,,,,,,,,,,,,,,,,,,,,,,,,,,,,,,,,,,,,,,,,,,,,,,,,,,,,,,,,4,,,,,,,,,,,,,,
$3$DRINIT.txt,34,嵐燐結騎,3d,★３以上の巨人　×６,★３以上的巨人　×６,1d4cd,262,3c,6,5,,,2,,,,,,,,,,,,,,,,,,,,,,,,,,,,,,,,,,,,,,,,,,,,,,,,,,,,,,,,,,,,,,,,,,,,,,,,,,,,,,,,,,,,,,,,,,,,,,,,,,,8,,,,,,,,,,,,,
$3$DRINIT.txt,34,嵐燐結騎,3e,★１以上の創造　×４,★１以上的创造　×４,1d4ce,26c,21,4,d,,,,,,,,,,,,,,,,,,,,,,,,,,,,,,,,,,,,,,,,,,,,,,,,,,,,,,,,,,,,,,,,,,,,,,,,,,,,,,,,,,,,,,,,,,,,,,,,,,,,,,,2,,,,,,,,,,,,
$3$DRINIT.txt,34,嵐燐結騎,3f,★４以上の創造　×６,★４以上的创造　×６,1d4cf,276,3e,6,d,,,3,,,,,,,,,,,,,,,,,,,,,,,,,,,,,,,,,,,,,,,,,,,,,,,,,,,,,,,,,,,,,,,,,,,,,,,,,,,,,,,,,,,,,,,,,,,,,,,,,,,,,4,,,,,,,,,,,
$3$DRINIT.txt,34,嵐燐結騎,40,★１以上の霊体　×４,★１以上的灵体　×４,1d4d0,280,24,4,b,,,,,,,,,,,,,,,,,,,,,,,,,,,,,,,,,,,,,,,,,,,,,,,,,,,,,,,,,,,,,,,,,,,,,,,,,,,,,,,,,,,,,,,,,,,,,,,,,,,,,,,,,8,,,,,,,,,,
$3$DRINIT.txt,34,嵐燐結騎,41,★４以上の霊体　×６,★４以上的灵体　×６,1d4d1,28a,40,6,b,,,3,,,,,,,,,,,,,,,,,,,,,,,,,,,,,,,,,,,,,,,,,,,,,,,,,,,,,,,,,,,,,,,,,,,,,,,,,,,,,,,,,,,,,,,,,,,,,,,,,,,,,,,10,,,,,,,,,
$3$DRINIT.txt,34,嵐燐結騎,42,★１以上の天使　×４,★１以上的天使　×４,1d4d2,294,29,4,7,,,,,,,,,,,,,,,,,,,,,,,,,,,,,,,,,,,,,,,,,,,,,,,,,,,,,,,,,,,,,,,,,,,,,,,,,,,,,,,,,,,,,,,,,,,,,,,,,,,,,,,,,,,4,,,,,,,,
$3$DRINIT.txt,34,嵐燐結騎,43,★４以上の天使　×６,★４以上的天使　×６,1d4d3,29e,42,6,7,,,3,,,,,,,,,,,,,,,,,,,,,,,,,,,,,,,,,,,,,,,,,,,,,,,,,,,,,,,,,,,,,,,,,,,,,,,,,,,,,,,,,,,,,,,,,,,,,,,,,,,,,,,,,8,,,,,,,
$3$DRINIT.txt,34,嵐燐結騎,44,★１以上の魔獣　×４,★１以上的魔兽　×４,1d4d4,2a8,2d,4,9,,,,,,,,,,,,,,,,,,,,,,,,,,,,,,,,,,,,,,,,,,,,,,,,,,,,,,,,,,,,,,,,,,,,,,,,,,,,,,,,,,,,,,,,,,,,,,,,,,,,,,,,,,,,,4,,,,,,
$3$DRINIT.txt,34,嵐燐結騎,45,★４以上の魔獣　×６,★４以上的魔兽　×６,1d4d5,2b2,44,6,9,,,3,,,,,,,,,,,,,,,,,,,,,,,,,,,,,,,,,,,,,,,,,,,,,,,,,,,,,,,,,,,,,,,,,,,,,,,,,,,,,,,,,,,,,,,,,,,,,,,,,,,,,,,,,,,8,,,,,
$3$DRINIT.txt,34,嵐燐結騎,46,★１以上の幻獣　×４,★１以上的幻兽　×４,1d4d6,2bc,2f,4,a,,,,,,,,,,,,,,,,,,,,,,,,,,,,,,,,,,,,,,,,,,,,,,,,,,,,,,,,,,,,,,,,,,,,,,,,,,,,,,,,,,,,,,,,,,,,,,,,,,,,,,,,,,,,,,,2,,,,
$3$DRINIT.txt,34,嵐燐結騎,47,★３以上の幻獣　×６,★３以上的幻兽　×６,1d4d7,2c6,46,6,a,,,2,,,,,,,,,,,,,,,,,,,,,,,,,,,,,,,,,,,,,,,,,,,,,,,,,,,,,,,,,,,,,,,,,,,,,,,,,,,,,,,,,,,,,,,,,,,,,,,,,,,,,,,,,,,,,4,,,
$3$DRINIT.txt,34,嵐燐結騎,48,★５　×１０,,1d4d8,2d0,30,a,,,,4,,,,,,,,,,,,,,,,,,,,,,,,,,,,,,,,,,,,,,,,,,,,,,,,,,,,,,,,,,,,,,,,,,,,,,,,,,,,,,,,,,,,,,,,,,,,,,,,,,,,,,,,,,,,,,1,,
$3$DRINIT.txt,34,嵐燐結騎,49,★３以上の電撃属性　×５,★３以上的电击属性　×５,1d4d9,2da,,5,,,5,2,,,,,,,,,,,,,,,,,,,,,,,,,,,,,,,,,,,,,,,,,,,,,,,,,,,,,,,,,,,,,,,,,,,,,,,,,,,,,,,,,,,,,,,,,,,,,,,,,,,,,,,,,,,,,,,f2,电击
$3$DRINIT.txt,34,嵐燐結騎,4a,★４以上の電撃属性　×５,★４以上的电击属性　×５,1d4da,2e4,50,5,,,5,3,,,,,,,,,,,,,,,,,,,,,,,,,,,,,,,,,,,,,,,,,,,,,,,,,,,,,,,,,,,,,,,,,,,,,,,,,,,,,,,,,,,,,,,,,,,,,,,,,,,,,,,,,,,,,,,3e,电击
$3$DRINIT.txt,34,嵐燐結騎,4b,★１以上の電撃属性　×２,★１以上的电击属性　×２,1d4db,2ee,,2,,,5,,,,,,,,,,,,,,,,,,,,,,,,,,,,,,,,,,,,,,,,,,,,,,,,,,,,,,,,,,,,,,,,,,,,,,,,,,,,,,,,,,,,,,,,,,,,,,,,,,,,,,,,,,,,,,,,79,电击
$3$DRINIT.txt,34,嵐燐結騎,4c,★３以上の電撃属性　×４,★３以上的电击属性　×４,1d4dc,2f8,4b,4,,,5,2,,,,,,,,,,,,,,,,,,,,,,,,,,,,,,,,,,,,,,,,,,,,,,,,,,,,,,,,,,,,,,,,,,,,,,,,,,,,,,,,,,,,,,,,,,,,,,,,,,,,,,,,,,,,,,,7a,电击
$3$DRINIT.txt,34,嵐燐結騎,4d,★４以上の電撃属性　×８,★４以上的电击属性　×８,1d4dd,302,4c,8,,,5,3,,,,,,,,,,,,,,,,,,,,,,,,,,,,,,,,,,,,,,,,,,,,,,,,,,,,,,,,,,,,,,,,,,,,,,,,,,,,,,,,,,,,,,,,,,,,,,,,,,,,,,,,,,,,,,,7b,电击
$3$DRINIT.txt,34,嵐燐結騎,4e,★１以上の電撃属性　×２,★１以上的电击属性　×２,1d4de,30c,,2,,,5,,,,,,,,,,,,,,,,,,,,,,,,,,,,,,,,,,,,,,,,,,,,,,,,,,,,,,,,,,,,,,,,,,,,,,,,,,,,,,,,,,,,,,,,,,,,,,,,,,,,,,,,,,,,,,,,a1,电击
$3$DRINIT.txt,34,嵐燐結騎,4f,★３以上の電撃属性　×４,★３以上的电击属性　×４,1d4df,316,4e,4,,,5,2,,,,,,,,,,,,,,,,,,,,,,,,,,,,,,,,,,,,,,,,,,,,,,,,,,,,,,,,,,,,,,,,,,,,,,,,,,,,,,,,,,,,,,,,,,,,,,,,,,,,,,,,,,,,,,,a2,电击
$3$DRINIT.txt,34,嵐燐結騎,50,★４以上の電撃属性　×８,★４以上的电击属性　×８,1d4e0,320,4f,8,,,5,3,,,,,,,,,,,,,,,,,,,,,,,,,,,,,,,,,,,,,,,,,,,,,,,,,,,,,,,,,,,,,,,,,,,,,,,,,,,,,,,,,,,,,,,,,,,,,,,,,,,,,,,,,,,,,,,a3,电击
DRINIT.txt,35,華燐結騎,1,★１以上の地脈属性　×５,★１以上的地脉属性　×５,1d491,a,,5,,,2,,,,,,,,,,,,,,,,,,,,,,,,,,,,,,,,,,,,,,,,,,,,,,,,,,,,,,,,,,,,,,,,,,,,,,,,,,,,,,,,,,,,,,,,,,,,,,,,,,,,,,,,,,,,,,,,134,地脉
DRINIT.txt,35,華燐結騎,2,★４以上の地脈属性　×２,★４以上的地脉属性　×２,1d492,14,1,2,,,2,3,,,,,,,,,,,,,,,,,,,,,,,,,,,,,,,,,,,,,,,,,,,,,,,,,,,,,,,,,,,,,,,,,,,,,,,,,,,,,,,,,,,,,,,,,,,,,,,,,,,,,,,,,,,,,,,135,地脉
DRINIT.txt,35,華燐結騎,3,★２以上の地脈属性　×４,★２以上的地脉属性　×４,1d493,1e,,4,,,2,1,,,,,,,,,,,,,,,,,,,,,,,,,,,,,,,,,,,,,,,,,,,,,,,,,,,,,,,,,,,,,,,,,,,,,,,,,,,,,,,,,,,,,,,,,,,,,,,,,,,,,,,,,,,,,,,200,地脉
DRINIT.txt,35,華燐結騎,4,★３以上の地脈属性　×３,★３以上的地脉属性　×３,1d494,28,3,3,,,2,2,,,,,,,,,,,,,,,,,,,,,,,,,,,,,,,,,,,,,,,,,,,,,,,,,,,,,,,,,,,,,,,,,,,,,,,,,,,,,,,,,,,,,,,,,,,,,,,,,,,,,,,,,,,,,,,201,地脉
DRINIT.txt,35,華燐結騎,5,★５の地脈属性　×１,★５的地脉属性　×１,1d495,32,2,1,,,2,4,,,,,,,,,,,,,,,,,,,,,,,,,,,,,,,,,,,,,,,,,,,,,,,,,,,,,,,,,,,,,,,,,,,,,,,,,,,,,,,,,,,,,,,,,,,,,,,,,,,,,,,,,,,,,,,39,地脉
DRINIT.txt,35,華燐結騎,6,★２以上の女性　×３,★２以上的女性　×３,1d496,3c,,3,,2,,1,,,,,,,,,,,,,,,,,,,,,,,,,,,,,,,,,,,,,,,,,,,,,,,,,,,,,,,,,,,,,,,,,,,,,,,,,,,,,,,,,,,,,,,,,,,,,,,,,,,,,,,,,,,,,,,c0,
DRINIT.txt,35,華燐結騎,7,★４以上の女性　×２,★４以上的女性　×２,1d497,46,6,2,,2,,3,,,,,,,,,,,,,,,,,,,,,,,,,,,,,,,,,,,,,,,,,,,,,,,,,,,,,,,,,,,,,,,,,,,,,,,,,,,,,,,,,,,,,,,,,,,,,,,,,,,,,,,,,,,,,,,c1,
DRINIT.txt,35,華燐結騎,8,★２以上の男性　×４,★２以上的男性　×４,1d498,50,,4,,1,,1,,,,,,,,,,,,,,,,,,,,,,,,,,,,,,,,,,,,,,,,,,,,,,,,,,,,,,,,,,,,,,,,,,,,,,,,,,,,,,,,,,,,,,,,,,,,,,,,,,,,,,,,,,,,,,,92,
DRINIT.txt,35,華燐結騎,9,★３以上の男性　×３,★３以上的男性　×３,1d499,5a,8,3,,1,,2,,,,,,,,,,,,,,,,,,,,,,,,,,,,,,,,,,,,,,,,,,,,,,,,,,,,,,,,,,,,,,,,,,,,,,,,,,,,,,,,,,,,,,,,,,,,,,,,,,,,,,,,,,,,,,,93,
DRINIT.txt,35,華燐結騎,a,★４以上の男性　×１,★４以上的男性　×１,1d49a,64,9,1,,1,,3,,,,,,,,,,,,,,,,,,,,,,,,,,,,,,,,,,,,,,,,,,,,,,,,,,,,,,,,,,,,,,,,,,,,,,,,,,,,,,,,,,,,,,,,,,,,,,,,,,,,,,,,,,,,,,,94,
DRINIT.txt,35,華燐結騎,b,物理属性　×３,物理属性　×３,1d49b,6e,,3,,,1,,1,,,,,,,,,,,,,,,,,,,,,,,,,,,,,,,,,,,,,,,,,,,,,,,,,,,,,,,,,,,,,,,,,,,,,,,,,,,,,,,,,,,,,,,,,,,,,,,,,,,,,,,,,,,,,,,物理
DRINIT.txt,35,華燐結騎,c,冷却属性　×３,冷却属性　×３,1d49c,78,,3,,,3,,,,1,,,,,,,,,,,,,,,,,,,,,,,,,,,,,,,,,,,,,,,,,,,,,,,,,,,,,,,,,,,,,,,,,,,,,,,,,,,,,,,,,,,,,,,,,,,,,,,,,,,,,,,,,,,,,冷却
DRINIT.txt,35,華燐結騎,d,火炎属性　×３,火炎属性　×３,1d49d,82,,3,,,4,,,,,,,1,,,,,,,,,,,,,,,,,,,,,,,,,,,,,,,,,,,,,,,,,,,,,,,,,,,,,,,,,,,,,,,,,,,,,,,,,,,,,,,,,,,,,,,,,,,,,,,,,,,,,,,,,,火炎
DRINIT.txt,35,華燐結騎,e,電撃属性　×５,电击属性　×５,1d49e,8c,,5,,,5,,,,,,,,,,1,,,,,,,,,,,,,,,,,,,,,,,,,,,,,,,,,,,,,,,,,,,,,,,,,,,,,,,,,,,,,,,,,,,,,,,,,,,,,,,,,,,,,,,,,,,,,,,,,,,,,,,电击
DRINIT.txt,35,華燐結騎,f,電撃属性　×５,电击属性　×５,1d49f,96,e,5,,,5,,,,,,,,,,,,1,,,,,,,,,,,,,,,,,,,,,,,,,,,,,,,,,,,,,,,,,,,,,,,,,,,,,,,,,,,,,,,,,,,,,,,,,,,,,,,,,,,,,,,,,,,,,,,,,,,,,电击
DRINIT.txt,35,華燐結騎,10,神聖属性　×３,神圣属性　×３,1d4a0,a0,,3,,,6,,,,,,,,,,,,,1,,,,,,,,,,,,,,,,,,,,,,,,,,,,,,,,,,,,,,,,,,,,,,,,,,,,,,,,,,,,,,,,,,,,,,,,,,,,,,,,,,,,,,,,,,,,,,,,,,,,神圣
DRINIT.txt,35,華燐結騎,11,暗黒属性　×３,暗黑属性　×３,1d4a1,aa,,3,,,7,,,,,,,,,,,,,,,1,,,,,,,,,,,,,,,,,,,,,,,,,,,,,,,,,,,,,,,,,,,,,,,,,,,,,,,,,,,,,,,,,,,,,,,,,,,,,,,,,,,,,,,,,,,,,,,,,,暗黑
DRINIT.txt,35,華燐結騎,12,★１以上の鬼　×５,★１以上的鬼　×５,1d4a2,b4,,5,4,,,,,,,,,,,,,,,,,,5,,,,,,,,,,,,,,,,,,,,,,,,,,,,,,,,,,,,,,,,,,,,,,,,,,,,,,,,,,,,,,,,,,,,,,,,,,,,,,,,,,,,,,,,,,,,,,,,,
DRINIT.txt,35,華燐結騎,13,★１以上の鬼　×５,★１以上的鬼　×５,1d4a3,be,12,5,4,,,,,,,,,,,,,,,,,,,a,,,,,,,,,,,,,,,,,,,,,,,,,,,,,,,,,,,,,,,,,,,,,,,,,,,,,,,,,,,,,,,,,,,,,,,,,,,,,,,,,,,,,,,,,,,,,,,,
DRINIT.txt,35,華燐結騎,14,★２以上の鬼　×４,★２以上的鬼　×４,1d4a4,c8,13,4,4,,,1,,,,,,,,,,,,,,,,,f,,,,,,,,,,,,,,,,,,,,,,,,,,,,,,,,,,,,,,,,,,,,,,,,,,,,,,,,,,,,,,,,,,,,,,,,,,,,,,,,,,,,,,,,,,,,,,,
DRINIT.txt,35,華燐結騎,15,★３以上の鬼　×３,★３以上的鬼　×３,1d4a5,d2,14,3,4,,,2,,,,,,,,,,,,,,,,,,,14,,,,,,,,,,,,,,,,,,,,,,,,,,,,,,,,,,,,,,,,,,,,,,,,,,,,,,,,,,,,,,,,,,,,,,,,,,,,,,,,,,,,,,,,,,,,,
DRINIT.txt,35,華燐結騎,16,★４以上の鬼　×２,★４以上的鬼　×２,1d4a6,dc,15,2,4,,,3,,,,,,,,,,,,,,,,,,,,,1e,,,,,,,,,,,,,,,,,,,,,,,,,,,,,,,,,,,,,,,,,,,,,,,,,,,,,,,,,,,,,,,,,,,,,,,,,,,,,,,,,,,,,,,,,,,
DRINIT.txt,35,華燐結騎,17,★１以上の精霊　×５,★１以上的精灵　×５,1d4a7,e6,,5,6,,,,,,,,,,,,,,,,,,,,,,,,,,5,,,,,,,,,,,,,,,,,,,,,,,,,,,,,,,,,,,,,,,,,,,,,,,,,,,,,,,,,,,,,,,,,,,,,,,,,,,,,,,,,,,,,,,,,
DRINIT.txt,35,華燐結騎,18,★２以上の精霊　×４,★２以上的精灵　×４,1d4a8,f0,17,4,6,,,1,,,,,,,,,,,,,,,,,,,,,,,,,a,,,,,,,,,,,,,,,,,,,,,,,,,,,,,,,,,,,,,,,,,,,,,,,,,,,,,,,,,,,,,,,,,,,,,,,,,,,,,,,,,,,,,,,
DRINIT.txt,35,華燐結騎,19,★１以上の亜人　×５,★１以上的亚人　×５,1d4a9,fa,,5,2,,,,,,,,,,,,,,,,,,,,,,,,,,,,,,5,,,,,,,,,,,,,,,,,,,,,,,,,,,,,,,,,,,,,,,,,,,,,,,,,,,,,,,,,,,,,,,,,,,,,,,,,,,,,,,,,,,,,
DRINIT.txt,35,華燐結騎,1a,★３以上の亜人　×３,★３以上的亚人　×３,1d4aa,104,19,3,2,,,2,,,,,,,,,,,,,,,,,,,,,,,,,,,,,f,,,,,,,,,,,,,,,,,,,,,,,,,,,,,,,,,,,,,,,,,,,,,,,,,,,,,,,,,,,,,,,,,,,,,,,,,,,,,,,,,,,
DRINIT.txt,35,華燐結騎,1b,★１以上の巨人　×５,★１以上的巨人　×５,1d4ab,10e,,5,5,,,,,,,,,,,,,,,,,,,,,,,,,,,,,,,,,,5,,,,,,,,,,,,,,,,,,,,,,,,,,,,,,,,,,,,,,,,,,,,,,,,,,,,,,,,,,,,,,,,,,,,,,,,,,,,,,,,,
DRINIT.txt,35,華燐結騎,1c,★２以上の巨人　×４,★２以上的巨人　×４,1d4ac,118,1b,4,5,,,1,,,,,,,,,,,,,,,,,,,,,,,,,,,,,,,,,,7,,,,,,,,,,,,,,,,,,,,,,,,,,,,,,,,,,,,,,,,,,,,,,,,,,,,,,,,,,,,,,,,,,,,,,,,,,,,,,
DRINIT.txt,35,華燐結騎,1d,★３以上の巨人　×３,★３以上的巨人　×３,1d4ad,122,1c,3,5,,,2,,,,,,,,,,,,,,,,,,,,,,,,,,,,,,,,,,,,,9,,,,,,,,,,,,,,,,,,,,,,,,,,,,,,,,,,,,,,,,,,,,,,,,,,,,,,,,,,,,,,,,,,,,,,,,,,,
DRINIT.txt,35,華燐結騎,1e,★４以上　×２,,1d4ae,12c,1d,2,,,,3,,,,,,,,,,,,,,,,,,,,,,,,,,,,,,,,,,,,,,,b,,,,,,,,,,,,,,,,,,,,,,,,,,,,,,,,,,,,,,,,,,,,,,,,,,,,,,,,,,,,,,,,,,,,,,,,,
DRINIT.txt,35,華燐結騎,1f,★１以上の創造　×５,★１以上的创造　×５,1d4af,136,,5,d,,,,,,,,,,,,,,,,,,,,,,,,,,,,,,,,,,,,,,,,,,,,,3,,,,,,,,,,,,,,,,,,,,,,,,,,,,,,,,,,,,,,,,,,,,,,,,,,,,,,,,,,,,,,,,,,,,,,
DRINIT.txt,35,華燐結騎,20,★２以上の創造　×４,★２以上的创造　×４,1d4b0,140,1f,4,d,,,1,,,,,,,,,,,,,,,,,,,,,,,,,,,,,,,,,,,,,,,,,,,,6,,,,,,,,,,,,,,,,,,,,,,,,,,,,,,,,,,,,,,,,,,,,,,,,,,,,,,,,,,,,,,,,,,,,
DRINIT.txt,35,華燐結騎,21,★３以上の創造　×３,★３以上的创造　×３,1d4b1,14a,20,3,d,,,2,,,,,,,,,,,,,,,,,,,,,,,,,,,,,,,,,,,,,,,,,,,,,,c,,,,,,,,,,,,,,,,,,,,,,,,,,,,,,,,,,,,,,,,,,,,,,,,,,,,,,,,,,,,,,,,,,
DRINIT.txt,35,華燐結騎,22,★１以上の霊体　×５,★１以上的灵体　×５,1d4b2,154,,5,b,,,,,,,,,,,,,,,,,,,,,,,,,,,,,,,,,,,,,,,,,,,,,,,,,,,,4,,,,,,,,,,,,,,,,,,,,,,,,,,,,,,,,,,,,,,,,,,,,,,,,,,,,,,,,,,,,,,,
DRINIT.txt,35,華燐結騎,23,★２以上の霊体　×４,★２以上的灵体　×４,1d4b3,15e,22,4,b,,,1,,,,,,,,,,,,,,,,,,,,,,,,,,,,,,,,,,,,,,,,,,,,,,,,,,,8,,,,,,,,,,,,,,,,,,,,,,,,,,,,,,,,,,,,,,,,,,,,,,,,,,,,,,,,,,,,,
DRINIT.txt,35,華燐結騎,24,★３以上の霊体　×３,★３以上的灵体　×３,1d4b4,168,23,3,b,,,2,,,,,,,,,,,,,,,,,,,,,,,,,,,,,,,,,,,,,,,,,,,,,,,,,,,,,c,,,,,,,,,,,,,,,,,,,,,,,,,,,,,,,,,,,,,,,,,,,,,,,,,,,,,,,,,,,
DRINIT.txt,35,華燐結騎,25,★１以上の天使　×５,★１以上的天使　×５,1d4b5,172,,5,7,,,,,,,,,,,,,,,,,,,,,,,,,,,,,,,,,,,,,,,,,,,,,,,,,,,,,,,,,,,3,,,,,,,,,,,,,,,,,,,,,,,,,,,,,,,,,,,,,,,,,,,,,,,,,,,,,,,,
DRINIT.txt,35,華燐結騎,26,★２以上の天使　×４,★２以上的天使　×４,1d4b6,17c,25,4,7,,,1,,,,,,,,,,,,,,,,,,,,,,,,,,,,,,,,,,,,,,,,,,,,,,,,,,,,,,,,,,6,,,,,,,,,,,,,,,,,,,,,,,,,,,,,,,,,,,,,,,,,,,,,,,,,,,,,,
DRINIT.txt,35,華燐結騎,27,★３以上の天使　×３,★３以上的天使　×３,1d4b7,186,26,3,7,,,2,,,,,,,,,,,,,,,,,,,,,,,,,,,,,,,,,,,,,,,,,,,,,,,,,,,,,,,,,,,,a,,,,,,,,,,,,,,,,,,,,,,,,,,,,,,,,,,,,,,,,,,,,,,,,,,,,
DRINIT.txt,35,華燐結騎,28,★１以上の魔獣　×５,★１以上的魔兽　×５,1d4b8,190,,5,9,,,,,,,,,,,,,,,,,,,,,,,,,,,,,,,,,,,,,,,,,,,,,,,,,,,,,,,,,,,,,,,,,2,,,,,,,,,,,,,,,,,,,,,,,,,,,,,,,,,,,,,,,,,,,,,,,,,,
DRINIT.txt,35,華燐結騎,29,★２以上の魔獣　×４,★２以上的魔兽　×４,1d4b9,19a,28,4,9,,,1,,,,,,,,,,,,,,,,,,,,,,,,,,,,,,,,,,,,,,,,,,,,,,,,,,,,,,,,,,,,,,,,2,,,,,,,,,,,,,,,,,,,,,,,,,,,,,,,,,,,,,,,,,,,,,,,,
DRINIT.txt,35,華燐結騎,2a,★３以上の魔獣　×３,★３以上的魔兽　×３,1d4ba,1a4,29,3,9,,,2,,,,,,,,,,,,,,,,,,,,,,,,,,,,,,,,,,,,,,,,,,,,,,,,,,,,,,,,,,,,,,,,,,5,,,,,,,,,,,,,,,,,,,,,,,,,,,,,,,,,,,,,,,,,,,,,,
DRINIT.txt,35,華燐結騎,2b,★１以上の幻獣　×５,★１以上的幻兽　×５,1d4bb,1ae,,5,a,,,,,,,,,,,,,,,,,,,,,,,,,,,,,,,,,,,,,,,,,,,,,,,,,,,,,,,,,,,,,,,,,,,,,,,2,,,,,,,,,,,,,,,,,,,,,,,,,,,,,,,,,,,,,,,,,,,,
DRINIT.txt,35,華燐結騎,2c,★２以上の幻獣　×４,★２以上的幻兽　×４,1d4bc,1b8,2b,4,a,,,1,,,,,,,,,,,,,,,,,,,,,,,,,,,,,,,,,,,,,,,,,,,,,,,,,,,,,,,,,,,,,,,,,,,,,,2,,,,,,,,,,,,,,,,,,,,,,,,,,,,,,,,,,,,,,,,,,
DRINIT.txt,35,華燐結騎,2d,★３以上の幻獣　×３,★３以上的幻兽　×３,1d4bd,1c2,2c,3,a,,,2,,,,,,,,,,,,,,,,,,,,,,,,,,,,,,,,,,,,,,,,,,,,,,,,,,,,,,,,,,,,,,,,,,,,,,,,2,,,,,,,,,,,,,,,,,,,,,,,,,,,,,,,,,,,,,,,,
DRINIT.txt,35,華燐結騎,2e,★５　×１,,1d4be,1cc,2,1,,,,4,,,,,,,,,,,,,,,,,,,,,,,,,,,,,,,,,,,,,,,,,,,,,,,,,,,,,,,,,,,,,,,,,,,,,,,,,,,1,,,,,,,,,,,,,,,,,,,,,,,,,,,,,,,,,,,,,
DRINIT.txt,35,華燐結騎,2f,★１以上の一般　×５,★１以上的一般　×５,1d4bf,1d6,,5,3,,,,,,,,,,,,,,,,,,,,,,,,,,,,,,,,,,,,,,,,,,,,,,,,,,,,,,,,,,,,,,,,,,,,,,,,,,,,,,,,a,,,,,,,,,,,,,,,,,,,,,,,,,,,,,,,,,,,
DRINIT.txt,35,華燐結騎,30,★２以上の一般　×４,★２以上的一般　×４,1d4c0,1e0,2f,4,3,,,1,,,,,,,,,,,,,,,,,,,,,,,,,,,,,,,,,,,,,,,,,,,,,,,,,,,,,,,,,,,,,,,,,,,,,,,,,,,,,,,14,,,,,,,,,,,,,,,,,,,,,,,,,,,,,,,,,
DRINIT.txt,35,華燐結騎,31,★３以上の一般　×３,★３以上的一般　×３,1d4c1,1ea,30,3,3,,,2,,,,,,,,,,,,,,,,,,,,,,,,,,,,,,,,,,,,,,,,,,,,,,,,,,,,,,,,,,,,,,,,,,,,,,,,,,,,,,,,1e,,,,,,,,,,,,,,,,,,,,,,,,,,,,,,,,
DRINIT.txt,35,華燐結騎,32,★４以上の一般　×２,★４以上的一般　×２,1d4c2,1f4,31,2,3,,,3,,,,,,,,,,,,,,,,,,,,,,,,,,,,,,,,,,,,,,,,,,,,,,,,,,,,,,,,,,,,,,,,,,,,,,,,,,,,,,,,,28,,,,,,,,,,,,,,,,,,,,,,,,,,,,,,,
DRINIT.txt,35,華燐結騎,33,★１以上　×３,,1d4c3,5,,3,,,,,,,,,,,,,,,,,,,,,,,,,,,,,,,,,,,,,,,,,,,,,,,,,,,,,,,,,,,,,,,,,,,,,,,,,,,,,,,,,,,,,,,,,,,,,,,,,,,,,,,,,,,,,,,,,,,15f,
DRINIT.txt,35,華燐結騎,34,★４以上の地脈属性　×５,★４以上的地脉属性　×５,1d4c4,208,2,5,,,2,3,,,,,,,,,,,,,,,,,,,,,,,,,,,,,,,,,,,,,,,,,,,,,,,,,,,,,,,,,,,,,,,,,,,,,,,,,,,,,,,,,,,,,,,,,,,,,,,,,,,,,,,,,,,,,,,292,地脉
DRINIT.txt,35,華燐結騎,35,★２以上の不死　×４,★２以上的不死　×４,1d4c5,109,,4,c,,,1,,,,,,,,,,,,,,,,,,,,,,,,,,,,,,,,,,,,,,,,,,,,,,,,,,,,,,,,,,,,,,,,,,,,,,,,,,,,,,,,,,,5,,,,,,,,,,,,,,,,,,,,,,,,,,,,,
DRINIT.txt,35,華燐結騎,36,★３以上の不死　×３,★３以上的不死　×３,1d4c6,10a,35,3,c,,,2,,,,,,,,,,,,,,,,,,,,,,,,,,,,,,,,,,,,,,,,,,,,,,,,,,,,,,,,,,,,,,,,,,,,,,,,,,,,,,,,,,,,,a,,,,,,,,,,,,,,,,,,,,,,,,,,,
$3$DRINIT.txt,35,華燐結騎,37,★２以上の鬼　×２,★２以上的鬼　×２,1d4c7,226,16,2,4,,,1,,,,,,,,,,,,,,,,,,,,,,,,,,,,,,,,,,,,,,,,,,,,,,,,,,,,,,,,,,,,,,,,,,,,,,,,,,,,,,,,,,,,,,,f,,,,,,,,,,,,,,,,,,,,,,,,,
$3$DRINIT.txt,35,華燐結騎,38,★３以上の鬼　×４,★３以上的鬼　×４,1d4c8,230,37,4,4,,,2,,,,,,,,,,,,,,,,,,,,,,,,,,,,,,,,,,,,,,,,,,,,,,,,,,,,,,,,,,,,,,,,,,,,,,,,,,,,,,,,,,,,,,,,14,,,,,,,,,,,,,,,,,,,,,,,,
$3$DRINIT.txt,35,華燐結騎,39,★４以上の鬼　×６,★４以上的鬼　×６,1d4c9,23a,38,6,4,,,3,,,,,,,,,,,,,,,,,,,,,,,,,,,,,,,,,,,,,,,,,,,,,,,,,,,,,,,,,,,,,,,,,,,,,,,,,,,,,,,,,,,,,,,,,,,,19,,,,,,,,,,,,,,,,,,,,
$3$DRINIT.txt,35,華燐結騎,3a,★３以上の不死　×４,★３以上的不死　×４,1d4ca,244,,4,c,,,2,,,,,,,,,,,,,,,,,,,,,,,,,,,,,,,,,,,,,,,,,,,,,,,,,,,,,,,,,,,,,,,,,,,,,,,,,,,,,,,,,,,,,,,,,,,,,1e,,,,,,,,,,,,,,,,,,,
$3$DRINIT.txt,35,華燐結騎,3b,★４以上の悪魔　×４,★４以上的恶魔　×４,1d4cb,24e,,4,8,,,3,,,,,,,,,,,,,,,,,,,,,,,,,,,,,,,,,,,,,,,,,,,,,,,,,,,,,,,,,,,,,,,,,,,,,,,,,,,,,,,,,,,,,,,,,,,,,,,,a,,,,,,,,,,,,,,,,
$3$DRINIT.txt,35,華燐結騎,3c,★１以上の巨人　×４,★１以上的巨人　×４,1d4cc,258,1e,4,5,,,,,,,,,,,,,,,,,,,,,,,,,,,,,,,,,,,,,,,,,,,,,,,,,,,,,,,,,,,,,,,,,,,,,,,,,,,,,,,,,,,,,,,,,,,,,,,,,,,,,5,,,,,,,,,,,,,,
$3$DRINIT.txt,35,華燐結騎,3d,★３以上の巨人　×６,★３以上的巨人　×６,1d4cd,262,3c,6,5,,,2,,,,,,,,,,,,,,,,,,,,,,,,,,,,,,,,,,,,,,,,,,,,,,,,,,,,,,,,,,,,,,,,,,,,,,,,,,,,,,,,,,,,,,,,,,,,,,,,,,,a,,,,,,,,,,,,,
$3$DRINIT.txt,35,華燐結騎,3e,★１以上の創造　×４,★１以上的创造　×４,1d4ce,26c,21,4,d,,,,,,,,,,,,,,,,,,,,,,,,,,,,,,,,,,,,,,,,,,,,,,,,,,,,,,,,,,,,,,,,,,,,,,,,,,,,,,,,,,,,,,,,,,,,,,,,,,,,,,,5,,,,,,,,,,,,
$3$DRINIT.txt,35,華燐結騎,3f,★４以上の創造　×６,★４以上的创造　×６,1d4cf,276,3e,6,d,,,3,,,,,,,,,,,,,,,,,,,,,,,,,,,,,,,,,,,,,,,,,,,,,,,,,,,,,,,,,,,,,,,,,,,,,,,,,,,,,,,,,,,,,,,,,,,,,,,,,,,,,a,,,,,,,,,,,
$3$DRINIT.txt,35,華燐結騎,40,★１以上の霊体　×４,★１以上的灵体　×４,1d4d0,280,24,4,b,,,,,,,,,,,,,,,,,,,,,,,,,,,,,,,,,,,,,,,,,,,,,,,,,,,,,,,,,,,,,,,,,,,,,,,,,,,,,,,,,,,,,,,,,,,,,,,,,,,,,,,,,2,,,,,,,,,,
$3$DRINIT.txt,35,華燐結騎,41,★４以上の霊体　×６,★４以上的灵体　×６,1d4d1,28a,40,6,b,,,3,,,,,,,,,,,,,,,,,,,,,,,,,,,,,,,,,,,,,,,,,,,,,,,,,,,,,,,,,,,,,,,,,,,,,,,,,,,,,,,,,,,,,,,,,,,,,,,,,,,,,,,4,,,,,,,,,
$3$DRINIT.txt,35,華燐結騎,42,★１以上の天使　×４,★１以上的天使　×４,1d4d2,294,27,4,7,,,,,,,,,,,,,,,,,,,,,,,,,,,,,,,,,,,,,,,,,,,,,,,,,,,,,,,,,,,,,,,,,,,,,,,,,,,,,,,,,,,,,,,,,,,,,,,,,,,,,,,,,,,2,,,,,,,,
$3$DRINIT.txt,35,華燐結騎,43,★４以上の天使　×６,★４以上的天使　×６,1d4d3,29e,42,6,7,,,3,,,,,,,,,,,,,,,,,,,,,,,,,,,,,,,,,,,,,,,,,,,,,,,,,,,,,,,,,,,,,,,,,,,,,,,,,,,,,,,,,,,,,,,,,,,,,,,,,,,,,,,,,4,,,,,,,
$3$DRINIT.txt,35,華燐結騎,44,★１以上の魔獣　×４,★１以上的魔兽　×４,1d4d4,2a8,2a,4,9,,,,,,,,,,,,,,,,,,,,,,,,,,,,,,,,,,,,,,,,,,,,,,,,,,,,,,,,,,,,,,,,,,,,,,,,,,,,,,,,,,,,,,,,,,,,,,,,,,,,,,,,,,,,,2,,,,,,
$3$DRINIT.txt,35,華燐結騎,45,★４以上の魔獣　×６,★４以上的魔兽　×６,1d4d5,2b2,44,6,9,,,3,,,,,,,,,,,,,,,,,,,,,,,,,,,,,,,,,,,,,,,,,,,,,,,,,,,,,,,,,,,,,,,,,,,,,,,,,,,,,,,,,,,,,,,,,,,,,,,,,,,,,,,,,,,4,,,,,
$3$DRINIT.txt,35,華燐結騎,46,★１以上の幻獣　×４,★１以上的幻兽　×４,1d4d6,2bc,2d,4,a,,,,,,,,,,,,,,,,,,,,,,,,,,,,,,,,,,,,,,,,,,,,,,,,,,,,,,,,,,,,,,,,,,,,,,,,,,,,,,,,,,,,,,,,,,,,,,,,,,,,,,,,,,,,,,,5,,,,
$3$DRINIT.txt,35,華燐結騎,47,★３以上の幻獣　×６,★３以上的幻兽　×６,1d4d7,2c6,46,6,a,,,2,,,,,,,,,,,,,,,,,,,,,,,,,,,,,,,,,,,,,,,,,,,,,,,,,,,,,,,,,,,,,,,,,,,,,,,,,,,,,,,,,,,,,,,,,,,,,,,,,,,,,,,,,,,,,a,,,
$3$DRINIT.txt,35,華燐結騎,48,★５　×１０,,1d4d8,2d0,2e,a,,,,4,,,,,,,,,,,,,,,,,,,,,,,,,,,,,,,,,,,,,,,,,,,,,,,,,,,,,,,,,,,,,,,,,,,,,,,,,,,,,,,,,,,,,,,,,,,,,,,,,,,,,,,,,,,,,,1,,
$3$DRINIT.txt,35,華燐結騎,49,★４以上の地脈属性　×５,★４以上的地脉属性　×５,1d4d9,2da,4d,5,,,2,3,,,,,,,,,,,,,,,,,,,,,,,,,,,,,,,,,,,,,,,,,,,,,,,,,,,,,,,,,,,,,,,,,,,,,,,,,,,,,,,,,,,,,,,,,,,,,,,,,,,,,,,,,,,,,,,19,地脉
$3$DRINIT.txt,35,華燐結騎,4a,★５以上の地脈属性　×５,★５以上的地脉属性　×５,1d4da,2e4,50,5,,,2,4,,,,,,,,,,,,,,,,,,,,,,,,,,,,,,,,,,,,,,,,,,,,,,,,,,,,,,,,,,,,,,,,,,,,,,,,,,,,,,,,,,,,,,,,,,,,,,,,,,,,,,,,,,,,,,,f2,地脉
$3$DRINIT.txt,35,華燐結騎,4b,★１以上の地脈属性　×２,★１以上的地脉属性　×２,1d4db,2ee,,2,,,2,,,,,,,,,,,,,,,,,,,,,,,,,,,,,,,,,,,,,,,,,,,,,,,,,,,,,,,,,,,,,,,,,,,,,,,,,,,,,,,,,,,,,,,,,,,,,,,,,,,,,,,,,,,,,,,,ba,地脉
$3$DRINIT.txt,35,華燐結騎,4c,★３以上の地脈属性　×４,★３以上的地脉属性　×４,1d4dc,2f8,4b,4,,,2,2,,,,,,,,,,,,,,,,,,,,,,,,,,,,,,,,,,,,,,,,,,,,,,,,,,,,,,,,,,,,,,,,,,,,,,,,,,,,,,,,,,,,,,,,,,,,,,,,,,,,,,,,,,,,,,,bb,地脉
$3$DRINIT.txt,35,華燐結騎,4d,★４以上の地脈属性　×８,★４以上的地脉属性　×８,1d4dd,302,4c,8,,,2,3,,,,,,,,,,,,,,,,,,,,,,,,,,,,,,,,,,,,,,,,,,,,,,,,,,,,,,,,,,,,,,,,,,,,,,,,,,,,,,,,,,,,,,,,,,,,,,,,,,,,,,,,,,,,,,,bc,地脉
$3$DRINIT.txt,35,華燐結騎,4e,★１以上の地脈属性　×２,★１以上的地脉属性　×２,1d4de,30c,,2,,,2,,,,,,,,,,,,,,,,,,,,,,,,,,,,,,,,,,,,,,,,,,,,,,,,,,,,,,,,,,,,,,,,,,,,,,,,,,,,,,,,,,,,,,,,,,,,,,,,,,,,,,,,,,,,,,,,88,地脉
$3$DRINIT.txt,35,華燐結騎,4f,★３以上の地脈属性　×４,★３以上的地脉属性　×４,1d4df,316,4e,4,,,2,2,,,,,,,,,,,,,,,,,,,,,,,,,,,,,,,,,,,,,,,,,,,,,,,,,,,,,,,,,,,,,,,,,,,,,,,,,,,,,,,,,,,,,,,,,,,,,,,,,,,,,,,,,,,,,,,89,地脉
$3$DRINIT.txt,35,華燐結騎,50,★４以上の地脈属性　×８,★４以上的地脉属性　×８,1d4e0,320,4f,8,,,2,3,,,,,,,,,,,,,,,,,,,,,,,,,,,,,,,,,,,,,,,,,,,,,,,,,,,,,,,,,,,,,,,,,,,,,,,,,,,,,,,,,,,,,,,,,,,,,,,,,,,,,,,,,,,,,,,8a,地脉
DRINIT.txt,37,霊虚二舞イ人ノ傀,1,★１以上の女性　×５,★１以上的女性　×５,1d491,a,,5,,2,,,,,,,,,,,,,,,,,,,,,,,,,,,,,,,,,,,,,,,,,,,,,,,,,,,,,,,,,,,,,,,,,,,,,,,,,,,,,,,,,,,,,,,,,,,,,,,,,,,,,,,,,,,,,,,,,15b,
DRINIT.txt,37,霊虚二舞イ人ノ傀,2,★４以上の女性　×２,★４以上的女性　×２,1d492,14,1,2,,2,,3,,,,,,,,,,,,,,,,,,,,,,,,,,,,,,,,,,,,,,,,,,,,,,,,,,,,,,,,,,,,,,,,,,,,,,,,,,,,,,,,,,,,,,,,,,,,,,,,,,,,,,,,,,,,,,,15c,
DRINIT.txt,37,霊虚二舞イ人ノ傀,3,★５の女性　×１,★５的女性　×１,1d493,1e,2,1,,2,,4,,,,,,,,,,,,,,,,,,,,,,,,,,,,,,,,,,,,,,,,,,,,,,,,,,,,,,,,,,,,,,,,,,,,,,,,,,,,,,,,,,,,,,,,,,,,,,,,,,,,,,,,,,,,,,,39,
DRINIT.txt,37,霊虚二舞イ人ノ傀,4,★１以上の女性　×５,★１以上的女性　×５,1d494,28,,5,,2,,,,,,,,,,,,,,,,,,,,,,,,,,,,,,,,,,,,,,,,,,,,,,,,,,,,,,,,,,,,,,,,,,,,,,,,,,,,,,,,,,,,,,,,,,,,,,,,,,,,,,,,,,,,,,,,,d9,
DRINIT.txt,37,霊虚二舞イ人ノ傀,5,★３以上の女性　×３,★３以上的女性　×３,1d495,32,4,3,,2,,2,,,,,,,,,,,,,,,,,,,,,,,,,,,,,,,,,,,,,,,,,,,,,,,,,,,,,,,,,,,,,,,,,,,,,,,,,,,,,,,,,,,,,,,,,,,,,,,,,,,,,,,,,,,,,,,da,
DRINIT.txt,37,霊虚二舞イ人ノ傀,6,★２以上の女性　×４,★２以上的女性　×４,1d496,3c,,4,,2,,1,,,,,,,,,,,,,,,,,,,,,,,,,,,,,,,,,,,,,,,,,,,,,,,,,,,,,,,,,,,,,,,,,,,,,,,,,,,,,,,,,,,,,,,,,,,,,,,,,,,,,,,,,,,,,,,b5,
DRINIT.txt,37,霊虚二舞イ人ノ傀,7,★３以上の女性　×３,★３以上的女性　×３,1d497,46,6,3,,2,,2,,,,,,,,,,,,,,,,,,,,,,,,,,,,,,,,,,,,,,,,,,,,,,,,,,,,,,,,,,,,,,,,,,,,,,,,,,,,,,,,,,,,,,,,,,,,,,,,,,,,,,,,,,,,,,,b6,
DRINIT.txt,37,霊虚二舞イ人ノ傀,8,★４以上の女性　×２,★４以上的女性　×２,1d498,50,7,2,,2,,3,,,,,,,,,,,,,,,,,,,,,,,,,,,,,,,,,,,,,,,,,,,,,,,,,,,,,,,,,,,,,,,,,,,,,,,,,,,,,,,,,,,,,,,,,,,,,,,,,,,,,,,,,,,,,,,b7,
DRINIT.txt,37,霊虚二舞イ人ノ傀,9,★３以上の女性　×３,★３以上的女性　×３,1d499,5a,,3,,2,,2,,,,,,,,,,,,,,,,,,,,,,,,,,,,,,,,,,,,,,,,,,,,,,,,,,,,,,,,,,,,,,,,,,,,,,,,,,,,,,,,,,,,,,,,,,,,,,,,,,,,,,,,,,,,,,,65,
DRINIT.txt,37,霊虚二舞イ人ノ傀,a,★４以上の女性　×２,★４以上的女性　×２,1d49a,64,9,2,,2,,3,,,,,,,,,,,,,,,,,,,,,,,,,,,,,,,,,,,,,,,,,,,,,,,,,,,,,,,,,,,,,,,,,,,,,,,,,,,,,,,,,,,,,,,,,,,,,,,,,,,,,,,,,,,,,,,67,
DRINIT.txt,37,霊虚二舞イ人ノ傀,b,★５の女性　×１,★５的女性　×１,1d49b,6e,a,1,,2,,4,,,,,,,,,,,,,,,,,,,,,,,,,,,,,,,,,,,,,,,,,,,,,,,,,,,,,,,,,,,,,,,,,,,,,,,,,,,,,,,,,,,,,,,,,,,,,,,,,,,,,,,,,,,,,,,68,
DRINIT.txt,37,霊虚二舞イ人ノ傀,c,地脈属性　×３,地脉属性　×３,1d49c,78,,3,,,2,,,1,,,,,,,,,,,,,,,,,,,,,,,,,,,,,,,,,,,,,,,,,,,,,,,,,,,,,,,,,,,,,,,,,,,,,,,,,,,,,,,,,,,,,,,,,,,,,,,,,,,,,,,,,,,,,,地脉
DRINIT.txt,37,霊虚二舞イ人ノ傀,d,冷却属性　×３,冷却属性　×３,1d49d,82,,3,,,3,,,,,,1,,,,,,,,,,,,,,,,,,,,,,,,,,,,,,,,,,,,,,,,,,,,,,,,,,,,,,,,,,,,,,,,,,,,,,,,,,,,,,,,,,,,,,,,,,,,,,,,,,,,,,,,,,,冷却
DRINIT.txt,37,霊虚二舞イ人ノ傀,e,火炎属性　×３,火炎属性　×３,1d49e,8c,,3,,,4,,,,,,,,,1,,,,,,,,,,,,,,,,,,,,,,,,,,,,,,,,,,,,,,,,,,,,,,,,,,,,,,,,,,,,,,,,,,,,,,,,,,,,,,,,,,,,,,,,,,,,,,,,,,,,,,,,火炎
DRINIT.txt,37,霊虚二舞イ人ノ傀,f,電撃属性　×３,电击属性　×３,1d49f,96,,3,,,5,,,,,,,,,,,,1,,,,,,,,,,,,,,,,,,,,,,,,,,,,,,,,,,,,,,,,,,,,,,,,,,,,,,,,,,,,,,,,,,,,,,,,,,,,,,,,,,,,,,,,,,,,,,,,,,,,,电击
DRINIT.txt,37,霊虚二舞イ人ノ傀,10,神聖属性　×５,神圣属性　×５,1d4a0,a0,,5,,,6,,,,,,,,,,,,,1,,,,,,,,,,,,,,,,,,,,,,,,,,,,,,,,,,,,,,,,,,,,,,,,,,,,,,,,,,,,,,,,,,,,,,,,,,,,,,,,,,,,,,,,,,,,,,,,,,,,神圣
DRINIT.txt,37,霊虚二舞イ人ノ傀,11,神聖属性　×１０,神圣属性　×１０,1d4a1,aa,10,a,,,6,,,,,,,,,,,,,,1,,,,,,,,,,,,,,,,,,,,,,,,,,,,,,,,,,,,,,,,,,,,,,,,,,,,,,,,,,,,,,,,,,,,,,,,,,,,,,,,,,,,,,,,,,,,,,,,,,,神圣
DRINIT.txt,37,霊虚二舞イ人ノ傀,12,★１以上の鬼　×５,★１以上的鬼　×５,1d4a2,b4,,5,4,,,,,,,,,,,,,,,,,,4,,,,,,,,,,,,,,,,,,,,,,,,,,,,,,,,,,,,,,,,,,,,,,,,,,,,,,,,,,,,,,,,,,,,,,,,,,,,,,,,,,,,,,,,,,,,,,,,,
DRINIT.txt,37,霊虚二舞イ人ノ傀,13,★２以上の鬼　×４,★２以上的鬼　×４,1d4a3,be,12,4,4,,,1,,,,,,,,,,,,,,,,8,,,,,,,,,,,,,,,,,,,,,,,,,,,,,,,,,,,,,,,,,,,,,,,,,,,,,,,,,,,,,,,,,,,,,,,,,,,,,,,,,,,,,,,,,,,,,,,,
DRINIT.txt,37,霊虚二舞イ人ノ傀,14,★３以上の鬼　×３,★３以上的鬼　×３,1d4a4,c8,13,3,4,,,2,,,,,,,,,,,,,,,,,c,,,,,,,,,,,,,,,,,,,,,,,,,,,,,,,,,,,,,,,,,,,,,,,,,,,,,,,,,,,,,,,,,,,,,,,,,,,,,,,,,,,,,,,,,,,,,,,
DRINIT.txt,37,霊虚二舞イ人ノ傀,15,★４以上の鬼　×２,★４以上的鬼　×２,1d4a5,d2,14,2,4,,,3,,,,,,,,,,,,,,,,,,,f,,,,,,,,,,,,,,,,,,,,,,,,,,,,,,,,,,,,,,,,,,,,,,,,,,,,,,,,,,,,,,,,,,,,,,,,,,,,,,,,,,,,,,,,,,,,,
DRINIT.txt,37,霊虚二舞イ人ノ傀,16,★１以上の精霊　×５,★１以上的精灵　×５,1d4a6,dc,,5,6,,,,,,,,,,,,,,,,,,,,,,,,,5,,,,,,,,,,,,,,,,,,,,,,,,,,,,,,,,,,,,,,,,,,,,,,,,,,,,,,,,,,,,,,,,,,,,,,,,,,,,,,,,,,,,,,,,,,
DRINIT.txt,37,霊虚二舞イ人ノ傀,17,★３以上の精霊　×３,★３以上的精灵　×３,1d4a7,e6,16,3,6,,,2,,,,,,,,,,,,,,,,,,,,,,,a,,,,,,,,,,,,,,,,,,,,,,,,,,,,,,,,,,,,,,,,,,,,,,,,,,,,,,,,,,,,,,,,,,,,,,,,,,,,,,,,,,,,,,,,,
DRINIT.txt,37,霊虚二舞イ人ノ傀,18,★２以上の亜人　×４,★２以上的亚人　×４,1d4a8,f0,,4,2,,,1,,,,,,,,,,,,,,,,,,,,,,,,,,5,,,,,,,,,,,,,,,,,,,,,,,,,,,,,,,,,,,,,,,,,,,,,,,,,,,,,,,,,,,,,,,,,,,,,,,,,,,,,,,,,,,,,,
DRINIT.txt,37,霊虚二舞イ人ノ傀,19,★３以上の亜人　×３,★３以上的亚人　×３,1d4a9,fa,18,3,2,,,2,,,,,,,,,,,,,,,,,,,,,,,,,,,a,,,,,,,,,,,,,,,,,,,,,,,,,,,,,,,,,,,,,,,,,,,,,,,,,,,,,,,,,,,,,,,,,,,,,,,,,,,,,,,,,,,,,
DRINIT.txt,37,霊虚二舞イ人ノ傀,1a,★３以上の悪魔　×１,★３以上的恶魔　×１,1d4aa,104,,1,8,,,2,,,,,,,,,,,,,,,,,,,,,,,,,,,,4,,,,,,,,,,,,,,,,,,,,,,,,,,,,,,,,,,,,,,,,,,,,,,,,,,,,,,,,,,,,,,,,,,,,,,,,,,,,,,,,,,,,
DRINIT.txt,37,霊虚二舞イ人ノ傀,1b,★３以上の悪魔　×２,★３以上的恶魔　×２,1d4ab,10e,1a,2,8,,,2,,,,,,,,,,,,,,,,,,,,,,,,,,,,,,4,,,,,,,,,,,,,,,,,,,,,,,,,,,,,,,,,,,,,,,,,,,,,,,,,,,,,,,,,,,,,,,,,,,,,,,,,,,,,,,,,,
DRINIT.txt,37,霊虚二舞イ人ノ傀,1c,★３以上の悪魔　×３,★３以上的恶魔　×３,1d4ac,118,1b,3,8,,,2,,,,,,,,,,,,,,,,,,,,,,,,,,,,,,,,,4,,,,,,,,,,,,,,,,,,,,,,,,,,,,,,,,,,,,,,,,,,,,,,,,,,,,,,,,,,,,,,,,,,,,,,,,,,,,,,,
DRINIT.txt,37,霊虚二舞イ人ノ傀,1d,★１以上の巨人　×５,★１以上的巨人　×５,1d4ad,122,,5,5,,,,,,,,,,,,,,,,,,,,,,,,,,,,,,,,,,,,,,,,4,,,,,,,,,,,,,,,,,,,,,,,,,,,,,,,,,,,,,,,,,,,,,,,,,,,,,,,,,,,,,,,,,,,,,,,,,,,
DRINIT.txt,37,霊虚二舞イ人ノ傀,1e,★２以上の巨人　×４,★２以上的巨人　×４,1d4ae,12c,1d,4,5,,,1,,,,,,,,,,,,,,,,,,,,,,,,,,,,,,,,,,,,,,,6,,,,,,,,,,,,,,,,,,,,,,,,,,,,,,,,,,,,,,,,,,,,,,,,,,,,,,,,,,,,,,,,,,,,,,,,,
DRINIT.txt,37,霊虚二舞イ人ノ傀,1f,★３以上の巨人　×３,★３以上的巨人　×３,1d4af,136,1e,3,5,,,2,,,,,,,,,,,,,,,,,,,,,,,,,,,,,,,,,,,,,,,,,8,,,,,,,,,,,,,,,,,,,,,,,,,,,,,,,,,,,,,,,,,,,,,,,,,,,,,,,,,,,,,,,,,,,,,,,
DRINIT.txt,37,霊虚二舞イ人ノ傀,20,★４以上　×２,,1d4b0,140,1f,2,,,,3,,,,,,,,,,,,,,,,,,,,,,,,,,,,,,,,,,,,,,,,,,,a,,,,,,,,,,,,,,,,,,,,,,,,,,,,,,,,,,,,,,,,,,,,,,,,,,,,,,,,,,,,,,,,,,,,,
DRINIT.txt,37,霊虚二舞イ人ノ傀,21,★５　×１,,1d4b1,14a,20,1,,,,4,,,,,,,,,,,,,,,,,,,,,,,,,,,,,,,,,,,,,,,,,,,,,c,,,,,,,,,,,,,,,,,,,,,,,,,,,,,,,,,,,,,,,,,,,,,,,,,,,,,,,,,,,,,,,,,,,
DRINIT.txt,37,霊虚二舞イ人ノ傀,22,★１以上の創造　×５,★１以上的创造　×５,1d4b2,154,,5,d,,,,,,,,,,,,,,,,,,,,,,,,,,,,,,,,,,,,,,,,,,,,,,,,,,,5,,,,,,,,,,,,,,,,,,,,,,,,,,,,,,,,,,,,,,,,,,,,,,,,,,,,,,,,,,,,,,,,
DRINIT.txt,37,霊虚二舞イ人ノ傀,23,★２以上の創造　×４,★２以上的创造　×４,1d4b3,15e,22,4,d,,,1,,,,,,,,,,,,,,,,,,,,,,,,,,,,,,,,,,,,,,,,,,,,,,,,,,a,,,,,,,,,,,,,,,,,,,,,,,,,,,,,,,,,,,,,,,,,,,,,,,,,,,,,,,,,,,,,,
DRINIT.txt,37,霊虚二舞イ人ノ傀,24,★３以上の創造　×３,★３以上的创造　×３,1d4b4,168,23,3,d,,,2,,,,,,,,,,,,,,,,,,,,,,,,,,,,,,,,,,,,,,,,,,,,,,,,,,,,f,,,,,,,,,,,,,,,,,,,,,,,,,,,,,,,,,,,,,,,,,,,,,,,,,,,,,,,,,,,,
DRINIT.txt,37,霊虚二舞イ人ノ傀,25,★１以上の霊体　×５,★１以上的灵体　×５,1d4b5,172,,5,b,,,,,,,,,,,,,,,,,,,,,,,,,,,,,,,,,,,,,,,,,,,,,,,,,,,,,,,,,,5,,,,,,,,,,,,,,,,,,,,,,,,,,,,,,,,,,,,,,,,,,,,,,,,,,,,,,,,,
DRINIT.txt,37,霊虚二舞イ人ノ傀,26,★３以上の霊体　×３,★３以上的灵体　×３,1d4b6,17c,25,3,b,,,2,,,,,,,,,,,,,,,,,,,,,,,,,,,,,,,,,,,,,,,,,,,,,,,,,,,,,,,,,a,,,,,,,,,,,,,,,,,,,,,,,,,,,,,,,,,,,,,,,,,,,,,,,,,,,,,,,
DRINIT.txt,37,霊虚二舞イ人ノ傀,27,★１以上の天使　×５,★１以上的天使　×５,1d4b7,186,,5,7,,,,,,,,,,,,,,,,,,,,,,,,,,,,,,,,,,,,,,,,,,,,,,,,,,,,,,,,,,,,,,,5,,,,,,,,,,,,,,,,,,,,,,,,,,,,,,,,,,,,,,,,,,,,,,,,,,,,
DRINIT.txt,37,霊虚二舞イ人ノ傀,28,★３以上の天使　×３,★３以上的天使　×３,1d4b8,190,27,3,7,,,2,,,,,,,,,,,,,,,,,,,,,,,,,,,,,,,,,,,,,,,,,,,,,,,,,,,,,,,,,,,,,a,,,,,,,,,,,,,,,,,,,,,,,,,,,,,,,,,,,,,,,,,,,,,,,,,,,
DRINIT.txt,37,霊虚二舞イ人ノ傀,29,★１以上の魔獣　×５,★１以上的魔兽　×５,1d4b9,19a,,5,9,,,,,,,,,,,,,,,,,,,,,,,,,,,,,,,,,,,,,,,,,,,,,,,,,,,,,,,,,,,,,,,,,,,3,,,,,,,,,,,,,,,,,,,,,,,,,,,,,,,,,,,,,,,,,,,,,,,,
DRINIT.txt,37,霊虚二舞イ人ノ傀,2a,★２以上の魔獣　×４,★２以上的魔兽　×４,1d4ba,1a4,29,4,9,,,1,,,,,,,,,,,,,,,,,,,,,,,,,,,,,,,,,,,,,,,,,,,,,,,,,,,,,,,,,,,,,,,,,,6,,,,,,,,,,,,,,,,,,,,,,,,,,,,,,,,,,,,,,,,,,,,,,
DRINIT.txt,37,霊虚二舞イ人ノ傀,2b,★３以上の魔獣　×３,★３以上的魔兽　×３,1d4bb,1ae,2a,3,9,,,2,,,,,,,,,,,,,,,,,,,,,,,,,,,,,,,,,,,,,,,,,,,,,,,,,,,,,,,,,,,,,,,,,,,9,,,,,,,,,,,,,,,,,,,,,,,,,,,,,,,,,,,,,,,,,,,,,
DRINIT.txt,37,霊虚二舞イ人ノ傀,2c,★４以上の魔獣　×２,★４以上的魔兽　×２,1d4bc,1b8,2b,2,9,,,3,,,,,,,,,,,,,,,,,,,,,,,,,,,,,,,,,,,,,,,,,,,,,,,,,,,,,,,,,,,,,,,,,,,,,c,,,,,,,,,,,,,,,,,,,,,,,,,,,,,,,,,,,,,,,,,,,
DRINIT.txt,37,霊虚二舞イ人ノ傀,2d,★２以上の幻獣　×４,★２以上的幻兽　×４,1d4bd,1c2,,4,a,,,1,,,,,,,,,,,,,,,,,,,,,,,,,,,,,,,,,,,,,,,,,,,,,,,,,,,,,,,,,,,,,,,,,,,,,,,,3,,,,,,,,,,,,,,,,,,,,,,,,,,,,,,,,,,,,,,,,
DRINIT.txt,37,霊虚二舞イ人ノ傀,2e,★３以上の幻獣　×３,★３以上的幻兽　×３,1d4be,1cc,2d,3,a,,,2,,,,,,,,,,,,,,,,,,,,,,,,,,,,,,,,,,,,,,,,,,,,,,,,,,,,,,,,,,,,,,,,,,,,,,,,,,3,,,,,,,,,,,,,,,,,,,,,,,,,,,,,,,,,,,,,,
DRINIT.txt,37,霊虚二舞イ人ノ傀,2f,★４以上の幻獣　×２,★４以上的幻兽　×２,1d4bf,1d6,2e,2,a,,,3,,,,,,,,,,,,,,,,,,,,,,,,,,,,,,,,,,,,,,,,,,,,,,,,,,,,,,,,,,,,,,,,,,,,,,,,,,,,3,,,,,,,,,,,,,,,,,,,,,,,,,,,,,,,,,,,,
DRINIT.txt,37,霊虚二舞イ人ノ傀,30,★５　×１,,1d4c0,1e0,2,1,,,,4,,,,,,,,,,,,,,,,,,,,,,,,,,,,,,,,,,,,,,,,,,,,,,,,,,,,,,,,,,,,,,,,,,,,,,,,,,,,,,1,,,,,,,,,,,,,,,,,,,,,,,,,,,,,,,,,,
DRINIT.txt,37,霊虚二舞イ人ノ傀,31,★２以上の一般　×４,★２以上的一般　×４,1d4c1,1ea,,4,3,,,1,,,,,,,,,,,,,,,,,,,,,,,,,,,,,,,,,,,,,,,,,,,,,,,,,,,,,,,,,,,,,,,,,,,,,,,,,,,,,,,,a,,,,,,,,,,,,,,,,,,,,,,,,,,,,,,,,
DRINIT.txt,37,霊虚二舞イ人ノ傀,32,★４以上の一般　×２,★４以上的一般　×２,1d4c2,1f4,35,2,3,,,3,,,,,,,,,,,,,,,,,,,,,,,,,,,,,,,,,,,,,,,,,,,,,,,,,,,,,,,,,,,,,,,,,,,,,,,,,,,,,,,,,28,,,,,,,,,,,,,,,,,,,,,,,,,,,,,,,
DRINIT.txt,37,霊虚二舞イ人ノ傀,33,★１以上　×３,,1d4c3,5,,3,,,,,,,,,,,,,,,,,,,,,,,,,,,,,,,,,,,,,,,,,,,,,,,,,,,,,,,,,,,,,,,,,,,,,,,,,,,,,,,,,,,,,,,,,,,,,,,,,,,,,,,,,,,,,,,,,,,15f,
DRINIT.txt,37,霊虚二舞イ人ノ傀,34,★２以上の一般　×４,★２以上的一般　×４,1d4c4,1ed,31,4,3,,,1,,,,,,,,,,,,,,,,,,,,,,,,,,,,,,,,,,,,,,,,,,,,,,,,,,,,,,,,,,,,,,,,,,,,,,,,,,,,,,,,,,14,,,,,,,,,,,,,,,,,,,,,,,,,,,,,,
DRINIT.txt,37,霊虚二舞イ人ノ傀,35,★３以上の一般　×３,★３以上的一般　×３,1d4c5,1f0,34,3,3,,,2,,,,,,,,,,,,,,,,,,,,,,,,,,,,,,,,,,,,,,,,,,,,,,,,,,,,,,,,,,,,,,,,,,,,,,,,,,,,,,,,,,,,1e,,,,,,,,,,,,,,,,,,,,,,,,,,,,
DRINIT.txt,37,霊虚二舞イ人ノ傀,36,★２以上　×３,,1d4c6,6,,3,,,,1,,,,,,,,,,,,,,,,,,,,,,,,,,,,,,,,,,,,,,,,,,,,,,,,,,,,,,,,,,,,,,,,,,,,,,,,,,,,,,,,,,,,,,,,,,,,,,,,,,,,,,,,,,,,,,,1a5,
$3$DRINIT.txt,37,霊虚二舞イ人ノ傀,37,★４以上の鬼　×５,★４以上的鬼　×５,1d4c7,226,15,5,4,,,3,,,,,,,,,,,,,,,,,,,,,,,,,,,,,,,,,,,,,,,,,,,,,,,,,,,,,,,,,,,,,,,,,,,,,,,,,,,,,,,,,,,,,,,28,,,,,,,,,,,,,,,,,,,,,,,,,
$3$DRINIT.txt,37,霊虚二舞イ人ノ傀,38,★３以上の精霊　×５,★３以上的精灵　×５,1d4c8,230,17,5,6,,,2,,,,,,,,,,,,,,,,,,,,,,,,,,,,,,,,,,,,,,,,,,,,,,,,,,,,,,,,,,,,,,,,,,,,,,,,,,,,,,,,,,,,,,,,,a,,,,,,,,,,,,,,,,,,,,,,,
$3$DRINIT.txt,37,霊虚二舞イ人ノ傀,39,★３以上の巨人　×５,★３以上的巨人　×５,1d4c9,23a,21,5,5,,,2,,,,,,,,,,,,,,,,,,,,,,,,,,,,,,,,,,,,,,,,,,,,,,,,,,,,,,,,,,,,,,,,,,,,,,,,,,,,,,,,,,,,,,,,,,f,,,,,,,,,,,,,,,,,,,,,,
$3$DRINIT.txt,37,霊虚二舞イ人ノ傀,3a,★３以上の創造　×５,★３以上的创造　×５,1d4ca,244,24,5,d,,,2,,,,,,,,,,,,,,,,,,,,,,,,,,,,,,,,,,,,,,,,,,,,,,,,,,,,,,,,,,,,,,,,,,,,,,,,,,,,,,,,,,,,,,,,,,,,,,8,,,,,,,,,,,,,,,,,,
$3$DRINIT.txt,37,霊虚二舞イ人ノ傀,3b,★５　×１０,,1d4cb,24e,30,a,,,,4,,,,,,,,,,,,,,,,,,,,,,,,,,,,,,,,,,,,,,,,,,,,,,,,,,,,,,,,,,,,,,,,,,,,,,,,,,,,,,,,,,,,,,,,,,,,,,,,,1,,,,,,,,,,,,,,,
$3$DRINIT.txt,37,霊虚二舞イ人ノ傀,3c,★５の女性　×５,★５的女性　×５,1d4cc,258,b,5,,2,,4,,,,,,,,,,,,,,,,,,,,,,,,,,,,,,,,,,,,,,,,,,,,,,,,,,,,,,,,,,,,,,,,,,,,,,,,,,,,,,,,,,,,,,,,,,,,,,,,,,,,,,,,,,,,,,,b2,
DRINIT.txt,38,愛ヲ模リ咲ヒメル傀,1,★２以上の男性　×４,★２以上的男性　×４,1d491,a,,4,,1,,1,,,,,,,,,,,,,,,,,,,,,,,,,,,,,,,,,,,,,,,,,,,,,,,,,,,,,,,,,,,,,,,,,,,,,,,,,,,,,,,,,,,,,,,,,,,,,,,,,,,,,,,,,,,,,,,21e,
DRINIT.txt,38,愛ヲ模リ咲ヒメル傀,2,★４以上の男性　×２,★４以上的男性　×２,1d492,14,1,2,,1,,3,,,,,,,,,,,,,,,,,,,,,,,,,,,,,,,,,,,,,,,,,,,,,,,,,,,,,,,,,,,,,,,,,,,,,,,,,,,,,,,,,,,,,,,,,,,,,,,,,,,,,,,,,,,,,,,21f,
DRINIT.txt,38,愛ヲ模リ咲ヒメル傀,3,★５の男性　×１,★５的男性　×１,1d493,1e,2,1,,1,,4,,,,,,,,,,,,,,,,,,,,,,,,,,,,,,,,,,,,,,,,,,,,,,,,,,,,,,,,,,,,,,,,,,,,,,,,,,,,,,,,,,,,,,,,,,,,,,,,,,,,,,,,,,,,,,,39,
DRINIT.txt,38,愛ヲ模リ咲ヒメル傀,4,★１以上の男性　×５,★１以上的男性　×５,1d494,28,,5,,1,,,,,,,,,,,,,,,,,,,,,,,,,,,,,,,,,,,,,,,,,,,,,,,,,,,,,,,,,,,,,,,,,,,,,,,,,,,,,,,,,,,,,,,,,,,,,,,,,,,,,,,,,,,,,,,,,d9,
DRINIT.txt,38,愛ヲ模リ咲ヒメル傀,5,★３以上の男性　×３,★３以上的男性　×３,1d495,32,4,3,,1,,2,,,,,,,,,,,,,,,,,,,,,,,,,,,,,,,,,,,,,,,,,,,,,,,,,,,,,,,,,,,,,,,,,,,,,,,,,,,,,,,,,,,,,,,,,,,,,,,,,,,,,,,,,,,,,,,da,
DRINIT.txt,38,愛ヲ模リ咲ヒメル傀,6,★２以上の男性　×４,★２以上的男性　×４,1d496,3c,,4,,1,,1,,,,,,,,,,,,,,,,,,,,,,,,,,,,,,,,,,,,,,,,,,,,,,,,,,,,,,,,,,,,,,,,,,,,,,,,,,,,,,,,,,,,,,,,,,,,,,,,,,,,,,,,,,,,,,,8d,
DRINIT.txt,38,愛ヲ模リ咲ヒメル傀,7,★３以上の男性　×３,★３以上的男性　×３,1d497,46,6,3,,1,,2,,,,,,,,,,,,,,,,,,,,,,,,,,,,,,,,,,,,,,,,,,,,,,,,,,,,,,,,,,,,,,,,,,,,,,,,,,,,,,,,,,,,,,,,,,,,,,,,,,,,,,,,,,,,,,,8e,
DRINIT.txt,38,愛ヲ模リ咲ヒメル傀,8,★４以上の男性　×２,★４以上的男性　×２,1d498,50,7,2,,1,,3,,,,,,,,,,,,,,,,,,,,,,,,,,,,,,,,,,,,,,,,,,,,,,,,,,,,,,,,,,,,,,,,,,,,,,,,,,,,,,,,,,,,,,,,,,,,,,,,,,,,,,,,,,,,,,,8f,
DRINIT.txt,38,愛ヲ模リ咲ヒメル傀,9,★１以上の男性　×５,★１以上的男性　×５,1d499,5a,,5,,1,,,,,,,,,,,,,,,,,,,,,,,,,,,,,,,,,,,,,,,,,,,,,,,,,,,,,,,,,,,,,,,,,,,,,,,,,,,,,,,,,,,,,,,,,,,,,,,,,,,,,,,,,,,,,,,,,66,
DRINIT.txt,38,愛ヲ模リ咲ヒメル傀,a,★２以上の男性　×４,★２以上的男性　×４,1d49a,64,9,4,,1,,1,,,,,,,,,,,,,,,,,,,,,,,,,,,,,,,,,,,,,,,,,,,,,,,,,,,,,,,,,,,,,,,,,,,,,,,,,,,,,,,,,,,,,,,,,,,,,,,,,,,,,,,,,,,,,,,6a,
DRINIT.txt,38,愛ヲ模リ咲ヒメル傀,b,★３以上の男性　×３,★３以上的男性　×３,1d49b,6e,a,3,,1,,2,,,,,,,,,,,,,,,,,,,,,,,,,,,,,,,,,,,,,,,,,,,,,,,,,,,,,,,,,,,,,,,,,,,,,,,,,,,,,,,,,,,,,,,,,,,,,,,,,,,,,,,,,,,,,,,6b,
DRINIT.txt,38,愛ヲ模リ咲ヒメル傀,c,地脈属性　×３,地脉属性　×３,1d49c,78,,3,,,2,,,1,,,,,,,,,,,,,,,,,,,,,,,,,,,,,,,,,,,,,,,,,,,,,,,,,,,,,,,,,,,,,,,,,,,,,,,,,,,,,,,,,,,,,,,,,,,,,,,,,,,,,,,,,,,,,,地脉
DRINIT.txt,38,愛ヲ模リ咲ヒメル傀,d,冷却属性　×３,冷却属性　×３,1d49d,82,,3,,,3,,,,,,1,,,,,,,,,,,,,,,,,,,,,,,,,,,,,,,,,,,,,,,,,,,,,,,,,,,,,,,,,,,,,,,,,,,,,,,,,,,,,,,,,,,,,,,,,,,,,,,,,,,,,,,,,,,冷却
DRINIT.txt,38,愛ヲ模リ咲ヒメル傀,e,火炎属性　×３,火炎属性　×３,1d49e,8c,,3,,,4,,,,,,,,,1,,,,,,,,,,,,,,,,,,,,,,,,,,,,,,,,,,,,,,,,,,,,,,,,,,,,,,,,,,,,,,,,,,,,,,,,,,,,,,,,,,,,,,,,,,,,,,,,,,,,,,,,火炎
DRINIT.txt,38,愛ヲ模リ咲ヒメル傀,f,電撃属性　×３,电击属性　×３,1d49f,96,,3,,,5,,,,,,,,,,,,1,,,,,,,,,,,,,,,,,,,,,,,,,,,,,,,,,,,,,,,,,,,,,,,,,,,,,,,,,,,,,,,,,,,,,,,,,,,,,,,,,,,,,,,,,,,,,,,,,,,,,电击
DRINIT.txt,38,愛ヲ模リ咲ヒメル傀,10,神聖属性　×５,神圣属性　×５,1d4a0,a0,,5,,,6,,,,,,,,,,,,,1,,,,,,,,,,,,,,,,,,,,,,,,,,,,,,,,,,,,,,,,,,,,,,,,,,,,,,,,,,,,,,,,,,,,,,,,,,,,,,,,,,,,,,,,,,,,,,,,,,,,神圣
DRINIT.txt,38,愛ヲ模リ咲ヒメル傀,11,神聖属性　×１０,神圣属性　×１０,1d4a1,aa,10,a,,,6,,,,,,,,,,,,,,1,,,,,,,,,,,,,,,,,,,,,,,,,,,,,,,,,,,,,,,,,,,,,,,,,,,,,,,,,,,,,,,,,,,,,,,,,,,,,,,,,,,,,,,,,,,,,,,,,,,神圣
DRINIT.txt,38,愛ヲ模リ咲ヒメル傀,12,★２以上の鬼　×４,★２以上的鬼　×４,1d4a2,b4,,4,4,,,1,,,,,,,,,,,,,,,5,,,,,,,,,,,,,,,,,,,,,,,,,,,,,,,,,,,,,,,,,,,,,,,,,,,,,,,,,,,,,,,,,,,,,,,,,,,,,,,,,,,,,,,,,,,,,,,,,
DRINIT.txt,38,愛ヲ模リ咲ヒメル傀,13,★３以上の鬼　×３,★３以上的鬼　×３,1d4a3,be,12,3,4,,,2,,,,,,,,,,,,,,,,a,,,,,,,,,,,,,,,,,,,,,,,,,,,,,,,,,,,,,,,,,,,,,,,,,,,,,,,,,,,,,,,,,,,,,,,,,,,,,,,,,,,,,,,,,,,,,,,,
DRINIT.txt,38,愛ヲ模リ咲ヒメル傀,14,★１以上の精霊　×５,★１以上的精灵　×５,1d4a4,c8,,5,6,,,,,,,,,,,,,,,,,,,,,4,,,,,,,,,,,,,,,,,,,,,,,,,,,,,,,,,,,,,,,,,,,,,,,,,,,,,,,,,,,,,,,,,,,,,,,,,,,,,,,,,,,,,,,,,,,,,,
DRINIT.txt,38,愛ヲ模リ咲ヒメル傀,15,★２以上の精霊　×４,★２以上的精灵　×４,1d4a5,d2,14,4,6,,,1,,,,,,,,,,,,,,,,,,,,6,,,,,,,,,,,,,,,,,,,,,,,,,,,,,,,,,,,,,,,,,,,,,,,,,,,,,,,,,,,,,,,,,,,,,,,,,,,,,,,,,,,,,,,,,,,,
DRINIT.txt,38,愛ヲ模リ咲ヒメル傀,16,★３以上の精霊　×３,★３以上的精灵　×３,1d4a6,dc,15,3,6,,,2,,,,,,,,,,,,,,,,,,,,,,8,,,,,,,,,,,,,,,,,,,,,,,,,,,,,,,,,,,,,,,,,,,,,,,,,,,,,,,,,,,,,,,,,,,,,,,,,,,,,,,,,,,,,,,,,,
DRINIT.txt,38,愛ヲ模リ咲ヒメル傀,17,★４以上の精霊　×２,★４以上的精灵　×２,1d4a7,e6,16,2,6,,,3,,,,,,,,,,,,,,,,,,,,,,,a,,,,,,,,,,,,,,,,,,,,,,,,,,,,,,,,,,,,,,,,,,,,,,,,,,,,,,,,,,,,,,,,,,,,,,,,,,,,,,,,,,,,,,,,,
DRINIT.txt,38,愛ヲ模リ咲ヒメル傀,18,★５　×１,,1d4a8,f0,17,1,,,,4,,,,,,,,,,,,,,,,,,,,,,,,,c,,,,,,,,,,,,,,,,,,,,,,,,,,,,,,,,,,,,,,,,,,,,,,,,,,,,,,,,,,,,,,,,,,,,,,,,,,,,,,,,,,,,,,,
DRINIT.txt,38,愛ヲ模リ咲ヒメル傀,19,★１以上の亜人　×５,★１以上的亚人　×５,1d4a9,fa,,5,2,,,,,,,,,,,,,,,,,,,,,,,,,,,,,,5,,,,,,,,,,,,,,,,,,,,,,,,,,,,,,,,,,,,,,,,,,,,,,,,,,,,,,,,,,,,,,,,,,,,,,,,,,,,,,,,,,,,,
DRINIT.txt,38,愛ヲ模リ咲ヒメル傀,1a,★３以上の亜人　×３,★３以上的亚人　×３,1d4aa,104,19,3,2,,,2,,,,,,,,,,,,,,,,,,,,,,,,,,,,,a,,,,,,,,,,,,,,,,,,,,,,,,,,,,,,,,,,,,,,,,,,,,,,,,,,,,,,,,,,,,,,,,,,,,,,,,,,,,,,,,,,,
DRINIT.txt,38,愛ヲ模リ咲ヒメル傀,1b,★１以上の不死　×５,★１以上的不死　×５,1d4ab,10e,,5,c,,,,,,,,,,,,,,,,,,,,,,,,,,,,,,,,4,,,,,,,,,,,,,,,,,,,,,,,,,,,,,,,,,,,,,,,,,,,,,,,,,,,,,,,,,,,,,,,,,,,,,,,,,,,,,,,,,,,
DRINIT.txt,38,愛ヲ模リ咲ヒメル傀,1c,★２以上の不死　×４,★２以上的不死　×４,1d4ac,118,1b,4,c,,,1,,,,,,,,,,,,,,,,,,,,,,,,,,,,,,,,8,,,,,,,,,,,,,,,,,,,,,,,,,,,,,,,,,,,,,,,,,,,,,,,,,,,,,,,,,,,,,,,,,,,,,,,,,,,,,,,,
DRINIT.txt,38,愛ヲ模リ咲ヒメル傀,1d,★３以上の不死　×３,★３以上的不死　×３,1d4ad,122,1c,3,c,,,2,,,,,,,,,,,,,,,,,,,,,,,,,,,,,,,,,,,c,,,,,,,,,,,,,,,,,,,,,,,,,,,,,,,,,,,,,,,,,,,,,,,,,,,,,,,,,,,,,,,,,,,,,,,,,,,,,
DRINIT.txt,38,愛ヲ模リ咲ヒメル傀,1e,★１以上の創造　×５,★１以上的创造　×５,1d4ae,12c,,5,d,,,,,,,,,,,,,,,,,,,,,,,,,,,,,,,,,,,,,,,,,,,4,,,,,,,,,,,,,,,,,,,,,,,,,,,,,,,,,,,,,,,,,,,,,,,,,,,,,,,,,,,,,,,,,,,,,,,,
DRINIT.txt,38,愛ヲ模リ咲ヒメル傀,1f,★２以上の創造　×４,★２以上的创造　×４,1d4af,136,1e,4,d,,,1,,,,,,,,,,,,,,,,,,,,,,,,,,,,,,,,,,,,,,,,,,8,,,,,,,,,,,,,,,,,,,,,,,,,,,,,,,,,,,,,,,,,,,,,,,,,,,,,,,,,,,,,,,,,,,,,,
DRINIT.txt,38,愛ヲ模リ咲ヒメル傀,20,★３以上の創造　×３,★３以上的创造　×３,1d4b0,140,1f,3,d,,,2,,,,,,,,,,,,,,,,,,,,,,,,,,,,,,,,,,,,,,,,,,,,c,,,,,,,,,,,,,,,,,,,,,,,,,,,,,,,,,,,,,,,,,,,,,,,,,,,,,,,,,,,,,,,,,,,,
DRINIT.txt,38,愛ヲ模リ咲ヒメル傀,21,★１以上の霊体　×５,★１以上的灵体　×５,1d4b1,14a,,5,b,,,,,,,,,,,,,,,,,,,,,,,,,,,,,,,,,,,,,,,,,,,,,,,,,,3,,,,,,,,,,,,,,,,,,,,,,,,,,,,,,,,,,,,,,,,,,,,,,,,,,,,,,,,,,,,,,,,,
DRINIT.txt,38,愛ヲ模リ咲ヒメル傀,22,★２以上の霊体　×４,★２以上的灵体　×４,1d4b2,154,21,4,b,,,1,,,,,,,,,,,,,,,,,,,,,,,,,,,,,,,,,,,,,,,,,,,,,,,,,5,,,,,,,,,,,,,,,,,,,,,,,,,,,,,,,,,,,,,,,,,,,,,,,,,,,,,,,,,,,,,,,
DRINIT.txt,38,愛ヲ模リ咲ヒメル傀,23,★３以上の霊体　×３,★３以上的灵体　×３,1d4b3,15e,22,3,b,,,2,,,,,,,,,,,,,,,,,,,,,,,,,,,,,,,,,,,,,,,,,,,,,,,,,,,7,,,,,,,,,,,,,,,,,,,,,,,,,,,,,,,,,,,,,,,,,,,,,,,,,,,,,,,,,,,,,
DRINIT.txt,38,愛ヲ模リ咲ヒメル傀,24,★４以上の霊体　×２,★４以上的灵体　×２,1d4b4,168,23,2,b,,,3,,,,,,,,,,,,,,,,,,,,,,,,,,,,,,,,,,,,,,,,,,,,,,,,,,,,,9,,,,,,,,,,,,,,,,,,,,,,,,,,,,,,,,,,,,,,,,,,,,,,,,,,,,,,,,,,,
DRINIT.txt,38,愛ヲ模リ咲ヒメル傀,25,★５　×１,,1d4b5,172,24,1,,,,4,,,,,,,,,,,,,,,,,,,,,,,,,,,,,,,,,,,,,,,,,,,,,,,,,,,,,,,c,,,,,,,,,,,,,,,,,,,,,,,,,,,,,,,,,,,,,,,,,,,,,,,,,,,,,,,,,
DRINIT.txt,38,愛ヲ模リ咲ヒメル傀,26,★１以上の天使　×５,★１以上的天使　×５,1d4b6,17c,,5,7,,,,,,,,,,,,,,,,,,,,,,,,,,,,,,,,,,,,,,,,,,,,,,,,,,,,,,,,,,,,,3,,,,,,,,,,,,,,,,,,,,,,,,,,,,,,,,,,,,,,,,,,,,,,,,,,,,,,
DRINIT.txt,38,愛ヲ模リ咲ヒメル傀,27,★２以上の天使　×４,★２以上的天使　×４,1d4b7,186,26,4,7,,,1,,,,,,,,,,,,,,,,,,,,,,,,,,,,,,,,,,,,,,,,,,,,,,,,,,,,,,,,,,,,6,,,,,,,,,,,,,,,,,,,,,,,,,,,,,,,,,,,,,,,,,,,,,,,,,,,,
DRINIT.txt,38,愛ヲ模リ咲ヒメル傀,28,★３以上の天使　×３,★３以上的天使　×３,1d4b8,190,27,3,7,,,2,,,,,,,,,,,,,,,,,,,,,,,,,,,,,,,,,,,,,,,,,,,,,,,,,,,,,,,,,,,,,9,,,,,,,,,,,,,,,,,,,,,,,,,,,,,,,,,,,,,,,,,,,,,,,,,,,
DRINIT.txt,38,愛ヲ模リ咲ヒメル傀,29,★４以上の天使　×２,★４以上的天使　×２,1d4b9,19a,28,2,7,,,3,,,,,,,,,,,,,,,,,,,,,,,,,,,,,,,,,,,,,,,,,,,,,,,,,,,,,,,,,,,,,,,c,,,,,,,,,,,,,,,,,,,,,,,,,,,,,,,,,,,,,,,,,,,,,,,,,
DRINIT.txt,38,愛ヲ模リ咲ヒメル傀,2a,★５　×１,,1d4ba,1a4,29,1,,,,4,,,,,,,,,,,,,,,,,,,,,,,,,,,,,,,,,,,,,,,,,,,,,,,,,,,,,,,,,,,,,,,,,f,,,,,,,,,,,,,,,,,,,,,,,,,,,,,,,,,,,,,,,,,,,,,,,
DRINIT.txt,38,愛ヲ模リ咲ヒメル傀,2b,★１以上の魔獣　×５,★１以上的魔兽　×５,1d4bb,1ae,,5,9,,,,,,,,,,,,,,,,,,,,,,,,,,,,,,,,,,,,,,,,,,,,,,,,,,,,,,,,,,,,,,,,,,,,,,4,,,,,,,,,,,,,,,,,,,,,,,,,,,,,,,,,,,,,,,,,,,,,
DRINIT.txt,38,愛ヲ模リ咲ヒメル傀,2c,★２以上の魔獣　×４,★２以上的魔兽　×４,1d4bc,1b8,2b,4,9,,,1,,,,,,,,,,,,,,,,,,,,,,,,,,,,,,,,,,,,,,,,,,,,,,,,,,,,,,,,,,,,,,,,,,,,,8,,,,,,,,,,,,,,,,,,,,,,,,,,,,,,,,,,,,,,,,,,,
DRINIT.txt,38,愛ヲ模リ咲ヒメル傀,2d,★３以上の魔獣　×３,★３以上的魔兽　×３,1d4bd,1c2,2c,3,9,,,2,,,,,,,,,,,,,,,,,,,,,,,,,,,,,,,,,,,,,,,,,,,,,,,,,,,,,,,,,,,,,,,,,,,,,,,c,,,,,,,,,,,,,,,,,,,,,,,,,,,,,,,,,,,,,,,,,
DRINIT.txt,38,愛ヲ模リ咲ヒメル傀,2e,★２以上の幻獣　×４,★２以上的幻兽　×４,1d4be,1cc,,4,a,,,1,,,,,,,,,,,,,,,,,,,,,,,,,,,,,,,,,,,,,,,,,,,,,,,,,,,,,,,,,,,,,,,,,,,,,,,,,,3,,,,,,,,,,,,,,,,,,,,,,,,,,,,,,,,,,,,,,
DRINIT.txt,38,愛ヲ模リ咲ヒメル傀,2f,★３以上の幻獣　×３,★３以上的幻兽　×３,1d4bf,1d6,2e,3,a,,,2,,,,,,,,,,,,,,,,,,,,,,,,,,,,,,,,,,,,,,,,,,,,,,,,,,,,,,,,,,,,,,,,,,,,,,,,,,,,4,,,,,,,,,,,,,,,,,,,,,,,,,,,,,,,,,,,,
DRINIT.txt,38,愛ヲ模リ咲ヒメル傀,30,★５　×１,,1d4c0,1e0,2,1,,,,4,,,,,,,,,,,,,,,,,,,,,,,,,,,,,,,,,,,,,,,,,,,,,,,,,,,,,,,,,,,,,,,,,,,,,,,,,,,,,,1,,,,,,,,,,,,,,,,,,,,,,,,,,,,,,,,,,
DRINIT.txt,38,愛ヲ模リ咲ヒメル傀,31,★２以上の一般　×４,★２以上的一般　×４,1d4c1,1ea,,4,3,,,1,,,,,,,,,,,,,,,,,,,,,,,,,,,,,,,,,,,,,,,,,,,,,,,,,,,,,,,,,,,,,,,,,,,,,,,,,,,,,,,,a,,,,,,,,,,,,,,,,,,,,,,,,,,,,,,,,
DRINIT.txt,38,愛ヲ模リ咲ヒメル傀,32,★４以上の一般　×２,★４以上的一般　×２,1d4c2,1f4,35,2,3,,,3,,,,,,,,,,,,,,,,,,,,,,,,,,,,,,,,,,,,,,,,,,,,,,,,,,,,,,,,,,,,,,,,,,,,,,,,,,,,,,,,,28,,,,,,,,,,,,,,,,,,,,,,,,,,,,,,,
DRINIT.txt,38,愛ヲ模リ咲ヒメル傀,33,★１以上　×３,,1d4c3,5,,3,,,,,,,,,,,,,,,,,,,,,,,,,,,,,,,,,,,,,,,,,,,,,,,,,,,,,,,,,,,,,,,,,,,,,,,,,,,,,,,,,,,,,,,,,,,,,,,,,,,,,,,,,,,,,,,,,,,15f,
DRINIT.txt,38,愛ヲ模リ咲ヒメル傀,34,★２以上の一般　×４,★２以上的一般　×４,1d4c4,1ed,31,4,3,,,1,,,,,,,,,,,,,,,,,,,,,,,,,,,,,,,,,,,,,,,,,,,,,,,,,,,,,,,,,,,,,,,,,,,,,,,,,,,,,,,,,,14,,,,,,,,,,,,,,,,,,,,,,,,,,,,,,
DRINIT.txt,38,愛ヲ模リ咲ヒメル傀,35,★３以上の一般　×３,★３以上的一般　×３,1d4c5,1f0,34,3,3,,,2,,,,,,,,,,,,,,,,,,,,,,,,,,,,,,,,,,,,,,,,,,,,,,,,,,,,,,,,,,,,,,,,,,,,,,,,,,,,,,,,,,,,1e,,,,,,,,,,,,,,,,,,,,,,,,,,,,
DRINIT.txt,38,愛ヲ模リ咲ヒメル傀,36,★２以上　×３,,1d4c6,6,,3,,,,1,,,,,,,,,,,,,,,,,,,,,,,,,,,,,,,,,,,,,,,,,,,,,,,,,,,,,,,,,,,,,,,,,,,,,,,,,,,,,,,,,,,,,,,,,,,,,,,,,,,,,,,,,,,,,,,1a5,
$3$DRINIT.txt,38,愛ヲ模リ咲ヒメル傀,37,★４以上の鬼　×５,★４以上的鬼　×５,1d4c7,226,13,5,4,,,3,,,,,,,,,,,,,,,,,,,,,,,,,,,,,,,,,,,,,,,,,,,,,,,,,,,,,,,,,,,,,,,,,,,,,,,,,,,,,,,,,,,,,,,19,,,,,,,,,,,,,,,,,,,,,,,,,
$3$DRINIT.txt,38,愛ヲ模リ咲ヒメル傀,38,★３以上の精霊　×５,★３以上的精灵　×５,1d4c8,230,18,5,6,,,2,,,,,,,,,,,,,,,,,,,,,,,,,,,,,,,,,,,,,,,,,,,,,,,,,,,,,,,,,,,,,,,,,,,,,,,,,,,,,,,,,,,,,,,,,14,,,,,,,,,,,,,,,,,,,,,,,
$3$DRINIT.txt,38,愛ヲ模リ咲ヒメル傀,39,★４以上の霊体　×５,★４以上的灵体　×５,1d4c9,23a,25,5,b,,,3,,,,,,,,,,,,,,,,,,,,,,,,,,,,,,,,,,,,,,,,,,,,,,,,,,,,,,,,,,,,,,,,,,,,,,,,,,,,,,,,,,,,,,,,,,,f,,,,,,,,,,,,,,,,,,,,,
$3$DRINIT.txt,38,愛ヲ模リ咲ヒメル傀,3a,★４以上の天使　×５,★４以上的天使　×５,1d4ca,244,2a,5,7,,,3,,,,,,,,,,,,,,,,,,,,,,,,,,,,,,,,,,,,,,,,,,,,,,,,,,,,,,,,,,,,,,,,,,,,,,,,,,,,,,,,,,,,,,,,,,,,,,,8,,,,,,,,,,,,,,,,,
$3$DRINIT.txt,38,愛ヲ模リ咲ヒメル傀,3b,★５　×１０,,1d4cb,24e,30,a,,,,4,,,,,,,,,,,,,,,,,,,,,,,,,,,,,,,,,,,,,,,,,,,,,,,,,,,,,,,,,,,,,,,,,,,,,,,,,,,,,,,,,,,,,,,,,,,,,,,,,1,,,,,,,,,,,,,,,
$3$DRINIT.txt,38,愛ヲ模リ咲ヒメル傀,3c,★５の男性　×５,★５的男性　×５,1d4cc,258,3,5,,1,,4,,,,,,,,,,,,,,,,,,,,,,,,,,,,,,,,,,,,,,,,,,,,,,,,,,,,,,,,,,,,,,,,,,,,,,,,,,,,,,,,,,,,,,,,,,,,,,,,,,,,,,,,,,,,,,,a3,
