地点名称,单位名称,前部-0x1E 可否刷怪(1可刷/2出击/空固定),前部-0x3C 未知-3C,前部-0x5A 未知-5A,前部-0x78 结构-78,前部-0x96 阵营(2普通红/3友方/4敌方),前部-0xB4 未知-B4,前部-0xD2 坐标行(1-based),前部-0xF0 坐标列(1-based),后部+0x1E 等级下限,后部+0x3C 等级上限(+10),后部+0x5A 未知+5A
転移鏡神殿 转移镜神殿,盗獅子覚醒の凄い奴 盗狮子觉醒的厉害家伙,,1,4,7,2,,2,6,2e,38,1
転移鏡神殿 转移镜神殿,センタルア・イブ 森塔尔亚·伊布,1,,,7,2,4,f,1,2d,37,1
転移鏡神殿 转移镜神殿,センタルア・イブ 森塔尔亚·伊布,,,,7,2,,5,b,2d,37,1
転移鏡神殿 转移镜神殿,掘削の彫像 掘削的雕像,1,,,7,2,5,f,b,2d,37,1
転移鏡神殿 转移镜神殿,掘削の彫像 掘削的雕像,,,,7,2,,c,a,2d,37,1
転移鏡神殿 转移镜神殿,剛像ヴァルガルム 刚像瓦尔加尔姆,,,,7,2,,3,1,2d,37,1
転移鏡神殿 转移镜神殿,転がる大岩 滚动的大岩,,,,7,2,,6,5,2d,37,1
転移鏡神殿 转移镜神殿,転がる大岩 滚动的大岩,,,,7,2,,a,7,2d,37,1
へタレスの迷宮１Ｆ 赫塔雷斯迷宫１Ｆ,ヘタテット 赫塔泰特,,,,7,,,5,5,3,d,1
へタレスの迷宮１Ｆ 赫塔雷斯迷宫１Ｆ,ヘタテット 赫塔泰特,,,,7,,,7,5,3,d,1
へタレスの迷宮１Ｆ 赫塔雷斯迷宫１Ｆ,ヘタテット 赫塔泰特,,,,7,,,6,6,3,d,1
へタレスの迷宮１Ｆ 赫塔雷斯迷宫１Ｆ,ヘタテット 赫塔泰特,,,,7,,,5,7,3,d,1
へタレスの迷宮１Ｆ 赫塔雷斯迷宫１Ｆ,ヘタテット 赫塔泰特,,,,7,,,7,7,3,d,1
へタレスの迷宮２Ｆ 赫塔雷斯迷宫２Ｆ,ヘタテット 赫塔泰特,,,,7,,,4,8,a,14,1
へタレスの迷宮２Ｆ 赫塔雷斯迷宫２Ｆ,ヘタテット 赫塔泰特,,,,7,,,4,9,a,14,1
へタレスの迷宮２Ｆ 赫塔雷斯迷宫２Ｆ,ヘタテット 赫塔泰特,,,,7,,,5,9,a,14,1
へタレスの迷宮２Ｆ 赫塔雷斯迷宫２Ｆ,ヘタテット 赫塔泰特,,,,7,,,6,8,a,14,1
へタレスの迷宮２Ｆ 赫塔雷斯迷宫２Ｆ,ヘタテット 赫塔泰特,,,,7,,,6,9,a,14,1
へタレスの迷宮３Ｆ 赫塔雷斯迷宫３Ｆ,ヘタボウ 赫塔宝,,,,7,,,8,4,c,16,1
へタレスの迷宮３Ｆ 赫塔雷斯迷宫３Ｆ,ヘタボウ 赫塔宝,,,,7,,,8,6,c,16,1
へタレスの迷宮３Ｆ 赫塔雷斯迷宫３Ｆ,ヘタボウ 赫塔宝,,,,7,,,9,4,c,16,1
へタレスの迷宮３Ｆ 赫塔雷斯迷宫３Ｆ,ヘタボウ 赫塔宝,,,,7,,,9,5,c,16,1
へタレスの迷宮３Ｆ 赫塔雷斯迷宫３Ｆ,ヘタボウ 赫塔宝,,,,7,,,9,6,c,16,1
へタレスの迷宮４Ｆ 赫塔雷斯迷宫４Ｆ,ヘタボウ 赫塔宝,,,,7,,,1,4,12,1c,1
へタレスの迷宮４Ｆ 赫塔雷斯迷宫４Ｆ,ヘタボウ 赫塔宝,,,,7,,,1,5,12,1c,1
へタレスの迷宮４Ｆ 赫塔雷斯迷宫４Ｆ,ヘタボウ 赫塔宝,,,,7,,,1,6,12,1c,1
へタレスの迷宮４Ｆ 赫塔雷斯迷宫４Ｆ,ヘタボウ 赫塔宝,,,,7,,,2,4,12,1c,1
へタレスの迷宮４Ｆ 赫塔雷斯迷宫４Ｆ,ヘタボウ 赫塔宝,,,,7,,,2,6,12,1c,1
へタレスの迷宮５Ｆ 赫塔雷斯迷宫５Ｆ,ヘタレン 赫塔连,,,,7,,,4,1,14,1e,1
へタレスの迷宮５Ｆ 赫塔雷斯迷宫５Ｆ,ヘタレン 赫塔连,,,,7,,,5,1,14,1e,1
へタレスの迷宮５Ｆ 赫塔雷斯迷宫５Ｆ,ヘタレン 赫塔连,,,,7,,,6,1,14,1e,1
へタレスの迷宮５Ｆ 赫塔雷斯迷宫５Ｆ,ヘタレン 赫塔连,,,,7,,,4,2,14,1e,1
へタレスの迷宮５Ｆ 赫塔雷斯迷宫５Ｆ,ヘタレン 赫塔连,,,,7,,,6,2,14,1e,1
へタレスの迷宮６Ｆ 赫塔雷斯迷宫６Ｆ,キングプテテット 史莱姆王,,1,4,7,2,,4,6,1b,25,1
へタレスの迷宮６Ｆ 赫塔雷斯迷宫６Ｆ,ヘタレン 赫塔连,,,,7,,,7,9,1a,24,1
へタレスの迷宮６Ｆ 赫塔雷斯迷宫６Ｆ,ヘタレン 赫塔连,,,,7,,,7,b,1a,24,1
へタレスの迷宮６Ｆ 赫塔雷斯迷宫６Ｆ,ヘタレン 赫塔连,,,,7,,,8,a,1a,24,1
へタレスの迷宮６Ｆ 赫塔雷斯迷宫６Ｆ,ヘタレン 赫塔连,,,,7,,,9,9,1a,24,1
へタレスの迷宮６Ｆ 赫塔雷斯迷宫６Ｆ,ヘタレン 赫塔连,,,,7,,,9,b,1a,24,1
異界断層 异界断层,歪みの精霊王女 扭曲的精灵王女,,,2,7,2,,2,14,30,3a,1
異界断層 异界断层,歪侍女,,,2,7,2,,3,12,2f,39,1
異界断層 异界断层,歪侍女,,,2,7,2,,4,12,2f,39,1
異界断層 异界断层,歪侍女,,,2,7,2,,5,12,2f,39,1
異界断層 异界断层,歪侍女,,,2,7,2,,3,16,2f,39,1
異界断層 异界断层,歪侍女,,,2,7,2,,4,16,2f,39,1
異界断層 异界断层,歪侍女,,,2,7,2,,5,16,2f,39,1
異界断層 异界断层,歪侍女,,,1,7,2,,3,13,2f,39,1
異界断層 异界断层,歪侍女,,,1,7,2,,3,15,2f,39,1
異界断層 异界断层,彷徨える歪魚 彷徨的歪鱼,,,,7,2,,3,6,2f,39,1
異界断層 异界断层,彷徨える歪魚 彷徨的歪鱼,,,,7,2,,8,3,2f,39,1
異界断層 异界断层,彷徨える歪魚 彷徨的歪鱼,,,,7,2,,d,b,2f,39,1
異界断層 异界断层,彷徨える歪魚 彷徨的歪鱼,,,,7,2,,11,b,2f,39,1
異界断層 异界断层,彷徨える歪魚 彷徨的歪鱼,,,,7,2,,8,7,2f,39,1
異界断層 异界断层,歪蝶,,,,7,2,,3,3,2f,39,1
異界断層 异界断层,歪蝶,,,,7,2,,c,e,2f,39,1
異界断層 异界断层,歪蝶,,,,7,2,,f,d,2f,39,1
異界断層 异界断层,歪蝶,,,,7,2,,10,13,2f,39,1
異界断層 异界断层,歪蝶,,,,7,2,,14,15,2f,39,1
異界断層 异界断层,歪魔デブラフスカ 歪魔德布拉夫斯卡,,,,7,2,,c,5,2f,39,1
異界断層 异界断层,歪魔デブラフスカ 歪魔德布拉夫斯卡,,,,7,2,,14,9,2f,39,1
異界断層 异界断层,歪魔デブラフスカ 歪魔德布拉夫斯卡,,,,7,2,,9,6,2f,39,1
異界断層の玉座 异界断层之玉座,シェルグリティウス 谢尔格利提乌斯,,1,2,7,2,,5,13,33,3d,1
異界断層の玉座 异界断层之玉座,魔霊メアキオト 魔灵梅亚基奥托,1,,,7,2,7,5,14,32,3c,1
異界断層の玉座 异界断层之玉座,魔霊メアキオト 魔灵梅亚基奥托,1,,,7,2,6,3,14,32,3c,1
異界断層の玉座 异界断层之玉座,魔霊メアキオト 魔灵梅亚基奥托,1,,,7,2,9,7,14,32,3c,1
異界断層の玉座 异界断层之玉座,魔霊メアキオト 魔灵梅亚基奥托,,,,7,2,,6,5,32,3c,1
異界断層の玉座 异界断层之玉座,魔霊メアキオト 魔灵梅亚基奥托,,,,7,2,,9,7,32,3c,1
異界断層の玉座 异界断层之玉座,水棲獣ピュネス 水栖兽皮内斯,1,,,7,2,5,3,12,32,3c,1
異界断層の玉座 异界断层之玉座,水棲獣ピュネス 水栖兽皮内斯,1,,,7,2,8,7,12,32,3c,1
異界断層の玉座 异界断层之玉座,水棲獣ピュネス 水栖兽皮内斯,,,,7,2,,2,3,32,3c,1
異界断層の玉座 异界断层之玉座,彷徨える歪魚 彷徨的歪鱼,1,,,7,2,5,3,12,32,3c,1
異界断層の玉座 异界断层之玉座,彷徨える歪魚 彷徨的歪鱼,1,,,7,2,8,7,12,32,3c,1
異界断層の玉座 异界断层之玉座,彷徨える歪魚 彷徨的歪鱼,,,,7,2,,c,c,32,3c,1
異界断層の玉座 异界断层之玉座,歪蝶,,,,7,2,,2,b,32,3c,1
異界断層の玉座 异界断层之玉座,歪蝶,,,,7,2,,1,6,32,3c,1
異界断層の玉座 异界断层之玉座,歪魔デブラフスカ 歪魔德布拉夫斯卡,1,,,7,2,6,3,14,32,3c,1
異界断層の玉座 异界断层之玉座,歪魔デブラフスカ 歪魔德布拉夫斯卡,1,,,7,2,9,7,14,32,3c,1
異界断層の玉座 异界断层之玉座,歪魔デブラフスカ 歪魔德布拉夫斯卡,,,,7,2,,c,11,32,3c,1
紅魔の扉 红魔之门,歪魔デブラフスカ 歪魔德布拉夫斯卡,,,,7,2,,9,5,3c,46,1
紅魔の扉 红魔之门,歪魔デブラフスカ 歪魔德布拉夫斯卡,,,,7,2,,b,7,3c,46,1
紅魔の扉 红魔之门,彷徨える歪魚 彷徨的歪鱼,,,,7,2,,2,4,3c,46,1
歪滅妖の裂け目 歪灭妖的裂缝,歪魔デブラフスカ 歪魔德布拉夫斯卡,,,,7,2,,7,c,40,4a,1
歪滅妖の裂け目 歪灭妖的裂缝,歪魔デブラフスカ 歪魔德布拉夫斯卡,1,,,7,2,7,c,9,40,4a,1
歪滅妖の裂け目 歪灭妖的裂缝,歪魔デブラフスカ 歪魔德布拉夫斯卡,1,,2,7,2,a,b,1,40,4a,1
歪滅妖の裂け目 歪灭妖的裂缝,歪魔デブラフスカ 歪魔德布拉夫斯卡,1,,2,7,2,c,d,1,40,4a,1
ブネの歪巣 布涅的歪巢,魔霊メアキオト 魔灵梅亚基奥托,1,,,7,2,2a,f,d,48,52,1
ブネの歪巣 布涅的歪巢,彷徨える歪魚 彷徨的歪鱼,1,,,7,2,29,a,f,48,52,1
歪みの滅妖駅 歪曲的灭妖车站,歪蝶,1,,,7,2,7,2,4,4c,56,1
胴部第三層区域 躯干第三层区域,彷徨える歪魚 彷徨的歪鱼,1,,,7,2,c,9,11,4a,54,1
胴部第三層区域 躯干第三层区域,彷徨える歪魚 彷徨的歪鱼,1,,,7,2,5,6,c,4a,54,1
胴部第三層区域 躯干第三层区域,彷徨える歪魚 彷徨的歪鱼,1,,,7,2,8,e,c,4a,54,1
胴部第三層区域 躯干第三层区域,彷徨える歪魚 彷徨的歪鱼,1,,,7,2,d,b,11,4a,54,1
閉ざされた浸水路 封闭的浸水路,緑プテテット 绿史莱姆,,,,7,2,,6,1,17,21,1
閉ざされた浸水路 封闭的浸水路,赤プテテット 红史莱姆,,,,7,2,,e,11,16,20,1
閉ざされた浸水路 封闭的浸水路,黒プテテット 黑史莱姆,,,,7,2,,4,12,16,20,1
閉ざされた浸水路 封闭的浸水路,牙コウモリ 牙蝙蝠,1,,,7,2,5,3,7,16,20,1
閉ざされた浸水路 封闭的浸水路,紅魔コウモリ 红魔蝙蝠,1,,,7,2,5,3,7,16,20,1
閉ざされた浸水路 封闭的浸水路,毒噴飛鼠 毒喷飞鼠,1,,,7,2,8,a,10,16,20,1
閉ざされた浸水路 封闭的浸水路,雷蝶,,,,7,2,,12,b,16,20,1
閉ざされた浸水路 封闭的浸水路,妖ベコガノ 妖贝科加诺,,,,7,2,,2,11,16,20,1
閉ざされた浸水路 封闭的浸水路,黒ベコガノ 黑贝科加诺,1,,,7,2,4,3,3,16,20,1
閉ざされた浸水路 封闭的浸水路,水雪ベコガノ 水雪贝科加诺,,,,7,2,,13,2,23,2d,1
閉ざされた浸水路 封闭的浸水路,水雪ベコガノ 水雪贝科加诺,,,,7,2,,14,1,23,2d,1
閉ざされた浸水路 封闭的浸水路,バギル 巴吉尔,1,,,7,2,6,7,7,16,20,1
閉ざされた浸水路 封闭的浸水路,サーバギル 赛尔巴吉尔,1,,,7,2,7,a,c,16,20,1
閉ざされた浸水路 封闭的浸水路,貝獣スラス 贝兽苏拉斯,1,,,7,2,6,7,7,16,20,1
閉ざされた浸水路 封闭的浸水路,貝獣アンキロセラス 贝兽安基洛塞拉斯,1,,,7,2,9,e,10,16,20,1
閉ざされた浸水路 封闭的浸水路,貝獣アンキロセラス 贝兽安基洛塞拉斯,,,,7,2,,14,f,16,20,1
閉ざされた浸水路 封闭的浸水路,誘惑貝獣 诱惑贝兽,1,,,7,2,a,12,5,16,20,1
深淵の大空洞 深渊的大空洞,歪魔ボゥンオロス 歪魔邦奥罗斯,1,,,7,2,5,3,8,50,55,1
深淵の大空洞 深渊的大空洞,歪魔ボゥンオロス 歪魔邦奥罗斯,1,,,7,2,6,8,b,50,55,1
深淵の大空洞 深渊的大空洞,歪魔ボゥンオロス 歪魔邦奥罗斯,1,,,7,2,,5,c,50,55,1
深淵の大空洞 深渊的大空洞,暴息嵐竜 暴息岚龙,1,,,7,2,7,8,e,50,55,1
深淵の大空洞 深渊的大空洞,暴息嵐竜 暴息岚龙,1,,,7,2,8,d,11,50,55,1
深淵の大空洞 深渊的大空洞,暴息嵐竜 暴息岚龙,,,,7,2,,c,9,50,55,1
深淵の大空洞 深渊的大空洞,魅惑羽娘,,,,7,2,,3,2,50,55,1
深淵の大空洞 深渊的大空洞,魅惑羽娘,,,,7,2,,1,11,50,55,1
深淵の大空洞 深渊的大空洞,狙撃光蝶 狙击光蝶,,,,7,2,,a,7,50,55,1
深淵の大空洞 深渊的大空洞,狙撃光蝶 狙击光蝶,,,,7,2,,9,10,50,55,1
深淵の大空洞 深渊的大空洞,歪魔ボゥンジギ 歪魔邦吉吉,1,,,7,2,5,3,8,50,55,1
深淵の大空洞 深渊的大空洞,歪魔ボゥンジギ 歪魔邦吉吉,1,,,7,2,6,8,b,50,55,1
深淵の大空洞 深渊的大空洞,歪魔グントーノ 歪魔贡托诺,,,,7,2,,a,12,50,55,1
深淵の大空洞 深渊的大空洞,歪魔グントーノ 歪魔贡托诺,,,,7,2,,c,15,50,55,1
深淵の大空洞 深渊的大空洞,歪魔グントーノ 歪魔贡托诺,,,,7,2,,8,8,50,55,1
深淵の大空洞 深渊的大空洞,封印極炎魔獣 封印极炎魔兽,,,,7,2,,e,5,50,55,1
深淵の大空洞 深渊的大空洞,死神大魔術師 死神大魔术师,,,,7,2,,3,14,50,55,1
深淵の大空洞 深渊的大空洞,歪魔グントーノ 歪魔贡托诺,1,,,7,2,5,3,8,50,55,1
深淵の大空洞 深渊的大空洞,歪魔グントーノ 歪魔贡托诺,1,,,7,2,8,d,11,50,55,1
深淵の大空洞 深渊的大空洞,封印極炎魔獣 封印极炎魔兽,,,,7,2,,6,16,50,55,1
深淵の大空洞 深渊的大空洞,封印極炎魔獣 封印极炎魔兽,,,,7,2,,b,18,50,55,1
謀略の宝物庫 谋略的宝物库,輪極の蝕樹 轮极之蚀树,,,,7,2,,2,7,50,55,1
謀略の宝物庫 谋略的宝物库,悩殺憑魅霊 恼杀凭魅灵,,,,7,2,,1,e,50,55,1
謀略の宝物庫 谋略的宝物库,輪極の蝕樹 轮极之蚀树,,,,7,2,,6,b,50,55,1
謀略の宝物庫 谋略的宝物库,悩殺憑魅霊 恼杀凭魅灵,,,,7,2,,a,11,50,55,1
謀略の宝物庫 谋略的宝物库,悩殺憑魅霊 恼杀凭魅灵,,,,7,2,,2,f,50,55,1
謀略の宝物庫 谋略的宝物库,歪魔グントーノ 歪魔贡托诺,,,4,7,2,,5,2,50,55,1
謀略の宝物庫 谋略的宝物库,歪魔グントーノ 歪魔贡托诺,,,4,7,2,,7,2,50,55,1
謀略の宝物庫 谋略的宝物库,悩殺憑魅霊 恼杀凭魅灵,,,,7,2,,8,8,50,55,1
謀略の宝物庫 谋略的宝物库,歪魔グントーノ 歪魔贡托诺,,,4,7,2,,10,9,50,55,1
謀略の宝物庫 谋略的宝物库,死神大魔術師 死神大魔术师,,,4,7,2,,10,a,50,55,1
謀略の宝物庫 谋略的宝物库,歪魔グントーノ 歪魔贡托诺,,,4,7,2,,10,b,50,55,1
謀略の宝物庫 谋略的宝物库,荒ぶる氷乙女 狂暴的冰少女,,,4,7,2,,6,1,50,55,1
謀略の宝物庫 谋略的宝物库,荒ぶる氷乙女 狂暴的冰少女,,,4,7,2,,6,3,50,55,1
謀略の宝物庫 谋略的宝物库,荒ぶる氷乙女 狂暴的冰少女,,,,7,2,,a,1,50,55,1
謀略の宝物庫 谋略的宝物库,荒ぶる氷乙女 狂暴的冰少女,,,,7,2,,b,2,50,55,1
謀略の宝物庫 谋略的宝物库,荒ぶる氷乙女 狂暴的冰少女,,,,7,2,,a,3,50,55,1
謀略の宝物庫 谋略的宝物库,封印極炎魔獣 封印极炎魔兽,,,,7,2,,a,d,50,55,1
謀略の宝物庫 谋略的宝物库,封印極炎魔獣 封印极炎魔兽,,,,7,2,,a,e,50,55,1
謀略の宝物庫 谋略的宝物库,封印極炎魔獣 封印极炎魔兽,,,,7,2,,a,f,50,55,1
謀略の宝物庫 谋略的宝物库,鏡面捕食箱 镜面捕食箱,,,4,7,2,,12,9,50,55,1
謀略の宝物庫 谋略的宝物库,鏡面捕食箱 镜面捕食箱,,,4,7,2,,12,b,50,55,1
謀略の宝物庫 谋略的宝物库,悩殺憑魅霊 恼杀凭魅灵,,,,7,2,,3,c,50,55,1
謀略の宝物庫 谋略的宝物库,食後捕食箱 食后捕食箱,,,4,7,2,,13,a,50,55,1
謀略の宝物庫 谋略的宝物库,部屋着捕食箱 居家服捕食箱,,,4,7,2,,13,b,50,55,1
謀略の宝物庫 谋略的宝物库,部屋着捕食箱 居家服捕食箱,,,4,7,2,,14,9,50,55,1
謀略の宝物庫 谋略的宝物库,街着捕食箱 外出服捕食箱,,,4,7,2,,14,b,50,55,1
最果ての電撃回廊 尽头的电击回廊,殺人修鉄機 杀人修铁机,,,4,7,2,,a,c,50,55,1
最果ての電撃回廊 尽头的电击回廊,殺人修鉄機 杀人修铁机,,,,7,2,,13,10,50,55,1
最果ての電撃回廊 尽头的电击回廊,殺人修鉄機 杀人修铁机,,,,7,2,,11,2,50,55,1
最果ての電撃回廊 尽头的电击回廊,魅惑羽娘,1,,,7,2,c,12,b,50,55,1
最果ての電撃回廊 尽头的电击回廊,魅惑羽娘,1,,,7,2,d,14,b,50,55,1
最果ての電撃回廊 尽头的电击回廊,魅惑羽娘,,,,7,2,,9,1,50,55,1
最果ての電撃回廊 尽头的电击回廊,魅惑羽娘,,,,7,2,,9,3,50,55,1
最果ての電撃回廊 尽头的电击回廊,超電磁雷獣 超电磁雷兽,1,,,7,2,7,d,1,50,55,1
最果ての電撃回廊 尽头的电击回廊,超電磁雷獣 超电磁雷兽,1,,,7,2,9,d,3,50,55,1
最果ての電撃回廊 尽头的电击回廊,逆境雷蛇,,,,7,2,,9,11,50,55,1
最果ての電撃回廊 尽头的电击回廊,魅惑羽娘,,,4,7,2,,9,b,50,55,1
最果ての電撃回廊 尽头的电击回廊,逆境雷蛇,,,4,7,2,,b,b,50,55,1
最果ての電撃回廊 尽头的电击回廊,魅惑羽娘,,,4,7,2,,9,d,50,55,1
最果ての電撃回廊 尽头的电击回廊,逆境雷蛇,,,4,7,2,,b,d,50,55,1
最果ての電撃回廊 尽头的电击回廊,狙撃光蝶 狙击光蝶,1,,,7,2,c,12,b,50,55,1
最果ての電撃回廊 尽头的电击回廊,狙撃光蝶 狙击光蝶,1,,,7,2,d,14,b,50,55,1
最果ての電撃回廊 尽头的电击回廊,超電磁雷獣 超电磁雷兽,1,,,7,2,e,3,d,50,55,1
最果ての電撃回廊 尽头的电击回廊,超電磁雷獣 超电磁雷兽,1,,,7,2,f,5,d,50,55,1
最果ての電撃回廊 尽头的电击回廊,狙撃光蝶 狙击光蝶,1,,,7,2,e,3,d,50,55,1
最果ての電撃回廊 尽头的电击回廊,狙撃光蝶 狙击光蝶,1,,,7,2,f,5,d,50,55,1
最果ての電撃回廊 尽头的电击回廊,狙撃光蝶 狙击光蝶,,,,7,2,,a,6,50,55,1
最果ての電撃回廊 尽头的电击回廊,狙撃光蝶 狙击光蝶,,,,7,2,,a,8,50,55,1
粘体の保養地 史莱姆的疗养地,異質緑粘体 异质绿粘体,1,,,7,2,5,9,9,50,55,1
粘体の保養地 史莱姆的疗养地,異質緑粘体 异质绿粘体,,,,7,2,,6,6,50,55,1
粘体の保養地 史莱姆的疗养地,異質緑粘体 异质绿粘体,,,,7,2,,2,13,50,55,1
粘体の保養地 史莱姆的疗养地,異質緑粘体 异质绿粘体,,,,7,2,,6,10,50,55,1
粘体の保養地 史莱姆的疗养地,神速赤粘体,1,,,7,2,6,b,9,50,55,1
粘体の保養地 史莱姆的疗养地,神速赤粘体,,,,7,2,,10,6,50,55,1
粘体の保養地 史莱姆的疗养地,神速赤粘体,,,,7,2,,8,3,50,55,1
粘体の保養地 史莱姆的疗养地,神速赤粘体,,,,7,2,,a,f,50,55,1
粘体の保養地 史莱姆的疗养地,鉄壁黒粘体 铁壁黑粘体,1,,,7,2,7,9,b,50,55,1
粘体の保養地 史莱姆的疗养地,鉄壁黒粘体 铁壁黑粘体,,,,7,2,,13,2,50,55,1
粘体の保養地 史莱姆的疗养地,鉄壁黒粘体 铁壁黑粘体,,,,7,2,,b,1,50,55,1
粘体の保養地 史莱姆的疗养地,進化粘体 进化粘体,1,,,7,2,8,b,b,50,55,1
粘体の保養地 史莱姆的疗养地,悩殺憑魅霊 恼杀凭魅灵,1,,,7,2,9,2,3,50,55,1
粘体の保養地 史莱姆的疗养地,輪極の蝕樹 轮极之蚀树,,,,7,2,,12,11,50,55,1
粘体の保養地 史莱姆的疗养地,悩殺憑魅霊 恼杀凭魅灵,1,,,7,2,9,2,3,50,55,1
粘体の保養地 史莱姆的疗养地,鏡面捕食箱 镜面捕食箱,,,4,7,2,,e,4,50,55,1
粘体の保養地 史莱姆的疗养地,街着捕食箱 外出服捕食箱,,,4,7,2,,f,4,50,55,1
粘体の保養地 史莱姆的疗养地,神速赤粘体,1,,,7,2,a,14,1,50,55,1
粘体の保養地 史莱姆的疗养地,異質緑粘体 异质绿粘体,,,,7,2,,c,d,50,55,1
粘体の保養地 史莱姆的疗养地,神速赤粘体,,,,7,2,,d,d,50,55,1
粘体の保養地 史莱姆的疗养地,鉄壁黒粘体 铁壁黑粘体,,,,7,2,,d,e,50,55,1
粘体の保養地 史莱姆的疗养地,異質緑粘体 异质绿粘体,1,,,7,2,b,7,13,50,55,1
掘削された空洞 掘削出的空洞,堕心の群れ 堕心之群,,,,7,2,,d,2,14,1e,1
掘削された空洞 掘削出的空洞,堕心の群れ 堕心之群,,,,7,2,,2,d,14,1e,1
掘削された空洞 掘削出的空洞,迷い入った小鬼 迷路闯入的小鬼,1,,,7,2,5,9,4,10,1a,1
掘削された空洞 掘削出的空洞,迷い入った小鬼 迷路闯入的小鬼,1,,,7,2,6,a,5,10,1a,1
掘削された空洞 掘削出的空洞,小鬼族,1,,,7,2,6,a,5,10,1a,1
掘削された空洞 掘削出的空洞,小鬼族,1,,,7,2,7,b,6,10,1a,1
掘削された空洞 掘削出的空洞,グバルッカリーダー 古巴鲁卡首领,1,,,7,2,2,4,9,10,1a,1
掘削された空洞 掘削出的空洞,グバルッカリーダー 古巴鲁卡首领,1,,,7,2,3,5,a,10,1a,1
掘削された空洞 掘削出的空洞,エーグ族 埃古族,1,,,7,2,3,5,a,10,1a,1
掘削された空洞 掘削出的空洞,エーグ族 埃古族,1,,,7,2,4,6,b,10,1a,1
掘削された空洞 掘削出的空洞,グバルッカリーダー 古巴鲁卡首领,,,,7,2,,9,1,10,1a,1
掘削された空洞 掘削出的空洞,エーグ族 埃古族,,,,7,2,,8,e,10,1a,1
掘削された空洞 掘削出的空洞,小鬼族,,,,7,2,,1,3,10,1a,1
掘削された空洞 掘削出的空洞,エーグ呪霊種 埃古咒灵种,,,,7,2,,b,e,2a,34,1
掘削された空洞 掘削出的空洞,エーグ呪霊種 埃古咒灵种,,,,7,2,,e,a,2a,34,1
掘削された空洞 掘削出的空洞,エーグ狩猟種 埃古狩猎种,,,,7,2,,5,10,18,22,1
掘削された空洞 掘削出的空洞,エーグ狩猟種 埃古狩猎种,,,,7,2,,6,f,18,22,1
猫の隠れ家 猫之藏身处,不思議な小鬼 不可思议的小鬼,1,,,7,2,6,11,8,28,32,1
猫の隠れ家 猫之藏身处,不思議な小鬼 不可思议的小鬼,1,,,7,2,7,7,5,28,32,1
猫の隠れ家 猫之藏身处,不思議な小鬼 不可思议的小鬼,,,,7,2,,9,1,28,32,1
猫の隠れ家 猫之藏身处,不思議な雷蝶 不可思议的雷蝶,1,,,7,2,6,1,4,28,32,1
猫の隠れ家 猫之藏身处,不思議な雷蝶 不可思议的雷蝶,1,,,7,2,7,7,5,28,32,1
猫の隠れ家 猫之藏身处,不思議な雷蝶 不可思议的雷蝶,,,,7,2,,6,a,28,32,1
猫の隠れ家 猫之藏身处,不思議なドリュアス 不可思议的德律阿斯,1,,,7,2,6,1,4,28,32,1
猫の隠れ家 猫之藏身处,不思議なドリュアス 不可思议的德律阿斯,1,,,7,2,7,7,5,28,32,1
猫の隠れ家 猫之藏身处,不思議なドリュアス 不可思议的德律阿斯,,,,7,2,,b,4,28,32,1
猫の隠れ家 猫之藏身处,自壊した石造兵 自毁的石造兵,,,,7,2,,c,c,28,32,1
猫の隠れ家 猫之藏身处,癒使霊 愈使灵,,,,7,2,,b,7,28,32,1
猫の隠れ家 猫之藏身处,紅魔コウモリ 红魔蝙蝠,,,,7,2,,f,4,28,32,1
白猫の泣く歪宮 白猫哭泣的歪宫,不思議な小鬼 不可思议的小鬼,1,,,7,2,6,1,4,29,33,1
白猫の泣く歪宮 白猫哭泣的歪宫,不思議な小鬼 不可思议的小鬼,1,,,7,2,8,1,6,29,33,1
白猫の泣く歪宮 白猫哭泣的歪宫,不思議な小鬼 不可思议的小鬼,1,,,7,2,9,b,9,29,33,1
白猫の泣く歪宮 白猫哭泣的歪宫,不思議な小鬼 不可思议的小鬼,,,,7,2,,8,9,29,33,1
白猫の泣く歪宮 白猫哭泣的歪宫,不思議な小鬼 不可思议的小鬼,,,,7,2,,7,5,29,33,1
白猫の泣く歪宮 白猫哭泣的歪宫,不思議な雷蝶 不可思议的雷蝶,1,,,7,2,a,12,5,29,33,1
白猫の泣く歪宮 白猫哭泣的歪宫,不思議な雷蝶 不可思议的雷蝶,1,,,7,2,b,11,c,29,33,1
白猫の泣く歪宮 白猫哭泣的歪宫,不思議な雷蝶 不可思议的雷蝶,,,,7,2,,10,5,29,33,1
白猫の泣く歪宮 白猫哭泣的歪宫,不思議な雷蝶 不可思议的雷蝶,,,,7,2,,3,9,29,33,1
白猫の泣く歪宮 白猫哭泣的歪宫,不思議な雷蝶 不可思议的雷蝶,,,,7,2,,d,e,29,33,1
白猫の泣く歪宮 白猫哭泣的歪宫,不思議な雷蝶 不可思议的雷蝶,,,,7,2,,6,4,29,33,1
白猫の泣く歪宮 白猫哭泣的歪宫,不思議なドリュアス 不可思议的德律阿斯,1,,,7,2,7,1,5,29,33,1
白猫の泣く歪宮 白猫哭泣的歪宫,不思議なドリュアス 不可思议的德律阿斯,1,,,7,2,9,b,9,29,33,1
白猫の泣く歪宮 白猫哭泣的歪宫,不思議なドリュアス 不可思议的德律阿斯,,,,7,2,,5,d,29,33,1
白猫の泣く歪宮 白猫哭泣的歪宫,不思議なドリュアス 不可思议的德律阿斯,,,,7,2,,c,c,29,33,1
白猫の泣く歪宮 白猫哭泣的歪宫,癒使霊 愈使灵,,,,7,2,,2,a,29,33,1
白猫の泣く歪宮 白猫哭泣的歪宫,籠魅魔霊 笼魅魔灵,1,,,7,2,c,12,b,29,33,1
白猫の泣く歪宮 白猫哭泣的歪宫,自壊した石造兵 自毁的石造兵,,,,7,2,,12,d,29,33,1
白猫の泣く歪宮 白猫哭泣的歪宫,紅魔コウモリ 红魔蝙蝠,,,,7,2,,e,6,29,33,1
白猫の泣く歪宮 白猫哭泣的歪宫,狂ったジルニー 疯狂的吉尔尼,,,,7,2,,10,4,29,33,1
白猫の泣く歪宮 白猫哭泣的歪宫,狂ったジルニー 疯狂的吉尔尼,,,,7,2,,10,6,29,33,1
歪宮中心部 歪宫中心部,歪宮の守護者 歪宫的守护者,,,2,7,2,,2,9,2b,35,1
歪宮中心部 歪宫中心部,歪宮の守護者 歪宫的守护者,,,2,7,2,,9,2,2b,35,1
歪宮中心部 歪宫中心部,歪宮の守護者 歪宫的守护者,,,2,7,2,,9,10,2b,35,1
歪宮中心部 歪宫中心部,歪宮の守護者 歪宫的守护者,,,2,7,2,,10,9,2b,35,1
歪宮中心部 歪宫中心部,不思議な小鬼 不可思议的小鬼,1,,,7,2,8,5,5,2a,34,1
歪宮中心部 歪宫中心部,不思議な小鬼 不可思议的小鬼,1,,,7,2,a,5,d,2a,34,1
歪宮中心部 歪宫中心部,不思議な小鬼 不可思议的小鬼,1,,,7,2,d,d,5,2a,34,1
歪宮中心部 歪宫中心部,不思議な小鬼 不可思议的小鬼,1,,,7,2,e,d,d,2a,34,1
歪宮中心部 歪宫中心部,不思議な雷蝶 不可思议的雷蝶,1,,,7,2,8,5,5,2a,34,1
歪宮中心部 歪宫中心部,不思議な雷蝶 不可思议的雷蝶,1,,,7,2,a,5,d,2a,34,1
歪宮中心部 歪宫中心部,不思議な雷蝶 不可思议的雷蝶,1,,,7,2,d,d,5,2a,34,1
歪宮中心部 歪宫中心部,不思議な雷蝶 不可思议的雷蝶,1,,,7,2,e,d,d,2a,34,1
歪宮中心部 歪宫中心部,不思議なドリュアス 不可思议的德律阿斯,1,,,7,2,8,5,5,2a,34,1
歪宮中心部 歪宫中心部,不思議なドリュアス 不可思议的德律阿斯,1,,,7,2,a,5,d,2a,34,1
歪宮中心部 歪宫中心部,不思議なドリュアス 不可思议的德律阿斯,1,,,7,2,d,d,5,2a,34,1
歪宮中心部 歪宫中心部,不思議なドリュアス 不可思议的德律阿斯,1,,,7,2,e,d,d,2a,34,1
歪宮中心部 歪宫中心部,不思議なドリュアス 不可思议的德律阿斯,1,,,7,2,9,5,9,2a,34,1
歪宮中心部 歪宫中心部,籠魅魔霊 笼魅魔灵,1,,,7,2,b,9,5,2a,34,1
歪宮中心部 歪宫中心部,籠魅魔霊 笼魅魔灵,1,,,7,2,c,9,d,2a,34,1
歪宮中心部 歪宫中心部,籠魅魔霊 笼魅魔灵,1,,,7,2,9,5,9,2a,34,1
黄橡の華楼 黄橡华楼,古代迷宮の守人 古代迷宫的守人,,,2,7,2,,2,14,2d,37,1
黄橡の華楼 黄橡华楼,彷徨う石巨人 彷徨的石巨人,,,2,7,2,,3,13,28,32,1
黄橡の華楼 黄橡华楼,彷徨う石巨人 彷徨的石巨人,,,2,7,2,,3,15,28,32,1
黄橡の華楼 黄橡华楼,彷徨う石巨人 彷徨的石巨人,,,,7,2,,5,a,28,32,1
黄橡の華楼 黄橡华楼,彷徨う石巨人 彷徨的石巨人,,,,7,2,,8,8,28,32,1
黄橡の華楼 黄橡华楼,彷徨う骸骨 彷徨的骸骨,1,,,7,2,7,e,b,28,32,1
黄橡の華楼 黄橡华楼,彷徨う骸骨 彷徨的骸骨,1,,,7,2,5,1,14,28,32,1
黄橡の華楼 黄橡华楼,彷徨う骸骨 彷徨的骸骨,,,,7,2,,9,10,28,32,1
黄橡の華楼 黄橡华楼,彷徨う死体 彷徨的尸体,1,,,7,2,5,1,14,28,32,1
黄橡の華楼 黄橡华楼,彷徨う死体 彷徨的尸体,,,,7,2,,f,10,28,32,1
黄橡の華楼 黄橡华楼,彷徨う蝙蝠 彷徨的蝙蝠,1,,,7,2,6,3,7,28,32,1
黄橡の華楼 黄橡华楼,彷徨う蝙蝠 彷徨的蝙蝠,1,,,7,2,8,2,11,28,32,1
浅縹の流塔 浅缥流塔,流神殿騎士団長 流神殿骑士团长,,,2,7,2,,2,2,37,41,1
浅縹の流塔 浅缥流塔,流神殿騎士 流神殿骑士,,,2,7,2,,1,3,32,3c,1
浅縹の流塔 浅缥流塔,流神殿騎士 流神殿骑士,,,2,7,2,,3,3,32,3c,1
浅縹の流塔 浅缥流塔,流神殿騎士 流神殿骑士,1,,,7,2,2,7,12,32,3c,1
浅縹の流塔 浅缥流塔,流神殿騎士 流神殿骑士,,,,7,2,,c,7,32,3c,1
浅縹の流塔 浅缥流塔,流神殿騎士 流神殿骑士,,,,7,2,,11,8,32,3c,1
浅縹の流塔 浅缥流塔,流神殿騎士 流神殿骑士,,,,7,2,,16,17,32,3c,1
浅縹の流塔 浅缥流塔,流神殿弓騎士 流神殿弓骑士,,,,7,2,,2,c,32,3c,1
浅縹の流塔 浅缥流塔,流神殿弓騎士 流神殿弓骑士,,,,7,2,,15,3,32,3c,1
浅縹の流塔 浅缥流塔,流神殿弓騎士 流神殿弓骑士,,,,7,2,,17,3,32,3c,1
浅縹の流塔 浅缥流塔,流神殿術師 流神殿术师,1,,,7,2,2,7,12,32,3c,1
浅縹の流塔 浅缥流塔,流神殿術師 流神殿术师,,,,7,2,,b,7,32,3c,1
浅縹の流塔 浅缥流塔,流神殿術師 流神殿术师,,,,7,2,,d,7,32,3c,1
真赭の溶壁 真赭熔壁,巨鉄亀の騎士 巨铁龟骑士,,,2,7,2,,10,1,3c,46,1
真赭の溶壁 真赭熔壁,鉄騎兵 铁骑兵,,,2,7,2,,10,3,37,41,1
真赭の溶壁 真赭熔壁,鉄騎弓兵 铁骑弓兵,,,2,7,2,,f,2,37,41,1
真赭の溶壁 真赭熔壁,鉄騎術師 铁骑术师,,,2,7,2,,11,2,37,41,1
真赭の溶壁 真赭熔壁,鉄騎兵 铁骑兵,1,,,7,2,5,b,c,37,41,1
真赭の溶壁 真赭熔壁,鉄騎兵 铁骑兵,1,,,7,2,4,1,7,37,41,1
真赭の溶壁 真赭熔壁,鉄騎兵 铁骑兵,,,,7,2,,3,e,37,41,1
真赭の溶壁 真赭熔壁,鉄騎兵 铁骑兵,,,,7,2,,b,12,37,41,1
真赭の溶壁 真赭熔壁,鉄騎弓兵 铁骑弓兵,1,,,7,2,5,b,c,37,41,1
真赭の溶壁 真赭熔壁,鉄騎弓兵 铁骑弓兵,1,,,7,2,6,12,6,37,41,1
真赭の溶壁 真赭熔壁,鉄騎弓兵 铁骑弓兵,,,,7,2,,5,6,37,41,1
真赭の溶壁 真赭熔壁,鉄騎術師 铁骑术师,1,,,7,2,4,1,7,37,41,1
真赭の溶壁 真赭熔壁,鉄騎術師 铁骑术师,,,,7,2,,8,8,37,41,1
真赭の溶壁 真赭熔壁,鉄騎術師 铁骑术师,,,,7,2,,12,11,37,41,1
錆浅葱の嵐渦 锈浅葱岚涡,滅殺の雷竜 灭杀雷龙,,,2,7,2,,8,1a,32,3c,1
錆浅葱の嵐渦 锈浅葱岚涡,破術の飛蛇 破术飞蛇,1,,,7,2,4,c,3,2d,37,1
錆浅葱の嵐渦 锈浅葱岚涡,破術の飛蛇 破术飞蛇,,,,7,2,,1,11,2d,37,1
錆浅葱の嵐渦 锈浅葱岚涡,破術の飛蛇 破术飞蛇,,,,7,2,,d,12,2d,37,1
錆浅葱の嵐渦 锈浅葱岚涡,神速の飛蛇 神速飞蛇,,,,7,2,,2,a,2d,37,1
錆浅葱の嵐渦 锈浅葱岚涡,神速の飛蛇 神速飞蛇,,,,7,2,,7,e,2d,37,1
錆浅葱の嵐渦 锈浅葱岚涡,神速の飛蛇 神速飞蛇,,,,7,2,,c,19,2d,37,1
錆浅葱の嵐渦 锈浅葱岚涡,神速の飛蛇 神速飞蛇,,,,7,2,,d,6,2d,37,1
錆浅葱の嵐渦 锈浅葱岚涡,特攻の飛蛇 特攻飞蛇,1,,,7,2,5,c,14,2d,37,1
錆浅葱の嵐渦 锈浅葱岚涡,特攻の飛蛇 特攻飞蛇,,,,7,2,,9,c,2d,37,1
錆浅葱の嵐渦 锈浅葱岚涡,特攻の飛蛇 特攻飞蛇,,,,7,2,,a,8,2d,37,1
睡魔の歪空間 睡魔的歪曲空间,睡魔リリエール 睡魔莉莉艾尔,1,,,7,2,2,3,5,38,42,1
睡魔の歪空間 睡魔的歪曲空间,睡魔リリエール 睡魔莉莉艾尔,1,,,7,2,3,4,4,38,42,1
睡魔の歪空間 睡魔的歪曲空间,睡魔リリエール 睡魔莉莉艾尔,1,,,7,2,4,4,6,38,42,1
睡魔の歪空間 睡魔的歪曲空间,睡魔リリス 睡魔莉莉丝,1,,,7,2,5,5,3,39,43,1
睡魔の歪空間 睡魔的歪曲空间,睡魔リリス 睡魔莉莉丝,1,,,7,2,6,5,5,39,43,1
睡魔の歪空間 睡魔的歪曲空间,睡魔リリス 睡魔莉莉丝,1,,,7,2,7,5,7,39,43,1
睡魔の歪空間 睡魔的歪曲空间,睡魔スゥーティ 睡魔斯乌提,1,,,7,2,8,6,4,37,41,1
睡魔の歪空間 睡魔的歪曲空间,睡魔スゥーティ 睡魔斯乌提,1,,,7,2,9,6,6,37,41,1
睡魔の歪空間 睡魔的歪曲空间,睡魔スゥーティ 睡魔斯乌提,1,,,7,2,a,7,5,37,41,1
峻険の大渓谷 峻险的大溪谷,ゴブル 哥布尔,1,,,7,2,6,e,5,37,41,1
峻険の大渓谷 峻险的大溪谷,ゴブル 哥布尔,1,,,7,2,7,12,10,37,41,1
峻険の大渓谷 峻险的大溪谷,ゴブル 哥布尔,1,,,7,2,8,4,14,37,41,1
峻険の大渓谷 峻险的大溪谷,ゴブル 哥布尔,,,,7,2,,9,a,37,41,1
峻険の大渓谷 峻险的大溪谷,ゴブル 哥布尔,,,,7,2,,9,b,37,41,1
峻険の大渓谷 峻险的大溪谷,ゴブル 哥布尔,,,,7,2,,c,e,37,41,1
峻険の大渓谷 峻险的大溪谷,エリートオーク 精英半兽人,1,,,7,2,6,e,5,37,41,1
峻険の大渓谷 峻险的大溪谷,エリートオーク 精英半兽人,,,,7,2,,2,5,39,43,1
峻険の大渓谷 峻险的大溪谷,エリートオーク 精英半兽人,,,,7,2,,1,c,39,43,1
峻険の大渓谷 峻险的大溪谷,エリートオーク 精英半兽人,,,,7,2,,f,b,39,43,1
峻険の大渓谷 峻险的大溪谷,ゴブルシャーマン 哥布尔萨满,1,,,7,2,7,12,10,37,41,1
峻険の大渓谷 峻险的大溪谷,ゴブルシャーマン 哥布尔萨满,1,,,7,2,8,4,14,37,41,1
峻険の大渓谷 峻险的大溪谷,ゴブルシャーマン 哥布尔萨满,,,,7,2,,8,6,37,41,1
峻険の大渓谷 峻险的大溪谷,エリートオーク 精英半兽人,,,,7,2,,13,3,39,43,1
峻険の大渓谷 峻险的大溪谷,エーグ呪霊種 埃古咒灵种,,,,7,2,,4,e,37,41,1
峻険の大渓谷 峻险的大溪谷,エーグ呪霊種 埃古咒灵种,,,,7,2,,c,3,37,41,1
峻険の大渓谷 峻险的大溪谷,狂ったジルニー 疯狂的吉尔尼,,,,7,2,,7,f,37,41,1
峻険の大渓谷 峻险的大溪谷,狂ったジルニー 疯狂的吉尔尼,,,,7,2,,13,7,37,41,1
峻険の大渓谷 峻险的大溪谷,黒プテテット 黑史莱姆,,,,7,2,,e,2,37,41,1
峻険の大渓谷 峻险的大溪谷,グロウハルピュア 格洛哈尔皮亚,1,,,7,2,5,6,2,37,41,1
峻険の大渓谷 峻险的大溪谷,グロウハルピュア 格洛哈尔皮亚,,,,7,2,,f,c,37,41,1
静炎の洞穴 静炎的洞穴,アイアンワーム 钢铁蠕虫,1,,,7,2,3,5,1,37,41,1
静炎の洞穴 静炎的洞穴,アイアンワーム 钢铁蠕虫,1,,,7,2,5,c,1,37,41,1
静炎の洞穴 静炎的洞穴,ワーム 蠕虫,1,,,7,2,4,a,1,37,41,1
静炎の洞穴 静炎的洞穴,ワーム 蠕虫,1,,,7,2,6,1,d,37,41,1
静炎の洞穴 静炎的洞穴,ワーム 蠕虫,,,,7,2,,8,8,37,41,1
静炎の洞穴 静炎的洞穴,マグナワーム 马格纳蠕虫,,,,7,2,,4,e,37,41,1
静炎の洞穴 静炎的洞穴,マグナワーム 马格纳蠕虫,,,,7,2,,5,d,37,41,1
静炎の洞穴 静炎的洞穴,マグナワーム 马格纳蠕虫,,,,7,2,,5,f,37,41,1
静炎の洞穴 静炎的洞穴,マグナワーム 马格纳蠕虫,,,,7,2,,6,e,37,41,1
静炎の洞穴 静炎的洞穴,イル＝レブルドル 伊尔-雷布尔多尔,,,,7,2,,3,a,37,41,1
静炎の洞穴 静炎的洞穴,角蜥蜴ワミロドン 角蜥蜴瓦米罗顿,,,,7,2,,1,1,37,41,1
静炎の洞穴 静炎的洞穴,火蜥蜴ゴーファラム 火蜥蜴戈法拉姆,,,,7,2,,c,c,37,41,1
静炎の洞穴 静炎的洞穴,火炎彫像 火焰雕像,,,,7,2,,8,10,37,41,1
隠された書史殿 被隐藏的书史殿,捕食箱,,,4,7,2,,3,c,37,41,1
隠された書史殿 被隐藏的书史殿,誘う捕食箱 引诱的捕食箱,,,4,7,2,,f,f,37,41,1
隠された書史殿 被隐藏的书史殿,希少な捕食箱 稀有的捕食箱,,,4,7,2,,10,1,37,41,1
隠された書史殿 被隐藏的书史殿,籠魅魔霊 笼魅魔灵,1,,,7,2,4,2,b,37,41,1
隠された書史殿 被隐藏的书史殿,籠魅魔霊 笼魅魔灵,,,,7,2,,6,4,37,41,1
隠された書史殿 被隐藏的书史殿,魅惑の霊体 魅惑的灵体,1,,,7,2,5,10,4,37,41,1
隠された書史殿 被隐藏的书史殿,地の大魔術師 地之大魔术师,1,,,7,2,6,b,c,37,41,1
隠された書史殿 被隐藏的书史殿,水の大魔術師 水之大魔术师,1,,,7,2,6,b,c,37,41,1
隠された書史殿 被隐藏的书史殿,水の大魔術師 水之大魔术师,,,,7,2,,8,8,37,41,1
隠された書史殿 被隐藏的书史殿,火の大魔術師 火之大魔术师,1,,,7,2,6,b,c,37,41,1
隠された書史殿 被隐藏的书史殿,火の大魔術師 火之大魔术师,,,,7,2,,8,a,37,41,1
隠された書史殿 被隐藏的书史殿,風の大魔術師 风之大魔术师,1,,,7,2,6,b,c,37,41,1
隠された書史殿 被隐藏的书史殿,風の大魔術師 风之大魔术师,,,,7,2,,4,6,37,41,1
隠された書史殿 被隐藏的书史殿,流神殿騎士 流神殿骑士,,,,7,2,,5,11,37,41,1
隠された書史殿 被隐藏的书史殿,睡魔リリス 睡魔莉莉丝,1,,,7,2,4,2,b,37,41,1
隠された書史殿 被隐藏的书史殿,楯使霊 盾使灵,1,,,7,2,7,10,10,37,41,1
隠された書史殿 被隐藏的书史殿,楯使霊 盾使灵,,,,7,2,,11,5,37,41,1
隠された書史殿 被隐藏的书史殿,癒使霊 愈使灵,,,,7,2,,a,13,37,41,1
隠された書史殿 被隐藏的书史殿,魅惑の天使 魅惑的天使,1,,,7,2,7,10,10,37,41,1
隠された書史殿 被隐藏的书史殿,魅惑の天使 魅惑的天使,,,,7,2,,e,2,37,41,1
隠された書史殿 被隐藏的书史殿,流神殿術師 流神殿术师,,,,7,2,,e,9,2d,37,1
隠された書史殿 被隐藏的书史殿,流神殿術師 流神殿术师,,,,7,2,,11,c,2d,37,1
誘いの緑地 诱惑的绿地,水精ティエネー 水精提埃内,,,2,7,3,,2,d,1,1,1
誘いの緑地 诱惑的绿地,グロウサーペント 格罗巨蛇,,,,7,2,,d,3,3c,46,1
誘いの緑地 诱惑的绿地,メタルサーペント 金属巨蛇,1,,,7,2,4,2,6,37,41,1
誘いの緑地 诱惑的绿地,メタルサーペント 金属巨蛇,1,,,7,2,8,10,12,37,41,1
誘いの緑地 诱惑的绿地,メタルサーペント 金属巨蛇,,,,7,2,,4,6,37,41,1
誘いの緑地 诱惑的绿地,メタルサーペント 金属巨蛇,,,,7,2,,11,13,37,41,1
誘いの緑地 诱惑的绿地,サーペント 巨蛇,1,,,7,2,5,8,8,37,41,1
誘いの緑地 诱惑的绿地,サーペント 巨蛇,1,,,7,2,7,10,9,37,41,1
誘いの緑地 诱惑的绿地,サーペント 巨蛇,,,,7,2,,7,e,37,41,1
誘いの緑地 诱惑的绿地,リザードモール 蜥蜴鼹鼠,1,,,7,2,6,a,9,37,41,1
誘いの緑地 诱惑的绿地,リザードモール 蜥蜴鼹鼠,,,,7,2,,2,1,37,41,1
誘いの緑地 诱惑的绿地,リザードモール 蜥蜴鼹鼠,,,,7,2,,5,a,37,41,1
誘いの緑地 诱惑的绿地,リザードモール 蜥蜴鼹鼠,,,,7,2,,f,11,37,41,1
誘いの緑地 诱惑的绿地,魅惑の部族兵 魅惑的部族兵,,,,7,2,,d,7,37,41,1
誘いの緑地 诱惑的绿地,グロウハルピュア 格洛哈尔皮亚,,,,7,2,,f,e,37,41,1
誘いの緑地 诱惑的绿地,ラヴェニゥス 拉维纽斯,,,,7,2,,9,2,37,41,1
誘いの緑地 诱惑的绿地,ラヴェニゥス 拉维纽斯,,,,7,2,,b,11,37,41,1
誘いの緑地 诱惑的绿地,木精ネミルユイチリ 木精内米尔由伊奇利,,,,7,2,,a,c,37,41,1
誘いの緑地 诱惑的绿地,木精ネミルユイチリ 木精内米尔由伊奇利,,,,7,2,,f,9,37,41,1
誘いの緑地 诱惑的绿地,水棲獣ピュネス 水栖兽皮内斯,,,,7,2,,c,13,37,41,1
荒原を臨む狩場 临荒原的狩猎场,雷精獣ジルラム 雷精兽吉尔拉姆,1,,,7,2,4,3,7,37,41,1
荒原を臨む狩場 临荒原的狩猎场,雷精獣ジルラム 雷精兽吉尔拉姆,1,,,7,2,5,3,9,37,41,1
荒原を臨む狩場 临荒原的狩猎场,雷精獣ジルラム 雷精兽吉尔拉姆,1,,,7,2,a,d,7,37,41,1
荒原を臨む狩場 临荒原的狩猎场,雷精獣ジルラム 雷精兽吉尔拉姆,1,,,7,2,b,d,9,37,41,1
荒原を臨む狩場 临荒原的狩猎场,雷精獣ジルラム 雷精兽吉尔拉姆,,,,7,2,,3,8,37,41,1
荒原を臨む狩場 临荒原的狩猎场,雷精獣ジルラム 雷精兽吉尔拉姆,,,,7,2,,d,8,37,41,1
荒原を臨む狩場 临荒原的狩猎场,火蜥蜴ゴーファラム 火蜥蜴戈法拉姆,1,,,7,2,6,7,3,37,41,1
荒原を臨む狩場 临荒原的狩猎场,火蜥蜴ゴーファラム 火蜥蜴戈法拉姆,1,,,7,2,7,9,3,37,41,1
荒原を臨む狩場 临荒原的狩猎场,火蜥蜴ゴーファラム 火蜥蜴戈法拉姆,1,,,7,2,8,7,d,37,41,1
荒原を臨む狩場 临荒原的狩猎场,火蜥蜴ゴーファラム 火蜥蜴戈法拉姆,1,,,7,2,9,9,d,37,41,1
荒原を臨む狩場 临荒原的狩猎场,火蜥蜴ゴーファラム 火蜥蜴戈法拉姆,,,,7,2,,8,3,37,41,1
荒原を臨む狩場 临荒原的狩猎场,火蜥蜴ゴーファラム 火蜥蜴戈法拉姆,,,,7,2,,8,d,37,41,1
荒原を臨む狩場 临荒原的狩猎场,這竜リムドラギル 爬龙利姆德拉吉尔,1,,,7,2,c,4,4,37,41,1
荒原を臨む狩場 临荒原的狩猎场,グロウハルピュア 格洛哈尔皮亚,1,,,7,2,d,c,c,37,41,1
狂飆荒む空洞 狂风肆虐的空洞,転がる大岩 滚动的大岩,,,,7,2,,8,5,37,41,1
狂飆荒む空洞 狂风肆虐的空洞,転がる大岩 滚动的大岩,,,,7,2,,b,8,37,41,1
狂飆荒む空洞 狂风肆虐的空洞,破裂飢狼 破裂饥狼,,,1,7,2,,3,7,37,41,1
狂飆荒む空洞 狂风肆虐的空洞,睡魔リリス 睡魔莉莉丝,,,1,7,2,,7,1,39,43,1
狂飆荒む空洞 狂风肆虐的空洞,ゴブル 哥布尔,,,1,7,2,,c,3,37,41,1
狂飆荒む空洞 狂风肆虐的空洞,ゴブルシャーマン 哥布尔萨满,,,1,7,2,,9,c,37,41,1
狂飆荒む空洞 狂风肆虐的空洞,アイアンワーム 钢铁蠕虫,,,1,7,2,,d,a,37,41,1
狂飆荒む空洞 狂风肆虐的空洞,ワーム 蠕虫,,,1,7,2,,14,8,37,41,1
狂飆荒む空洞 狂风肆虐的空洞,リザードモール 蜥蜴鼹鼠,,,1,7,2,,13,1,37,41,1
狂飆荒む空洞 狂风肆虐的空洞,雷精獣ジルラム 雷精兽吉尔拉姆,,,1,7,2,,19,5,37,41,1
狂飆荒む空洞 狂风肆虐的空洞,狂ったジルニー 疯狂的吉尔尼,,,1,7,2,,18,6,37,41,1
狂飆荒む空洞 狂风肆虐的空洞,魔獣ギガデルピュネ 魔兽吉加德尔皮内,,,1,7,2,,e,c,37,41,1
魅了斑の結界 魅惑斑纹的结界,魅惑のロズリーヌ 魅惑的罗兹利奴,,,2,7,2,,5,7,28,32,1
魅了斑の結界 魅惑斑纹的结界,魅惑のミクシュアナ 魅惑的米克修亚娜,,,2,7,2,,5,9,28,32,1
魅了斑の結界 魅惑斑纹的结界,魅惑のイオル 魅惑的伊欧露,,,2,7,2,,7,7,28,32,1
魅了斑の結界 魅惑斑纹的结界,魅惑のキスニル 魅惑的姬斯尼尔,,,2,7,2,,7,9,28,32,1
魅了斑の結界 魅惑斑纹的结界,魅惑の霊体 魅惑的灵体,1,,,7,2,1,3,3,24,2e,1
魅了斑の結界 魅惑斑纹的结界,魅惑の霊体 魅惑的灵体,1,,,7,2,6,d,d,24,2e,1
魅了斑の結界 魅惑斑纹的结界,魅惑の霊体 魅惑的灵体,,,,7,2,,a,7,24,2e,1
魅了斑の結界 魅惑斑纹的结界,魅惑の天使 魅惑的天使,1,,,7,2,2,8,2,24,2e,1
魅了斑の結界 魅惑斑纹的结界,魅惑の天使 魅惑的天使,,,,7,2,,9,6,24,2e,1
魅了斑の結界 魅惑斑纹的结界,魅惑の部族兵 魅惑的部族兵,1,,,7,2,3,d,3,24,2e,1
魅了斑の結界 魅惑斑纹的结界,魅惑の部族兵 魅惑的部族兵,1,,,7,2,4,3,d,24,2e,1
魅了斑の結界 魅惑斑纹的结界,魅惑の部族兵 魅惑的部族兵,,,,7,2,,a,9,24,2e,1
魅了斑の結界 魅惑斑纹的结界,魅惑の部族弓兵 魅惑的部族弓兵,1,,,7,2,5,8,e,24,2e,1
魅了斑の結界 魅惑斑纹的结界,魅惑の部族弓兵 魅惑的部族弓兵,,,,7,2,,9,a,24,2e,1
月爛殿 月烂殿,魔法使いユエラ 魔术师由艾拉,,,2,7,2,,2,5,2d,37,1
月爛殿 月烂殿,借物のソルガッシュ 借来的索尔加修,,,2,7,2,,a,5,2a,34,1
月爛殿 月烂殿,借物のゴーレム 借来的魔像,,,2,7,2,,12,5,2a,34,1
月爛殿 月烂殿,魅惑の部族兵 魅惑的部族兵,,,2,7,2,,3,4,28,32,1
月爛殿 月烂殿,魅惑の部族兵 魅惑的部族兵,,,2,7,2,,3,6,28,32,1
月爛殿 月烂殿,魅惑の部族兵 魅惑的部族兵,1,,,7,2,1,4,2,28,32,1
月爛殿 月烂殿,魅惑の部族兵 魅惑的部族兵,1,,,7,2,2,4,8,28,32,1
月爛殿 月烂殿,魅惑の部族兵 魅惑的部族兵,,,,7,2,,16,3,28,32,1
月爛殿 月烂殿,魅惑の部族兵 魅惑的部族兵,,,,7,2,,16,7,28,32,1
月爛殿 月烂殿,魅惑の部族弓兵 魅惑的部族弓兵,,,,7,2,,8,3,28,32,1
月爛殿 月烂殿,魅惑の部族弓兵 魅惑的部族弓兵,,,,7,2,,8,7,28,32,1
月爛殿 月烂殿,魅惑の部族弓兵 魅惑的部族弓兵,,,,7,2,,10,3,28,32,1
月爛殿 月烂殿,魅惑の天使 魅惑的天使,1,,,7,2,3,e,1,28,32,1
月爛殿 月烂殿,魅惑の天使 魅惑的天使,,,,7,2,,c,3,28,32,1
月爛殿 月烂殿,魅惑の天使 魅惑的天使,,,,7,2,,12,7,28,32,1
月爛殿 月烂殿,魅惑の霊体 魅惑的灵体,1,,,7,2,4,e,9,28,32,1
月爛殿 月烂殿,魅惑の霊体 魅惑的灵体,,,,7,2,,c,7,28,32,1
月爛殿 月烂殿,魅惑の霊体 魅惑的灵体,,,,7,2,,e,4,28,32,1
月爛殿 月烂殿,魅惑の霊体 魅惑的灵体,,,,7,2,,e,6,28,32,1
サンバグの葡萄宮 桑巴格葡萄宫,十五漂流の雷精 十五漂流的雷精,,,4,7,2,,11,a,3b,45,1
サンバグの葡萄宮 桑巴格葡萄宫,アイドゥの石霊 艾杜的石灵,,,4,7,2,,10,9,3a,44,1
サンバグの葡萄宮 桑巴格葡萄宫,オゥータの石霊 奥塔的石灵,,,4,7,2,,11,9,3a,44,1
サンバグの葡萄宮 桑巴格葡萄宫,ウィッチダの石霊 维彻达的石灵,,,4,7,2,,10,b,3a,44,1
サンバグの葡萄宮 桑巴格葡萄宫,オサウワの石霊 奥萨瓦的石灵,,,4,7,2,,11,b,3a,44,1
サンバグの葡萄宮 桑巴格葡萄宫,アイドゥの石霊 艾杜的石灵,1,,,7,2,5,2,7,3a,44,1
サンバグの葡萄宮 桑巴格葡萄宫,アイドゥの石霊 艾杜的石灵,,,,7,2,,d,10,3a,44,1
サンバグの葡萄宮 桑巴格葡萄宫,オゥータの石霊 奥塔的石灵,1,,,7,2,6,10,7,3a,44,1
サンバグの葡萄宮 桑巴格葡萄宫,オゥータの石霊 奥塔的石灵,,,,7,2,,13,f,3a,44,1
サンバグの葡萄宮 桑巴格葡萄宫,ウィッチダの石霊 维彻达的石灵,1,,,7,2,7,e,e,3a,44,1
サンバグの葡萄宮 桑巴格葡萄宫,オサウワの石霊 奥萨瓦的石灵,1,,,7,2,8,3,e,3a,44,1
サンバグの葡萄宮 桑巴格葡萄宫,編霊デュエスク 编灵杜埃斯克,1,,,7,2,5,2,7,37,41,1
サンバグの葡萄宮 桑巴格葡萄宫,編霊デュエスク 编灵杜埃斯克,,,,7,2,,6,5,37,41,1
サンバグの葡萄宮 桑巴格葡萄宫,編霊チェイアー 编灵切亚,1,,,7,2,6,10,7,37,41,1
サンバグの葡萄宮 桑巴格葡萄宫,編霊チェイアー 编灵切亚,,,,7,2,,a,4,37,41,1
サンバグの葡萄宮 桑巴格葡萄宫,編霊ピシ 编灵皮希,1,,,7,2,7,e,e,37,41,1
サンバグの葡萄宮 桑巴格葡萄宫,編霊タブレト 编灵塔布莱特,1,,,7,2,8,3,e,37,41,1
葡萄宮の嘆刑殿 葡萄宫叹刑殿,バグクイーン 虫之女王,,,4,7,2,,2,5,3c,46,1
葡萄宮の嘆刑殿 葡萄宫叹刑殿,十五漂流の雷精 十五漂流的雷精,,,4,7,2,,4,5,3b,45,1
葡萄宮の嘆刑殿 葡萄宫叹刑殿,アイドゥの石霊 艾杜的石灵,,,4,7,2,,4,4,3b,45,1
葡萄宮の嘆刑殿 葡萄宫叹刑殿,オゥータの石霊 奥塔的石灵,,,4,7,2,,6,4,3b,45,1
葡萄宮の嘆刑殿 葡萄宫叹刑殿,ウィッチダの石霊 维彻达的石灵,,,4,7,2,,4,6,3b,45,1
葡萄宮の嘆刑殿 葡萄宫叹刑殿,オサウワの石霊 奥萨瓦的石灵,,,4,7,2,,6,6,3b,45,1
葡萄宮の嘆刑殿 葡萄宫叹刑殿,アイドゥの石霊 艾杜的石灵,1,,,7,2,3,3,3,3b,45,1
葡萄宮の嘆刑殿 葡萄宫叹刑殿,アイドゥの石霊 艾杜的石灵,1,,,7,2,4,7,3,3b,45,1
葡萄宮の嘆刑殿 葡萄宫叹刑殿,オゥータの石霊 奥塔的石灵,1,,,7,2,3,3,3,3b,45,1
葡萄宮の嘆刑殿 葡萄宫叹刑殿,オゥータの石霊 奥塔的石灵,1,,,7,2,4,7,3,3b,45,1
葡萄宮の嘆刑殿 葡萄宫叹刑殿,ウィッチダの石霊 维彻达的石灵,1,,,7,2,5,3,7,3b,45,1
葡萄宮の嘆刑殿 葡萄宫叹刑殿,ウィッチダの石霊 维彻达的石灵,1,,,7,2,6,7,7,3b,45,1
葡萄宮の嘆刑殿 葡萄宫叹刑殿,オサウワの石霊 奥萨瓦的石灵,1,,,7,2,5,3,7,3b,45,1
葡萄宮の嘆刑殿 葡萄宫叹刑殿,オサウワの石霊 奥萨瓦的石灵,1,,,7,2,6,7,7,3b,45,1
葡萄宮の嘆刑殿 葡萄宫叹刑殿,編霊デュエスク 编灵杜埃斯克,1,,,7,2,7,9,1,38,42,1
葡萄宮の嘆刑殿 葡萄宫叹刑殿,編霊デュエスク 编灵杜埃斯克,1,,,7,2,b,5,5,38,42,1
葡萄宮の嘆刑殿 葡萄宫叹刑殿,編霊チェイアー 编灵切亚,1,,,7,2,8,b,1,38,42,1
葡萄宮の嘆刑殿 葡萄宫叹刑殿,編霊チェイアー 编灵切亚,1,,,7,2,b,5,5,38,42,1
葡萄宮の嘆刑殿 葡萄宫叹刑殿,編霊ピシ 编灵皮希,1,,,7,2,9,9,9,38,42,1
葡萄宮の嘆刑殿 葡萄宫叹刑殿,編霊ピシ 编灵皮希,1,,,7,2,b,5,5,38,42,1
葡萄宮の嘆刑殿 葡萄宫叹刑殿,編霊タブレト 编灵塔布莱特,1,,,7,2,a,b,9,38,42,1
葡萄宮の嘆刑殿 葡萄宫叹刑殿,編霊タブレト 编灵塔布莱特,1,,,7,2,b,5,5,38,42,1
ローゼン渓谷 罗森溪谷,フィア＝イブラム 菲亚-伊布拉姆,,,2,7,2,,6,2,37,41,1
ローゼン渓谷 罗森溪谷,黒歪魔 黑歪魔,1,,,7,2,4,5,1,32,3c,1
ローゼン渓谷 罗森溪谷,黒歪魔 黑歪魔,,,,7,2,,2,5,32,3c,1
ローゼン渓谷 罗森溪谷,黒刃這竜 黑刃爬龙,1,,,7,2,5,7,1,32,3c,1
ローゼン渓谷 罗森溪谷,黒刃這竜 黑刃爬龙,,,,7,2,,1,11,32,3c,1
ローゼン渓谷 罗森溪谷,黒上級悪魔 黑上级恶魔,1,,,7,2,6,2,c,32,3c,1
ローゼン渓谷 罗森溪谷,黒上級悪魔 黑上级恶魔,,,,7,2,,5,7,32,3c,1
ローゼン渓谷 罗森溪谷,グロウハルピュア 格洛哈尔皮亚,,,,7,2,,6,e,32,3c,1
ローゼン渓谷 罗森溪谷,狂ったウンディーネ 疯狂的温蒂妮,,,,7,2,,b,b,32,3c,1
ローゼン渓谷 罗森溪谷,狂ったジルニー 疯狂的吉尔尼,,,,7,2,,9,7,32,3c,1
ローゼン渓谷 罗森溪谷,黒プテテット 黑史莱姆,,,,7,2,,7,a,32,3c,1
ローゼン渓谷 罗森溪谷,毒噴飛鼠 毒喷飞鼠,,,,7,2,,9,f,32,3c,1
ローゼン渓谷 罗森溪谷,黒歪魔 黑歪魔,,,2,7,2,,5,3,32,3c,1
ローゼン渓谷 罗森溪谷,黒歪魔 黑歪魔,,,2,7,2,,7,3,32,3c,1
虎伏の岬角 虎伏的岬角,絶天縁フィア 绝天缘菲亚,,,2,7,2,,f,7,3c,46,1
虎伏の岬角 虎伏的岬角,堕ちた蒼の結騎 堕落的苍之结骑,,,2,7,2,,c,4,37,41,1
虎伏の岬角 虎伏的岬角,堕ちた炎の結騎 堕落的炎之结骑,,,2,7,2,,c,a,37,41,1
虎伏の岬角 虎伏的岬角,堕ちた旋の結騎 堕落的旋之结骑,,,2,7,2,,12,4,37,41,1
虎伏の岬角 虎伏的岬角,堕ちた脈の結騎 堕落的脉之结骑,,,2,7,2,,12,a,37,41,1
虎伏の岬角 虎伏的岬角,黒歪魔 黑歪魔,,,,7,2,,5,1,34,3e,1
虎伏の岬角 虎伏的岬角,黒歪魔 黑歪魔,,,,7,2,,b,6,34,3e,1
虎伏の岬角 虎伏的岬角,黒歪魔 黑歪魔,,,,7,2,,b,8,34,3e,1
虎伏の岬角 虎伏的岬角,黒刃這竜 黑刃爬龙,1,,,7,2,3,8,4,34,3e,1
虎伏の岬角 虎伏的岬角,黒刃這竜 黑刃爬龙,,,,7,2,,f,4,34,3e,1
虎伏の岬角 虎伏的岬角,黒上級悪魔 黑上级恶魔,1,,,7,2,4,8,a,34,3e,1
虎伏の岬角 虎伏的岬角,黒上級悪魔 黑上级恶魔,,,,7,2,,f,a,34,3e,1
虎伏の岬角 虎伏的岬角,狂ったジルニー 疯狂的吉尔尼,,,,7,2,,4,b,34,3e,1
虎伏の岬角 虎伏的岬角,イル＝レブルドル 伊尔-雷布尔多尔,,,,7,2,,3,4,34,3e,1
レリクイア遺跡 雷利奎亚遗迹,リード＝ズィルヴァ 里德＝兹尔瓦,,,2,7,2,,3,8,41,4b,1
レリクイア遺跡 雷利奎亚遗迹,大天使ラヴナス 大天使拉乌纳斯,,,2,7,2,,5,6,3c,46,1
レリクイア遺跡 雷利奎亚遗迹,大天使ラヴナス 大天使拉乌纳斯,,,2,7,2,,5,a,3c,46,1
レリクイア遺跡 雷利奎亚遗迹,アークエンジェル 大天使,,,2,7,2,,6,7,3c,46,1
レリクイア遺跡 雷利奎亚遗迹,アークエンジェル 大天使,,,2,7,2,,6,9,3c,46,1
レリクイア遺跡 雷利奎亚遗迹,メルカヴァイル 梅尔卡维鲁,1,,,7,2,11,11,5,3c,46,1
レリクイア遺跡 雷利奎亚遗迹,メルカヴァイル 梅尔卡维鲁,,,2,7,2,,12,2,3c,46,1
レリクイア遺跡 雷利奎亚遗迹,メルカヴァイル 梅尔卡维鲁,,,2,7,2,,12,e,3c,46,1
レリクイア遺跡 雷利奎亚遗迹,メルカヴァイル 梅尔卡维鲁,,,,7,2,,11,8,3c,46,1
レリクイア遺跡 雷利奎亚遗迹,ガンヘリオン 甘赫利翁,1,,,7,2,11,11,5,3c,46,1
レリクイア遺跡 雷利奎亚遗迹,ガンヘリオン 甘赫利翁,,,2,7,2,,6,2,3c,46,1
レリクイア遺跡 雷利奎亚遗迹,ガンヘリオン 甘赫利翁,,,2,7,2,,6,e,3c,46,1
レリクイア遺跡 雷利奎亚遗迹,ガンヘリオン 甘赫利翁,,,,7,2,,f,8,3c,46,1
レリクイア遺跡 雷利奎亚遗迹,大天使ラヴナス 大天使拉乌纳斯,1,,2,7,2,d,5,5,3c,46,1
レリクイア遺跡 雷利奎亚遗迹,大天使ラヴナス 大天使拉乌纳斯,1,,2,7,2,e,5,b,3c,46,1
レリクイア遺跡 雷利奎亚遗迹,大天使ラヴナス 大天使拉乌纳斯,1,,,7,2,f,c,2,3c,46,1
レリクイア遺跡 雷利奎亚遗迹,大天使ラヴナス 大天使拉乌纳斯,,,2,7,2,,c,7,3c,46,1
レリクイア遺跡 雷利奎亚遗迹,大天使ラヴナス 大天使拉乌纳斯,,,2,7,2,,c,9,3c,46,1
レリクイア遺跡 雷利奎亚遗迹,アークエンジェル 大天使,1,,2,7,2,d,5,5,3c,46,1
レリクイア遺跡 雷利奎亚遗迹,アークエンジェル 大天使,1,,2,7,2,e,5,b,3c,46,1
レリクイア遺跡 雷利奎亚遗迹,アークエンジェル 大天使,1,,,7,2,10,c,e,3c,46,1
レリクイア遺跡 雷利奎亚遗迹,鎚使霊 锤使灵,,,,7,2,,b,f,3c,46,1
レリクイア遺跡 雷利奎亚遗迹,楯使霊 盾使灵,,,,7,2,,12,5,3c,46,1
レリクイア遺跡 雷利奎亚遗迹,癒使霊 愈使灵,,,,7,2,,f,c,3c,46,1
壮麗たる花園 壮丽的花园,腕力強化の木精 腕力强化的木精,1,,,7,2,4,7,1,3c,46,1
壮麗たる花園 壮丽的花园,敏捷変異の木精 敏捷变异的木精,1,,,7,2,6,10,8,3c,46,1
壮麗たる花園 壮丽的花园,敏捷変異の木精 敏捷变异的木精,,,,7,2,,2,7,3c,46,1
壮麗たる花園 壮丽的花园,魔術変異の木精 魔术变异的木精,1,,,7,2,5,2,11,3c,46,1
壮麗たる花園 壮丽的花园,ラヴェニゥス 拉维纽斯,1,,,7,2,7,f,11,3c,46,1
壮麗たる花園 壮丽的花园,ラヴェニゥス 拉维纽斯,,,,7,2,,4,12,3c,46,1
壮麗たる花園 壮丽的花园,狂ったジルニー 疯狂的吉尔尼,1,,,7,2,7,f,11,3c,46,1
壮麗たる花園 壮丽的花园,狂ったジルニー 疯狂的吉尔尼,,,,7,2,,2,f,3c,46,1
壮麗たる花園 壮丽的花园,水棲獣ピュネス 水栖兽皮内斯,,,,7,2,,10,5,3c,46,1
壮麗たる花園 壮丽的花园,狂ったウンディーネ 疯狂的温蒂妮,,,,7,2,,e,2,3c,46,1
壮麗たる花園 壮丽的花园,グロウリリジー 格罗莉莉兹,,,2,7,2,,2,11,41,4b,1
壮麗たる花園 壮丽的花园,腕力強化の木精 腕力强化的木精,,,2,7,2,,1,d,3c,46,1
壮麗たる花園 壮丽的花园,腕力強化の木精 腕力强化的木精,,,2,7,2,,2,d,3c,46,1
壮麗たる花園 壮丽的花园,敏捷変異の木精 敏捷变异的木精,,,2,7,2,,6,11,3c,46,1
壮麗たる花園 壮丽的花园,敏捷変異の木精 敏捷变异的木精,,,2,7,2,,6,12,3c,46,1
壮麗たる花園 壮丽的花园,魔法砦,,,2,7,3,,1,5,3c,46,1
壮麗たる花園 壮丽的花园,魔法砦,,,2,7,3,,b,12,3c,46,1
壮麗たる花園 壮丽的花园,腕力強化の木精 腕力强化的木精,1,,,7,2,a,2,f,3c,46,1
壮麗たる花園 壮丽的花园,腕力強化の木精 腕力强化的木精,1,,,7,2,d,6,c,3c,46,1
壮麗たる花園 壮丽的花园,腕力強化の木精 腕力强化的木精,1,,,7,2,f,10,8,3c,46,1
壮麗たる花園 壮丽的花园,敏捷変異の木精 敏捷变异的木精,1,,,7,2,5,7,2,3c,46,1
壮麗たる花園 壮丽的花园,敏捷変異の木精 敏捷变异的木精,1,,,7,2,b,3,12,3c,46,1
壮麗たる花園 壮丽的花园,敏捷変異の木精 敏捷变异的木精,1,,,7,2,10,f,11,3c,46,1
壮麗たる花園 壮丽的花园,魔術変異の木精 魔术变异的木精,1,,,7,2,6,a,1,3c,46,1
壮麗たる花園 壮丽的花园,魔術変異の木精 魔术变异的木精,1,,,7,2,9,1,10,3c,46,1
壮麗たる花園 壮丽的花园,魔術変異の木精 魔术变异的木精,1,,,7,2,c,4,11,3c,46,1
壮麗たる花園 壮丽的花园,狂ったウンディーネ 疯狂的温蒂妮,,,,7,2,,e,8,3c,46,1
壮麗たる花園 壮丽的花园,狂ったジルニー 疯狂的吉尔尼,1,,,7,2,7,a,2,3c,46,1
壮麗たる花園 壮丽的花园,ラヴェニゥス 拉维纽斯,1,,,7,2,4,7,1,3c,46,1
壮麗たる花園 壮丽的花园,水棲獣ピュネス 水栖兽皮内斯,1,,,7,2,8,10,2,3c,46,1
壮麗たる花園 壮丽的花园,水棲獣ピュネス 水栖兽皮内斯,1,,,7,2,e,8,8,3c,46,1
調査区域の奥 调查区域的深处,牙コウモリ 牙蝙蝠,,,,7,,,1,9,3,d,1
調査区域の奥 调查区域的深处,雷蝶,,,,7,,,5,9,3,d,1
調査区域の奥 调查区域的深处,迷い入った小鬼 迷路闯入的小鬼,,,,7,,,a,6,3,d,1
調査区域の奥 调查区域的深处,キスニル 姬斯尼尔,,,2,7,3,,2,3,3,d,1
調査区域の奥 调查区域的深处,牙コウモリ 牙蝙蝠,1,,,7,,9,8,6,3,d,1
調査区域の奥 调查区域的深处,雷蝶,,,,7,,,5,1,3,d,1
調査区域の奥 调查区域的深处,雷蝶,,,,7,,,8,3,3,d,1
調査区域の奥 调查区域的深处,迷い入った小鬼 迷路闯入的小鬼,,,,7,,,5,3,3,d,1
調査区域の奥 调查区域的深处,牙コウモリ 牙蝙蝠,,,,7,,,a,4,3,d,1
調査区域の奥 调查区域的深处,牙コウモリ 牙蝙蝠,,,,7,,,6,2,3,d,1
堆積した砦路樹 堆积的城砦行道树,牙コウモリ 牙蝙蝠,,,,7,2,,3,1,3,d,1
堆積した砦路樹 堆积的城砦行道树,牙コウモリ 牙蝙蝠,,,,7,2,,5,1,3,d,1
堆積した砦路樹 堆积的城砦行道树,木精ドリュアス 木精德律阿斯,,,,7,2,,3,5,3,d,1
堆積した砦路樹 堆积的城砦行道树,活力を奪う葉魔獣 夺走活力的叶魔兽,,,2,7,2,,9,7,5,f,1
堆積した砦路樹 堆积的城砦行道树,雷蝶,1,,,7,2,d,8,3,3,d,1
堆積した砦路樹 堆积的城砦行道树,木精ドリュアス 木精德律阿斯,,,,7,2,,8,2,3,d,1
崩れた調査区域 崩塌的调查区域,迷い入った小鬼 迷路闯入的小鬼,,,,7,2,,4,5,3,d,1
崩れた調査区域 崩塌的调查区域,彷徨う小鬼主 彷徨的小鬼首领,,,,7,2,,2,5,5,f,1
崩れた調査区域 崩塌的调查区域,緑プテテット 绿史莱姆,,,,7,2,,5,6,3,d,1
魔物のいた調査区域 曾有魔物的调查区域,迷い入った小鬼 迷路闯入的小鬼,,,,7,2,,3,7,3,d,1
魔物のいた調査区域 曾有魔物的调查区域,錆油化した鉄精 锈油化的铁精,,,,7,2,,4,a,7,11,1
魔物のいた調査区域 曾有魔物的调查区域,牙コウモリ 牙蝙蝠,1,,,7,2,9,9,9,3,d,1
魔物のいた調査区域 曾有魔物的调查区域,紅魔コウモリ 红魔蝙蝠,1,,,7,2,9,9,9,3,d,1
魔物のいた調査区域 曾有魔物的调查区域,緑プテテット 绿史莱姆,,,,7,2,,4,6,3,d,1
胴部第一層区域 躯干第一层区域,牙コウモリ 牙蝙蝠,1,,,7,,6,4,a,7,11,1
胴部第一層区域 躯干第一层区域,赤プテテット 红史莱姆,,,,7,,,9,7,7,11,1
胴部第一層区域 躯干第一层区域,土精ウォルベヅネ 土精沃尔贝兹内,1,,,7,,5,2,2,7,11,1
胴部第一層区域 躯干第一层区域,土精ウォルベヅネ 土精沃尔贝兹内,,,,7,,,9,3,7,11,1
胴部第一層区域 躯干第一层区域,紅魔コウモリ 红魔蝙蝠,,,,7,,,8,5,7,11,1
肩甲殻部区域 肩甲壳部区域,結晶化した動力部 结晶化的动力部,,,2,7,2,,5,5,b,15,1
肩甲殻部区域 肩甲壳部区域,牙コウモリ 牙蝙蝠,1,,,7,2,6,4,4,a,14,1
肩甲殻部区域 肩甲壳部区域,牙コウモリ 牙蝙蝠,1,,,7,2,7,6,6,a,14,1
肩甲殻部区域 肩甲壳部区域,牙コウモリ 牙蝙蝠,1,,,7,2,8,4,6,a,14,1
肩甲殻部区域 肩甲壳部区域,牙コウモリ 牙蝙蝠,1,,,7,2,9,6,4,a,14,1
肩甲殻部区域 肩甲壳部区域,雷蝶,1,,,7,2,6,4,4,a,14,1
肩甲殻部区域 肩甲壳部区域,紅魔コウモリ 红魔蝙蝠,1,,,7,2,7,6,6,a,14,1
肩甲殻部区域 肩甲壳部区域,雷蝶,1,,,7,2,8,4,6,a,14,1
肩甲殻部区域 肩甲壳部区域,紅魔コウモリ 红魔蝙蝠,1,,,7,2,9,6,4,a,14,1
胴部第二層区域 躯干第二层区域,愛ヲ模リ咲ヒメル傀 仿爱绽放之人傀,,,,7,2,,5,2,c,16,1
胴部第二層区域 躯干第二层区域,吸魂霊 吸魂灵,1,,,7,2,5,3,8,b,15,1
胴部第二層区域 躯干第二层区域,吸魂霊 吸魂灵,,,,7,2,,8,5,b,15,1
胴部第二層区域 躯干第二层区域,吸魂霊 吸魂灵,,,,7,2,,7,8,b,15,1
胴部第二層区域 躯干第二层区域,吸魂霊 吸魂灵,,,,7,2,,2,3,b,15,1
胴部第二層区域 躯干第二层区域,吸魂霊 吸魂灵,,,,7,2,,5,5,b,15,1
胴部第二層区域 躯干第二层区域,吸魂霊 吸魂灵,,,,7,2,,9,8,b,15,1
胴部第二層区域 躯干第二层区域,牙コウモリ 牙蝙蝠,,,,7,2,,8,5,b,15,1
胴部第二層区域 躯干第二层区域,赤プテテット 红史莱姆,,,,7,2,,2,3,b,15,1
胴部第二層区域 躯干第二层区域,紅魔コウモリ 红魔蝙蝠,,,,7,2,,7,8,b,15,1
胴部第二層区域 躯干第二层区域,赤プテテット 红史莱姆,,,,7,2,,5,5,b,15,1
清らかな水源地 清澈的水源地,磁鉄石の巨人 磁铁石的巨人,,,,7,,,6,b,10,1a,1
清らかな水源地 清澈的水源地,ガーゴイル 石像鬼,,,,7,,,4,4,f,19,1
清らかな水源地 清澈的水源地,磁鉄の粘精 磁铁之粘精,,,,7,,,7,5,f,19,1
清らかな水源地 清澈的水源地,磁鉄の粘精 磁铁之粘精,,,,7,,,3,b,f,19,1
清らかな水源地 清澈的水源地,土精ウォルベヅネ 土精沃尔贝兹内,,,,7,,,3,9,f,19,1
清らかな水源地 清澈的水源地,狂った水精 疯狂的水精,,,,7,,,a,9,f,19,1
清らかな水源地 清澈的水源地,狂った水精 疯狂的水精,,,,7,,,9,c,f,19,1
清らかな水源地 清澈的水源地,葉魔獣リリジー 叶魔兽莉莉吉,,,,7,,,a,3,f,19,1
清らかな水源地 清澈的水源地,捕食箱,,,4,7,,,a,7,f,19,1
螺旋駆動区域 螺旋驱动区域,葉魔獣ミコメス 叶魔兽米科梅斯,,,,7,,,4,2,14,1e,1
螺旋駆動区域 螺旋驱动区域,葉魔獣ミコメス 叶魔兽米科梅斯,,,,7,,,6,1,14,1e,1
螺旋駆動区域 螺旋驱动区域,風精シルフィ 风精希尔菲,,,,7,,,1,8,14,1e,1
螺旋駆動区域 螺旋驱动区域,風精シルフィ 风精希尔菲,,,,7,,,2,9,14,1e,1
螺旋駆動区域 螺旋驱动区域,ガーゴイル 石像鬼,,,,7,,,8,4,14,1e,1
螺旋駆動区域 螺旋驱动区域,ガーゴイル 石像鬼,,,,7,,,9,6,14,1e,1
螺旋駆動区域 螺旋驱动区域,ルトハルピュア 鲁托哈尔皮亚,,,,7,,,9,9,14,1e,1
螺旋駆動区域 螺旋驱动区域,ルトハルピュア 鲁托哈尔皮亚,,,,7,,,6,a,14,1e,1
封印されし破条殿 被封印的破条殿,センタルア・メデン 森塔尔亚·梅登,,,,7,2,,6,c,18,22,1
封印されし破条殿 被封印的破条殿,動く彫像 会动的雕像,,,,7,2,,d,3,17,21,1
封印されし破条殿 被封印的破条殿,動く彫像 会动的雕像,,,,7,2,,b,7,17,21,1
封印されし破条殿 被封印的破条殿,ガーゴイル 石像鬼,1,,,7,2,5,6,6,17,21,1
封印されし破条殿 被封印的破条殿,ストーンゴーレム 石魔像,,,,7,2,,7,b,17,21,1
封印されし破条殿 被封印的破条殿,ストーンゴーレム 石魔像,,,,7,2,,8,c,17,21,1
封印されし破条殿 被封印的破条殿,ストーンゴーレム 石魔像,,,,7,2,,7,d,17,21,1
封印されし破条殿 被封印的破条殿,ストーンゴーレム 石魔像,,,,7,2,,d,7,17,21,1
封印されし破条殿 被封印的破条殿,ストーンゴーレム 石魔像,,,4,7,2,,1,9,17,21,1
封印されし破条殿 被封印的破条殿,ストーンゴーレム 石魔像,,,4,7,2,,5,5,17,21,1
封印されし破条殿 被封印的破条殿,ストーンゴーレム 石魔像,,,4,7,2,,a,1,17,21,1
封印されし破条殿 被封印的破条殿,ストーンゴーレム 石魔像,,,4,7,2,,e,6,17,21,1
封印されし破条殿 被封印的破条殿,捕食箱,,,4,7,2,,3,1,17,21,1
封印されし破条殿 被封印的破条殿,磁鉄石の巨人 磁铁石的巨人,,,,7,2,,8,3,17,21,1
クミル村の水源地 库米尔村的水源地,牙コウモリ 牙蝙蝠,,,,7,2,,a,8,7,11,1
クミル村の水源地 库米尔村的水源地,木精ドリュアス 木精德律阿斯,1,,,7,2,b,10,6,7,11,1
クミル村の水源地 库米尔村的水源地,木精ドリュアス 木精德律阿斯,,,,7,2,,9,4,7,11,1
クミル村の水源地 库米尔村的水源地,流燐結騎 流燐结骑,,,2,7,2,,,,9,13,1
クミル村の水源地 库米尔村的水源地,水棲獣ケウラ 水栖兽凯乌拉,,,,7,2,,11,2,9,13,1
クミル村の水源地 库米尔村的水源地,狂った水精 疯狂的水精,,,2,7,2,,1,2,7,11,1
クミル村の水源地 库米尔村的水源地,狂った水精 疯狂的水精,,,2,7,2,,1,8,7,11,1
クミル村の水源地 库米尔村的水源地,狂った水精 疯狂的水精,,,2,7,2,,3,3,7,11,1
クミル村の水源地 库米尔村的水源地,狂った水精 疯狂的水精,,,2,7,2,,3,7,7,11,1
クミル村の水源地 库米尔村的水源地,緑プテテット 绿史莱姆,1,,1,7,2,b,10,6,7,11,1
クミル村の水源地 库米尔村的水源地,水精ティエネー 水精提埃内,1,,1,7,2,c,3,3,7,11,1
クミル村の水源地 库米尔村的水源地,水精ティエネー 水精提埃内,1,,1,7,2,d,3,7,7,11,1
クミル村の水源地 库米尔村的水源地,つけ狙う暗殺者 尾随暗杀者,,,,,2,,,,b,15,1
忘神の墓 忘神之墓,ハルピュア 哈尔皮亚,,,,7,2,,1,7,7,11,1
忘神の墓 忘神之墓,木精ドリュアス 木精德律阿斯,,,,7,2,,3,7,7,11,1
忘神の墓 忘神之墓,葉魔獣リリジー 叶魔兽莉莉吉,1,,,7,2,d,9,8,7,11,1
忘神の墓 忘神之墓,狂った水精 疯狂的水精,,,,7,2,,c,8,7,11,1
忘神の墓 忘神之墓,華燐結騎 华燐结骑,,,,7,2,,3,3,9,13,1
忘神の墓 忘神之墓,つけ狙う暗殺者 尾随暗杀者,,,,,2,,,,7,11,1
魔葉の河畔林 魔叶的河畔林,木精ユイチリ 木精由伊奇利,1,,,7,,4,3,9,e,18,1
魔葉の河畔林 魔叶的河畔林,ハルピュア 哈尔皮亚,,,,7,,,3,3,e,18,1
魔葉の河畔林 魔叶的河畔林,ハルピュア 哈尔皮亚,1,,,7,,6,9,1,e,18,1
魔葉の河畔林 魔叶的河畔林,木精ドリュアス 木精德律阿斯,,,,7,,,2,8,e,18,1
魔葉の河畔林 魔叶的河畔林,水精ティエネー 水精提埃内,1,,,7,,5,a,8,e,18,1
魔葉の河畔林 魔叶的河畔林,水精ティエネー 水精提埃内,,,,7,,,7,4,e,18,1
魔葉の河畔林 魔叶的河畔林,水棲獣ケウラ 水栖兽凯乌拉,,,,7,,,7,9,e,18,1
廃妖の谷底 废妖的谷底,グバルッカリーダー 古巴鲁卡首领,,,,,2,,,,9,13,1
廃妖の谷底 废妖的谷底,小鬼族,,,,,2,,,,9,13,1
廃妖の谷底 废妖的谷底,妖ベコガノ 妖贝科加诺,,,,7,2,,b,4,9,13,1
廃妖の谷底 废妖的谷底,妖ベコガノ 妖贝科加诺,,,,7,2,,e,6,9,13,1
廃妖の谷底 废妖的谷底,エーグ族 埃古族,1,,,7,2,b,6,3,9,13,1
廃妖の谷底 废妖的谷底,エーグ族 埃古族,,,,7,2,,4,2,9,13,1
廃妖の谷底 废妖的谷底,角蜥蜴ロドン 角蜥蜴罗顿,,,,7,2,,1,d,9,13,1
廃妖の谷底 废妖的谷底,角蜥蜴ロドン 角蜥蜴罗顿,,,,7,2,,2,e,9,13,1
廃妖の谷底 废妖的谷底,角蜥蜴ロドン 角蜥蜴罗顿,,,,7,2,,3,d,9,13,1
廃妖の谷底 废妖的谷底,紅魔コウモリ 红魔蝙蝠,,,,7,2,,9,7,9,13,1
廃妖の谷底 废妖的谷底,雷蝶,,,,7,2,,6,c,9,13,1
廃妖の谷底 废妖的谷底,迷い入った小鬼 迷路闯入的小鬼,,,,7,2,,5,6,9,13,1
廃妖の谷底 废妖的谷底,迷い入った小鬼 迷路闯入的小鬼,,,,7,2,,5,9,9,13,1
廃妖の谷底 废妖的谷底,迷い入った小鬼 迷路闯入的小鬼,,,,7,2,,7,7,9,13,1
廃妖の谷底 废妖的谷底,つけ狙う暗殺者 尾随暗杀者,,,,,2,,,,b,15,1
廃妖の谷底 废妖的谷底,グバルッカリーダー 古巴鲁卡首领,,,,7,2,,c,c,9,13,1
廃妖の谷底 废妖的谷底,小鬼族,,,,7,2,,b,b,9,13,1
廃妖の谷底 废妖的谷底,小鬼族,,,,7,2,,d,d,9,13,1
雲駆る吊り橋 凌云吊桥,目つきの悪い男 眼神凶恶的男人,,,2,7,2,,5,8,e,18,1
雲駆る吊り橋 凌云吊桥,上級悪魔カノン 上级恶魔卡农,,,2,,2,,,,d,17,1
雲駆る吊り橋 凌云吊桥,商会の用心棒 商会的保镖,,,2,7,2,,6,1,c,16,1
雲駆る吊り橋 凌云吊桥,商会の用心棒 商会的保镖,,,2,7,2,,e,5,c,16,1
雲駆る吊り橋 凌云吊桥,商会の用心棒 商会的保镖,,,2,7,2,,9,8,c,16,1
雲駆る吊り橋 凌云吊桥,悪しき呪術師 邪恶的咒术师,,,2,7,2,,4,c,c,16,1
雲駆る吊り橋 凌云吊桥,悪しき呪術師 邪恶的咒术师,,,2,7,2,,f,9,c,16,1
雲駆る吊り橋 凌云吊桥,ガーゴイル 石像鬼,1,,,7,2,b,d,7,c,16,1
雲駆る吊り橋 凌云吊桥,小鬼族,1,,,7,2,c,e,e,c,16,1
雲駆る吊り橋 凌云吊桥,エーグ族 埃古族,,,,7,2,,d,2,c,16,1
雲駆る吊り橋 凌云吊桥,ガーゴイル 石像鬼,,,,7,2,,b,e,c,16,1
雲駆る吊り橋 凌云吊桥,小鬼族,,,2,7,2,,3,3,c,16,1
雲駆る吊り橋 凌云吊桥,ガーゴイル 石像鬼,,,2,,2,,,,c,16,1
雲駆る吊り橋 凌云吊桥,エーグ族 埃古族,,,2,,2,,,,c,16,1
幻獣の巣窟 幻兽的巢窟,這竜リムドラ 爬龙利姆德拉,,,,7,2,,1,4,10,1a,1
幻獣の巣窟 幻兽的巢窟,グバルッカリーダー 古巴鲁卡首领,,,,7,2,,5,1,e,18,1
幻獣の巣窟 幻兽的巢窟,グバルッカリーダー 古巴鲁卡首领,,,,7,2,,3,4,e,18,1
幻獣の巣窟 幻兽的巢窟,吸魂霊 吸魂灵,1,,,7,2,3,8,8,e,18,1
幻獣の巣窟 幻兽的巢窟,吸魂霊 吸魂灵,,,,7,2,,7,3,e,18,1
幻獣の巣窟 幻兽的巢窟,エーグ族 埃古族,,,,7,2,,7,5,e,18,1
幻獣の巣窟 幻兽的巢窟,エーグ族 埃古族,,,,7,2,,2,7,e,18,1
幻獣の巣窟 幻兽的巢窟,ガーゴイル 石像鬼,1,,,7,2,2,8,1,e,18,1
幻獣の巣窟 幻兽的巢窟,ガーゴイル 石像鬼,,,,7,2,,5,7,e,18,1
飢狼の黒曜湖 饥狼的黑曜湖,天枯の飢狼王 天枯的饥狼王,,,2,7,2,,4,4,15,1f,1
飢狼の黒曜湖 饥狼的黑曜湖,トロエルグ 特罗埃尔格,,,2,7,2,,3,4,14,1e,1
飢狼の黒曜湖 饥狼的黑曜湖,トロエルグ 特罗埃尔格,,,2,7,2,,5,4,14,1e,1
飢狼の黒曜湖 饥狼的黑曜湖,トロエルグ 特罗埃尔格,1,,,7,2,6,1,b,14,1e,1
飢狼の黒曜湖 饥狼的黑曜湖,トロエルグ 特罗埃尔格,1,,,7,2,7,9,10,14,1e,1
飢狼の黒曜湖 饥狼的黑曜湖,トロエルグ 特罗埃尔格,1,,2,7,2,8,2,5,14,1e,1
飢狼の黒曜湖 饥狼的黑曜湖,トロエルグ 特罗埃尔格,1,,1,7,2,8,2,5,14,1e,1
飢狼の黒曜湖 饥狼的黑曜湖,トロエルグ 特罗埃尔格,,,,7,2,,3,10,14,1e,1
飢狼の黒曜湖 饥狼的黑曜湖,トロエルグ 特罗埃尔格,,,,7,2,,5,f,14,1e,1
飢狼の黒曜湖 饥狼的黑曜湖,トロエルグ 特罗埃尔格,,,,7,2,,5,11,14,1e,1
飢狼の黒曜湖 饥狼的黑曜湖,悪しき呪術師 邪恶的咒术师,,,,7,2,,a,b,14,1e,1
飢狼の黒曜湖 饥狼的黑曜湖,狂った水精 疯狂的水精,,,2,7,2,,2,3,14,1e,1
飢狼の黒曜湖 饥狼的黑曜湖,狂った水精 疯狂的水精,,,1,7,2,,2,3,14,1e,1
飢狼の黒曜湖 饥狼的黑曜湖,葉魔獣リリジー 叶魔兽莉莉吉,,,,7,2,,a,8,14,1e,1
飢狼の黒曜湖 饥狼的黑曜湖,小鬼族,,,,7,2,,c,7,14,1e,1
飢狼の黒曜湖 饥狼的黑曜湖,エーグ族 埃古族,,,,7,2,,f,6,14,1e,1
飢狼の黒曜湖 饥狼的黑曜湖,グバルッカリーダー 古巴鲁卡首领,,,,7,2,,c,9,14,1e,1
飢狼の黒曜湖 饥狼的黑曜湖,貝獣スラス 贝兽苏拉斯,,,2,7,2,,5,2,14,1e,1
飢狼の黒曜湖 饥狼的黑曜湖,貝獣スラス 贝兽苏拉斯,,,1,7,2,,5,2,14,1e,1
飢狼の黒曜湖 饥狼的黑曜湖,吸魂霊 吸魂灵,,,,7,2,,a,6,14,1e,1
飢狼の黒曜湖 饥狼的黑曜湖,火蜥蜴ゴーファラム 火蜥蜴戈法拉姆,,,,7,2,,9,a,14,1e,1
苔の山滝 苔山瀑布,誘惑貝獣 诱惑贝兽,,,,7,2,,3,1,10,1a,1
苔の山滝 苔山瀑布,誘惑貝獣 诱惑贝兽,,,,7,2,,3,7,10,1a,1
苔の山滝 苔山瀑布,誘惑貝獣 诱惑贝兽,,,,7,2,,6,1,10,1a,1
苔の山滝 苔山瀑布,バギル 巴吉尔,1,,,7,2,9,a,9,f,19,1
苔の山滝 苔山瀑布,貝獣スラス 贝兽苏拉斯,1,,,7,2,8,2,6,f,19,1
苔の山滝 苔山瀑布,水棲獣ケウラ 水栖兽凯乌拉,,,,7,2,,b,8,f,19,1
苔の山滝 苔山瀑布,狂った水精 疯狂的水精,,,,7,2,,e,9,f,19,1
苔の山滝 苔山瀑布,葉魔獣リリジー 叶魔兽莉莉吉,,,,7,2,,c,c,f,19,1
苔の山滝 苔山瀑布,妖ベコガノ 妖贝科加诺,,,,7,2,,4,5,f,19,1
乾風の山 干风之山,旋風岩 旋风岩,,,,7,4,,8,2,10,1a,1
乾風の山 干风之山,旋風岩 旋风岩,,,,7,4,,a,4,10,1a,1
乾風の山 干风之山,旋風岩 旋风岩,,,,7,4,,3,b,10,1a,1
乾風の山 干风之山,旋風岩 旋风岩,,,,7,4,,5,d,10,1a,1
乾風の山 干风之山,旋風岩 旋风岩,,,,7,4,,3,3,10,1a,1
乾風の山 干风之山,旋風岩 旋风岩,,,,7,4,,4,4,10,1a,1
乾風の山 干风之山,旋風岩 旋风岩,,,,7,4,,5,3,10,1a,1
乾風の山 干风之山,黒ベコガノ 黑贝科加诺,,,,7,2,,6,7,10,1a,1
乾風の山 干风之山,黒ベコガノ 黑贝科加诺,,,,7,2,,a,6,10,1a,1
乾風の山 干风之山,角蜥蜴ロドン 角蜥蜴罗顿,1,,,7,2,9,b,a,10,1a,1
乾風の山 干风之山,土精ウォルベヅネ 土精沃尔贝兹内,1,,,7,2,a,f,9,10,1a,1
乾風の山 干风之山,土精ウォルベヅネ 土精沃尔贝兹内,,,,7,2,,5,1,10,1a,1
乾風の山 干风之山,妖ベコガノ 妖贝科加诺,,,,7,2,,8,e,10,1a,1
乾風の山 干风之山,紅魔コウモリ 红魔蝙蝠,,,,7,2,,e,a,10,1a,1
乾風の山 干风之山,紅魔コウモリ 红魔蝙蝠,,,,7,2,,9,c,10,1a,1
嵐燐回廊 岚燐回廊,嵐燐結騎 岚燐结骑,,,,7,2,,4,8,12,1c,1
嵐燐回廊 岚燐回廊,雷精獣ジルラム 雷精兽吉尔拉姆,,,,7,2,,5,4,11,1b,1
嵐燐回廊 岚燐回廊,雷精獣ジルラム 雷精兽吉尔拉姆,,,,7,2,,2,8,11,1b,1
嵐燐回廊 岚燐回廊,雷精獣ジルラム 雷精兽吉尔拉姆,,,,7,2,,5,c,11,1b,1
嵐燐回廊 岚燐回廊,雷精獣ジルラム 雷精兽吉尔拉姆,,,,7,2,,5,7,11,1b,1
嵐燐回廊 岚燐回廊,雷精獣ジルラム 雷精兽吉尔拉姆,,,,7,2,,4,9,11,1b,1
嵐燐回廊 岚燐回廊,風精シルフィ 风精希尔菲,1,,,7,2,6,2,4,11,1b,1
嵐燐回廊 岚燐回廊,妖ベコガノ 妖贝科加诺,1,,,7,2,6,2,4,11,1b,1
嵐燐回廊 岚燐回廊,風精シルフィ 风精希尔菲,1,,,7,2,7,8,c,11,1b,1
嵐燐回廊 岚燐回廊,雷蝶,1,,,7,2,7,8,c,11,1b,1
嵐燐回廊 岚燐回廊,黒ベコガノ 黑贝科加诺,,,,7,2,,6,1,11,1b,1
嵐燐回廊 岚燐回廊,妖ベコガノ 妖贝科加诺,,,,7,2,,4,e,11,1b,1
嵐燐回廊 岚燐回廊,捕食箱,,,4,7,2,,4,f,11,1b,1
遺却の旧鉱山 废弃的旧矿山,風精シルフィ 风精希尔菲,1,,,7,2,8,5,7,14,1e,1
遺却の旧鉱山 废弃的旧矿山,風精ジルニー 风精吉尔尼,,,,7,2,,4,8,14,1e,1
遺却の旧鉱山 废弃的旧矿山,角蜥蜴ロドン 角蜥蜴罗顿,,,,7,2,,7,1,14,1e,1
遺却の旧鉱山 废弃的旧矿山,雷精獣ジルラム 雷精兽吉尔拉姆,,,,7,2,,7,3,14,1e,1
遺却の旧鉱山 废弃的旧矿山,風精ジルニー 风精吉尔尼,,,,7,2,,7,5,14,1e,1
遺却の旧鉱山 废弃的旧矿山,紅魔コウモリ 红魔蝙蝠,,,,7,2,,a,5,14,1e,1
遺却の旧鉱山 废弃的旧矿山,黒プテテット 黑史莱姆,1,,,7,2,1e,9,a,14,1e,1
遺却の旧鉱山 废弃的旧矿山,風精シルフィ 风精希尔菲,,,,7,2,,5,d,14,1e,1
国境の迎撃隧道 国境的迎击隧道,隧道の女王 隧道女王,,,4,7,2,,3,4,13,1d,1
国境の迎撃隧道 国境的迎击隧道,スケルトン 骷髅,1,,,7,2,6,1,a,12,1c,1
国境の迎撃隧道 国境的迎击隧道,小鬼族,,,,7,2,,2,c,12,1c,1
国境の迎撃隧道 国境的迎击隧道,グバルッカリーダー 古巴鲁卡首领,1,,,7,2,7,7,7,12,1c,1
国境の迎撃隧道 国境的迎击隧道,葉魔獣リリジー 叶魔兽莉莉吉,1,,,7,2,8,9,c,12,1c,1
国境の迎撃隧道 国境的迎击隧道,葉魔獣リリジー 叶魔兽莉莉吉,,,,7,2,,8,a,12,1c,1
国境の迎撃隧道 国境的迎击隧道,葉魔獣リリジー 叶魔兽莉莉吉,,,,7,2,,3,d,12,1c,1
国境の迎撃隧道 国境的迎击隧道,水棲獣ケウラ 水栖兽凯乌拉,,,,7,2,,4,a,12,1c,1
国境の迎撃隧道 国境的迎击隧道,水棲獣ケウラ 水栖兽凯乌拉,,,,7,2,,2,5,12,1c,1
国境の迎撃隧道 国境的迎击隧道,水棲獣ケウラ 水栖兽凯乌拉,,,,7,2,,4,5,12,1c,1
国境の迎撃隧道 国境的迎击隧道,貝獣スラス 贝兽苏拉斯,,,,7,2,,6,6,12,1c,1
国境の迎撃隧道 国境的迎击隧道,貝獣スラス 贝兽苏拉斯,,,,7,2,,7,5,12,1c,1
国境の迎撃隧道 国境的迎击隧道,雷蝶,,,,7,2,,7,a,12,1c,1
国境の迎撃隧道 国境的迎击隧道,雷蝶,,,,7,2,,9,6,12,1c,1
国境の迎撃隧道 国境的迎击隧道,スケルトン 骷髅,,,,7,2,,6,9,12,1c,1
国境の迎撃隧道 国境的迎击隧道,スケルトン 骷髅,,,,7,2,,2,7,12,1c,1
国境の迎撃隧道 国境的迎击隧道,スケルトン 骷髅,,,,7,2,,4,7,12,1c,1
崖下の熱滝 崖下的热瀑布,幻獣ミルヒドラ 幻兽米尔希德拉,,,,7,2,,f,2,13,1d,1
崖下の熱滝 崖下的热瀑布,スケルトン 骷髅,,,,7,2,,9,3,12,1c,1
崖下の熱滝 崖下的热瀑布,スケルトン 骷髅,,,,7,2,,a,5,12,1c,1
崖下の熱滝 崖下的热瀑布,スケルトン 骷髅,,,,7,2,,5,7,12,1c,1
崖下の熱滝 崖下的热瀑布,毒噴飛鼠 毒喷飞鼠,,,,7,2,,d,6,12,1c,1
崖下の熱滝 崖下的热瀑布,毒噴飛鼠 毒喷飞鼠,,,,7,2,,7,6,12,1c,1
崖下の熱滝 崖下的热瀑布,毒噴飛鼠 毒喷飞鼠,,,,7,2,,b,4,12,1c,1
崖下の熱滝 崖下的热瀑布,毒噴飛鼠 毒喷飞鼠,,,,7,2,,9,7,12,1c,1
崖下の熱滝 崖下的热瀑布,毒噴飛鼠 毒喷飞鼠,,,,7,2,,c,5,12,1c,1
崖下の熱滝 崖下的热瀑布,毒噴飛鼠 毒喷飞鼠,,,,7,2,,7,4,12,1c,1
崖下の熱滝 崖下的热瀑布,土精ウォルベヅネ 土精沃尔贝兹内,1,,,7,2,4,e,1,12,1c,1
崖下の熱滝 崖下的热瀑布,土精ウォルベヅネ 土精沃尔贝兹内,1,,,7,2,5,e,3,12,1c,1
崖下の熱滝 崖下的热瀑布,吸魂霊 吸魂灵,,,,7,2,,6,2,12,1c,1
崖下の熱滝 崖下的热瀑布,水棲獣ケウラ 水栖兽凯乌拉,,,,7,2,,a,1,12,1c,1
崖下の熱滝 崖下的热瀑布,貝獣スラス 贝兽苏拉斯,,,,7,2,,d,a,12,1c,1
ドシュア砕屑崖 多舒阿碎屑崖,溶燐結騎 溶燐结骑,,,,7,2,,11,13,16,20,1
ドシュア砕屑崖 多舒阿碎屑崖,リシュエンツェーリ 莉秀恩兹利,,,2,7,3,,11,12,14,1e,1
ドシュア砕屑崖 多舒阿碎屑崖,火蜥蜴ゴーファラム 火蜥蜴戈法拉姆,1,,,7,2,9,8,b,15,1f,1
ドシュア砕屑崖 多舒阿碎屑崖,火蜥蜴ゴーファラム 火蜥蜴戈法拉姆,1,,,7,2,c,15,7,15,1f,1
ドシュア砕屑崖 多舒阿碎屑崖,火蜥蜴ゴーファラム 火蜥蜴戈法拉姆,,,,7,2,,c,14,15,1f,1
ドシュア砕屑崖 多舒阿碎屑崖,スケルトン 骷髅,1,,,7,2,a,7,14,15,1f,1
ドシュア砕屑崖 多舒阿碎屑崖,スケルトン 骷髅,1,,,7,2,b,f,7,15,1f,1
ドシュア砕屑崖 多舒阿碎屑崖,サーバギル 赛尔巴吉尔,1,,,7,2,8,b,5,15,1f,1
ドシュア砕屑崖 多舒阿碎屑崖,サーバギル 赛尔巴吉尔,,,,7,2,,8,1,15,1f,1
ドシュア砕屑崖 多舒阿碎屑崖,サーバギル 赛尔巴吉尔,,,,7,2,,a,7,15,1f,1
ドシュア砕屑崖 多舒阿碎屑崖,小鬼族,,,,7,2,,e,b,15,1f,1
ドシュア砕屑崖 多舒阿碎屑崖,グバルッカリーダー 古巴鲁卡首领,,,,7,2,,14,b,15,1f,1
ドシュア砕屑崖 多舒阿碎屑崖,エーグ族 埃古族,,,,7,2,,10,6,15,1f,1
ドシュア砕屑崖 多舒阿碎屑崖,角蜥蜴リザミロドン 角蜥蜴利扎米罗顿,1,,,7,2,7,5,2,15,1f,1
ドシュア砕屑崖 多舒阿碎屑崖,黒ベコガノ 黑贝科加诺,,,,7,2,,11,9,15,1f,1
ドシュア砕屑崖 多舒阿碎屑崖,捕食箱,,,4,7,2,,e,3,15,1f,1
ドシュア砕屑崖 多舒阿碎屑崖,火蜥蜴ゴーファラム 火蜥蜴戈法拉姆,,,,7,2,,12,11,15,1f,1
ドシュア砕屑崖 多舒阿碎屑崖,火蜥蜴ゴーファラム 火蜥蜴戈法拉姆,1,,,7,2,30,10,12,15,1f,1
ドシュア砕屑崖 多舒阿碎屑崖,火蜥蜴ゴーファラム 火蜥蜴戈法拉姆,,,,7,2,,f,14,15,1f,1
ドシュア砕屑崖 多舒阿碎屑崖,火蜥蜴ゴーファラム 火蜥蜴戈法拉姆,,,,7,2,,13,12,15,1f,1
溶け落ちる集落 熔解的村落,熱暴走した古兵器 热暴走的古兵器,,,2,7,2,,10,7,15,1f,1
溶け落ちる集落 熔解的村落,火像グアスモール 火像古阿斯莫尔,1,,2,7,2,6,6,8,14,1e,1
溶け落ちる集落 熔解的村落,火像グアスモール 火像古阿斯莫尔,1,,1,7,2,6,6,8,14,1e,1
溶け落ちる集落 熔解的村落,火像グアスモール 火像古阿斯莫尔,,,,7,2,,7,9,14,1e,1
溶け落ちる集落 熔解的村落,雷精獣ジルラム 雷精兽吉尔拉姆,,,2,7,2,,9,8,14,1e,1
溶け落ちる集落 熔解的村落,雷精獣ジルラム 雷精兽吉尔拉姆,,,1,7,2,,9,8,14,1e,1
溶け落ちる集落 熔解的村落,火蜥蜴ゴーファラム 火蜥蜴戈法拉姆,1,,,7,2,7,8,6,14,1e,1
溶け落ちる集落 熔解的村落,火蜥蜴ゴーファラム 火蜥蜴戈法拉姆,,,1,7,2,,f,6,14,1e,1
溶け落ちる集落 熔解的村落,火蜥蜴ゴーファラム 火蜥蜴戈法拉姆,,,1,7,2,,11,7,14,1e,1
溶け落ちる集落 熔解的村落,角蜥蜴ロドン 角蜥蜴罗顿,,,2,7,2,,5,6,14,1e,1
溶け落ちる集落 熔解的村落,角蜥蜴ロドン 角蜥蜴罗顿,,,1,7,2,,5,6,14,1e,1
溶け落ちる集落 熔解的村落,角蜥蜴リザミロドン 角蜥蜴利扎米罗顿,,,2,7,2,,7,5,14,1e,1
溶け落ちる集落 熔解的村落,角蜥蜴リザミロドン 角蜥蜴利扎米罗顿,,,1,7,2,,7,5,14,1e,1
溶け落ちる集落 熔解的村落,角蜥蜴リザミロドン 角蜥蜴利扎米罗顿,,,,7,2,,b,b,14,1e,1
溶け落ちる集落 熔解的村落,火蜥蜴ゴーファラム 火蜥蜴戈法拉姆,1,,,7,2,26,8,8,14,1e,1
溶け落ちる集落 熔解的村落,火蜥蜴ゴーファラム 火蜥蜴戈法拉姆,,,,7,2,,6,a,14,1e,1
魔人墓楼,リシュエンツェーリ 莉秀恩兹利,,,2,7,3,,17,4,17,21,1
魔人墓楼,スケルトン 骷髅,1,,2,7,2,7,8,3,17,21,1
魔人墓楼,スケルトン 骷髅,1,,,7,2,8,8,7,17,21,1
魔人墓楼,スケルトン 骷髅,1,,2,7,2,b,f,2,17,21,1
魔人墓楼,スケルトン 骷髅,1,,,7,2,c,d,9,17,21,1
魔人墓楼,火蜥蜴ゴーファラム 火蜥蜴戈法拉姆,,,,7,2,,14,2,17,21,1
魔人墓楼,胞子骸骨 孢子骸骨,1,,2,7,2,7,8,3,17,21,1
魔人墓楼,胞子骸骨 孢子骸骨,1,,,7,2,8,8,7,17,21,1
魔人墓楼,胞子骸骨 孢子骸骨,1,,2,7,2,b,f,2,17,21,1
魔人墓楼,胞子骸骨 孢子骸骨,1,,,7,2,c,d,9,17,21,1
魔人墓楼,胞子骸骨 孢子骸骨,,,,7,2,,a,5,17,21,1
魔人墓楼,吸魂霊 吸魂灵,1,,,7,2,9,c,3,17,21,1
魔人墓楼,吸魂霊 吸魂灵,1,,2,7,2,a,c,7,17,21,1
魔人墓楼,吸魂霊 吸魂灵,,,2,7,2,,e,5,17,21,1
魔人墓楼,死魂霊 死魂灵,1,,,7,2,9,c,3,17,21,1
魔人墓楼,死魂霊 死魂灵,1,,2,7,2,a,c,7,17,21,1
魔人墓楼,毒噴飛鼠 毒喷飞鼠,,,,7,2,,d,4,17,21,1
魔人墓楼,動く彫像 会动的雕像,,,,7,2,,a,1,17,21,1
魔人墓楼,死魂霊 死魂灵,,,,7,2,,14,8,17,21,1
魔人墓楼,トロエルグ 特罗埃尔格,,,,7,2,,e,9,17,21,1
荒れ果てた森都 荒废的森都,修鉄機アザム 修铁机阿扎姆,,,,7,2,,2,2,17,21,1
荒れ果てた森都 荒废的森都,スケルトン 骷髅,1,,,7,2,9,9,9,16,20,1
荒れ果てた森都 荒废的森都,スケルトン 骷髅,1,,,7,2,a,a,f,16,20,1
荒れ果てた森都 荒废的森都,胞子骸骨 孢子骸骨,1,,,7,2,8,6,5,16,20,1
荒れ果てた森都 荒废的森都,紅魔コウモリ 红魔蝙蝠,,,,7,2,,a,10,16,20,1
荒れ果てた森都 荒废的森都,磁鉄の粘精 磁铁之粘精,,,,7,2,,a,6,16,20,1
荒れ果てた森都 荒废的森都,磁鉄の粘精 磁铁之粘精,,,,7,2,,4,b,16,20,1
荒れ果てた森都 荒废的森都,動く彫像 会动的雕像,,,,7,2,,b,a,16,20,1
荒れ果てた森都 荒废的森都,黒プテテット 黑史莱姆,,,,7,2,,9,a,16,20,1
荒れ果てた森都 荒废的森都,転がる大岩 滚动的大岩,,,,7,2,,7,e,16,20,1
荒れ果てた森都 荒废的森都,転がる大岩 滚动的大岩,,,,7,2,,3,e,16,20,1
荒れ果てた森都 荒废的森都,転がる大岩 滚动的大岩,,,,7,2,,3,12,16,20,1
荒れ果てた森都 荒废的森都,動く彫像 会动的雕像,,,,7,2,,9,5,16,20,1
荒れ果てた森都 荒废的森都,狂ったウンディーネ 疯狂的温蒂妮,,,,7,2,,1,6,16,20,1
荒れ果てた森都 荒废的森都,磁鉄の粘精 磁铁之粘精,,,,7,2,,3,9,16,20,1
荒れ果てた森都 荒废的森都,磁鉄の粘精 磁铁之粘精,,,,7,2,,e,1,16,20,1
罪磁の塔 罪磁之塔,霊虚二舞イ人ノ傀 灵虚双舞之人傀,,,2,7,2,,1,1,19,23,1
罪磁の塔 罪磁之塔,愛ヲ模リ咲ヒメル傀 仿爱绽放之人傀,,,2,7,2,,b,b,19,23,1
罪磁の塔 罪磁之塔,堕心の群れ 堕心之群,1,,,7,2,2,1,6,18,22,1
罪磁の塔 罪磁之塔,ジウ＝ドリュアス 吉乌-德律阿斯,1,,,7,2,5,b,6,18,22,1
罪磁の塔 罪磁之塔,堕心の群れ 堕心之群,,,2,7,2,,9,8,18,22,1
罪磁の塔 罪磁之塔,吸魂霊 吸魂灵,1,,,7,2,3,3,3,18,22,1
罪磁の塔 罪磁之塔,吸魂霊 吸魂灵,1,,,7,2,7,9,9,18,22,1
罪磁の塔 罪磁之塔,吸魂霊 吸魂灵,,,,7,2,,4,7,18,22,1
罪磁の塔 罪磁之塔,死魂霊 死魂灵,,,,7,2,,8,5,18,22,1
罪磁の塔 罪磁之塔,毒噴飛鼠 毒喷飞鼠,,,,7,2,,1,b,18,22,1
罪磁の塔 罪磁之塔,動く彫像 会动的雕像,1,,,7,2,4,6,1,18,22,1
罪磁の塔 罪磁之塔,動く彫像 会动的雕像,,,2,7,2,,9,7,18,22,1
罪磁の塔 罪磁之塔,狂ったウンディーネ 疯狂的温蒂妮,,,,7,2,,b,1,18,22,1
罪磁の塔 罪磁之塔,狂ったウンディーネ 疯狂的温蒂妮,,,,7,2,,a,7,18,22,1
罪磁の塔 罪磁之塔,憑魅霊 凭魅灵,1,,,7,2,6,6,b,18,22,1
怨嗟の間 怨嗟之间,操霊師ロズリーヌ 操灵师罗兹利奴,,,2,7,2,,5,c,19,23,1
怨嗟の間 怨嗟之间,ストーンゴーレム 石魔像,,,2,7,2,,5,b,18,22,1
怨嗟の間 怨嗟之间,ストーンゴーレム 石魔像,,,2,7,2,,5,d,18,22,1
怨嗟の間 怨嗟之间,幻獣ダルクヒドラ 幻兽达尔库希德拉,,,2,7,2,,7,6,18,22,1
怨嗟の間 怨嗟之间,幻獣ダルクヒドラ 幻兽达尔库希德拉,,,2,7,2,,a,3,18,22,1
怨嗟の間 怨嗟之间,幻獣ダルクヒドラ 幻兽达尔库希德拉,,,2,7,2,,d,6,18,22,1
怨嗟の間 怨嗟之间,幻獣ダルクヒドラ 幻兽达尔库希德拉,,,1,7,2,,d,6,18,22,1
怨嗟の間 怨嗟之间,トレトメイデン 特雷特少女,,,2,7,2,,4,c,18,22,1
怨嗟の間 怨嗟之间,憑魅霊 凭魅灵,1,,,7,2,4,9,7,18,22,1
怨嗟の間 怨嗟之间,憑魅霊 凭魅灵,,,2,7,2,,8,b,18,22,1
怨嗟の間 怨嗟之间,憑魅霊 凭魅灵,,,2,7,2,,8,d,18,22,1
怨嗟の間 怨嗟之间,憑魅霊 凭魅灵,1,,,7,2,5,2,c,18,22,1
怨嗟の間 怨嗟之间,堕心の群れ 堕心之群,,,,7,2,,1,6,18,22,1
怨嗟の間 怨嗟之间,吸魂霊 吸魂灵,,,,7,2,,2,6,18,22,1
怨嗟の間 怨嗟之间,死魂霊 死魂灵,,,2,7,2,,7,c,18,22,1
怨嗟の間 怨嗟之间,死魂霊 死魂灵,1,,,7,2,5,2,c,18,22,1
怨嗟の間 怨嗟之间,ジウ＝ドリュアス 吉乌-德律阿斯,,,2,7,2,,7,7,18,22,1
怨嗟の間 怨嗟之间,ジウ＝ドリュアス 吉乌-德律阿斯,,,1,7,2,,7,7,18,22,1
怨嗟の間 怨嗟之间,動く彫像 会动的雕像,,,2,7,2,,a,2,18,22,1
怨嗟の間 怨嗟之间,動く彫像 会动的雕像,,,1,7,2,,a,2,18,22,1
怨嗟の間 怨嗟之间,毒噴飛鼠 毒喷飞鼠,,,2,7,2,,e,6,18,22,1
怨嗟の間 怨嗟之间,毒噴飛鼠 毒喷飞鼠,,,1,7,2,,e,6,18,22,1
黒檀の籠属宮 黑檀笼属宫,ギルシュ第三王子 吉尔什第三王子,,,2,7,2,,8,3,1a,24,1
黒檀の籠属宮 黑檀笼属宫,幻獣ダルクヒドラ 幻兽达尔库希德拉,,,,7,2,,d,3,19,23,1
黒檀の籠属宮 黑檀笼属宫,トレトメイデン 特雷特少女,,,2,7,2,,1,2,19,23,1
黒檀の籠属宮 黑檀笼属宫,トレトメイデン 特雷特少女,,,2,7,2,,1,4,19,23,1
黒檀の籠属宮 黑檀笼属宫,トレトメイデン 特雷特少女,,,2,7,2,,7,3,19,23,1
黒檀の籠属宮 黑檀笼属宫,魔壁霊 魔壁灵,,,2,7,2,,3,2,19,23,1
黒檀の籠属宮 黑檀笼属宫,魔壁霊 魔壁灵,,,2,7,2,,3,3,19,23,1
黒檀の籠属宮 黑檀笼属宫,魔壁霊 魔壁灵,,,2,7,2,,3,4,19,23,1
黒檀の籠属宮 黑檀笼属宫,魔壁霊 魔壁灵,,,2,7,2,,9,2,19,23,1
黒檀の籠属宮 黑檀笼属宫,魔壁霊 魔壁灵,,,2,7,2,,9,3,19,23,1
黒檀の籠属宮 黑檀笼属宫,魔壁霊 魔壁灵,,,2,7,2,,9,4,19,23,1
黒檀の籠属宮 黑檀笼属宫,憑魅霊 凭魅灵,,,,7,2,,5,2,19,23,1
黒檀の籠属宮 黑檀笼属宫,動く家具 会动的家具,1,,,7,2,5,7,5,19,23,1
黒檀の籠属宮 黑檀笼属宫,堕心の群れ 堕心之群,1,,,7,2,6,b,2,19,23,1
黒檀の籠属宮 黑檀笼属宫,ガーゴイル 石像鬼,1,,,7,2,7,b,4,19,23,1
黒檀の籠属宮 黑檀笼属宫,ガーゴイル 石像鬼,1,,,7,2,4,7,1,19,23,1
黒檀の籠属宮 黑檀笼属宫,毒噴飛鼠 毒喷飞鼠,1,,,7,2,2,3,1,19,23,1
黒檀の籠属宮 黑檀笼属宫,毒噴飛鼠 毒喷飞鼠,1,,,7,2,3,3,5,19,23,1
溢霊の沼 溢灵之沼,吸魂霊 吸魂灵,,,2,7,2,,3,1,1a,24,1
溢霊の沼 溢灵之沼,吸魂霊 吸魂灵,,,2,7,2,,3,3,1a,24,1
溢霊の沼 溢灵之沼,吸魂霊 吸魂灵,,,2,7,2,,4,4,1a,24,1
溢霊の沼 溢灵之沼,吸魂霊 吸魂灵,,,2,7,2,,c,1,1a,24,1
溢霊の沼 溢灵之沼,吸魂霊 吸魂灵,,,1,7,,,c,1,1a,24,1
溢霊の沼 溢灵之沼,死魂霊 死魂灵,,,2,7,2,,4,2,1a,24,1
溢霊の沼 溢灵之沼,死魂霊 死魂灵,,,2,7,2,,6,5,1a,24,1
溢霊の沼 溢灵之沼,死魂霊 死魂灵,,,2,7,2,,3,9,1a,24,1
溢霊の沼 溢灵之沼,死魂霊 死魂灵,,,1,7,,,3,9,1a,24,1
溢霊の沼 溢灵之沼,死魂霊 死魂灵,,,2,,2,,,,1a,24,1
溢霊の沼 溢灵之沼,憑魅霊 凭魅灵,,,2,7,2,,5,6,1a,24,1
溢霊の沼 溢灵之沼,憑魅霊 凭魅灵,,,2,7,2,,8,6,1a,24,1
溢霊の沼 溢灵之沼,憑魅霊 凭魅灵,,,2,7,2,,d,5,1a,24,1
溢霊の沼 溢灵之沼,憑魅霊 凭魅灵,,,2,7,2,,d,3,1a,24,1
溢霊の沼 溢灵之沼,憑魅霊 凭魅灵,,,1,7,,,d,3,1a,24,1
溢霊の沼 溢灵之沼,憑魅霊 凭魅灵,,,2,,2,,,,1a,24,1
溢霊の沼 溢灵之沼,魔壁霊 魔壁灵,,,2,7,2,,4,7,1a,24,1
溢霊の沼 溢灵之沼,魔壁霊 魔壁灵,,,2,7,2,,5,9,1a,24,1
溢霊の沼 溢灵之沼,魔壁霊 魔壁灵,,,2,7,2,,a,4,1a,24,1
溢霊の沼 溢灵之沼,魔壁霊 魔壁灵,,,1,7,,,a,4,1a,24,1
溢霊の沼 溢灵之沼,魔壁霊 魔壁灵,1,,1,7,,4,4,2,1a,24,1
溢霊の沼 溢灵之沼,魔壁霊 魔壁灵,,,2,,2,,,,1a,24,1
溢霊の沼 溢灵之沼,胞子骸骨 孢子骸骨,,,2,7,2,,5,8,1a,24,1
溢霊の沼 溢灵之沼,胞子骸骨 孢子骸骨,,,2,7,2,,4,b,1a,24,1
溢霊の沼 溢灵之沼,胞子骸骨 孢子骸骨,,,2,7,2,,9,9,1a,24,1
溢霊の沼 溢灵之沼,胞子骸骨 孢子骸骨,,,1,7,,,4,b,1a,24,1
溢霊の沼 溢灵之沼,胞子骸骨 孢子骸骨,,,1,7,,,9,9,1a,24,1
溢霊の沼 溢灵之沼,胞子骸骨 孢子骸骨,1,,1,7,,5,4,a,1a,24,1
溢霊の沼 溢灵之沼,操霊師ロズリーヌ 操灵师罗兹利奴,,,2,,3,,,,1a,24,1
グレーベル大堤防 格雷贝尔大堤防,地蟲竜アルカトホグ 地虫龙阿尔卡托霍格,,1,2,,2,,,,18,22,1
グレーベル大堤防 格雷贝尔大堤防,成竜型カトリト 成龙型卡特利特,,1,2,,3,,,,17,21,1
グレーベル大堤防 格雷贝尔大堤防,地蟲竜アルカトホグ 地虫龙阿尔卡托霍格,,1,2,,2,,,,18,22,1
グレーベル大堤防 格雷贝尔大堤防,雷精獣ジルラム 雷精兽吉尔拉姆,1,,,7,2,1a,3,c,17,21,1
グレーベル大堤防 格雷贝尔大堤防,雷精獣ジルラム 雷精兽吉尔拉姆,,,,7,2,,4,a,17,21,1
グレーベル大堤防 格雷贝尔大堤防,磁鉄の粘溶岩精 磁铁之粘熔岩精,,,,7,2,,2,2,17,21,1
グレーベル大堤防 格雷贝尔大堤防,磁鉄の粘溶岩精 磁铁之粘熔岩精,,,,7,2,,4,7,17,21,1
グレーベル大堤防 格雷贝尔大堤防,狂ったウンディーネ 疯狂的温蒂妮,1,,,7,2,19,8,4,17,21,1
グレーベル大堤防 格雷贝尔大堤防,狂ったウンディーネ 疯狂的温蒂妮,,,,7,2,,b,b,17,21,1
グレーベル大堤防 格雷贝尔大堤防,狂ったウンディーネ 疯狂的温蒂妮,,,,7,2,,3,1b,17,21,1
グレーベル大堤防 格雷贝尔大堤防,バギル 巴吉尔,,,,7,2,,4,f,17,21,1
グレーベル大堤防 格雷贝尔大堤防,角蜥蜴リザミロドン 角蜥蜴利扎米罗顿,,,,7,2,,6,6,17,21,1
グレーベル大堤防 格雷贝尔大堤防,トロエルグ 特罗埃尔格,,,,7,2,,2,5,17,21,1
グレーベル大堤防 格雷贝尔大堤防,水棲獣スキュラ 水栖兽斯库拉,,,,7,2,,4,10,17,21,1
グレーベル大堤防 格雷贝尔大堤防,水棲獣スキュラ 水栖兽斯库拉,,,,7,2,,2,18,17,21,1
ルベータ・テルメス 卢贝塔·特尔梅斯,呪封師ガイダル 咒封师盖达鲁,,1,2,,4,,,,1a,24,1
ルベータ・テルメス 卢贝塔·特尔梅斯,狂える男 发狂的男人,,1,2,,2,,,,18,22,1
ルベータ・テルメス 卢贝塔·特尔梅斯,狂える男 发狂的男人,,1,2,,2,,,,18,22,1
ルベータ・テルメス 卢贝塔·特尔梅斯,嫌らしい顔の男 面目可憎的男人,,1,2,,4,,,,19,23,1
ルベータ・テルメス 卢贝塔·特尔梅斯,砂鉄の悪漢者 砂铁恶汉,,1,2,,4,,,,18,22,1
ルベータ・テルメス 卢贝塔·特尔梅斯,砂鉄の悪漢者 砂铁恶汉,,1,2,,4,,,,18,22,1
ルベータ・テルメス 卢贝塔·特尔梅斯,エーグ狩猟種 埃古狩猎种,,1,2,,4,,,,18,22,1
ルベータ・テルメス 卢贝塔·特尔梅斯,悪しき呪術師 邪恶的咒术师,,1,2,,4,,,,18,22,1
ルベータ・テルメス 卢贝塔·特尔梅斯,狂える男 发狂的男人,,1,2,,2,,,,18,22,1
ルベータ・テルメス 卢贝塔·特尔梅斯,狂える男 发狂的男人,,1,2,,2,,,,18,22,1
ルベータ・テルメス 卢贝塔·特尔梅斯,砂鉄の悪漢者 砂铁恶汉,,,,7,2,,9,8,18,22,1
ルベータ・テルメス 卢贝塔·特尔梅斯,砂鉄の悪漢者 砂铁恶汉,,,2,7,2,,7,5,18,22,1
ルベータ・テルメス 卢贝塔·特尔梅斯,砂鉄の悪漢者 砂铁恶汉,,,1,7,2,,7,5,18,22,1
ルベータ・テルメス 卢贝塔·特尔梅斯,エーグ狩猟種 埃古狩猎种,,,,7,2,,1,8,18,22,1
ルベータ・テルメス 卢贝塔·特尔梅斯,エーグ狩猟種 埃古狩猎种,,,,7,2,,d,8,18,22,1
ルベータ・テルメス 卢贝塔·特尔梅斯,悪しき呪術師 邪恶的咒术师,,,,7,2,,b,a,18,22,1
ルベータ・テルメス 卢贝塔·特尔梅斯,悪しき呪術師 邪恶的咒术师,,,,7,2,,11,a,18,22,1
ルベータ・テルメス 卢贝塔·特尔梅斯,トロエルグ 特罗埃尔格,,,,7,2,,1,1,18,22,1
ルベータ・テルメス 卢贝塔·特尔梅斯,トロエルグ 特罗埃尔格,,,,7,2,,10,8,18,22,1
ルベータ・テルメス 卢贝塔·特尔梅斯,貝獣スラス 贝兽苏拉斯,1,,,7,2,7,d,b,18,22,1
ルベータ・テルメス 卢贝塔·特尔梅斯,毒噴飛鼠 毒喷飞鼠,,,,7,2,,d,d,18,22,1
ルベータ・テルメス 卢贝塔·特尔梅斯,毒噴飛鼠 毒喷飞鼠,1,,,7,2,8,f,3,18,22,1
ルベータ・テルメス 卢贝塔·特尔梅斯,黒ベコガノ 黑贝科加诺,1,,,7,2,6,8,7,18,22,1
ルベータ・テルメス 卢贝塔·特尔梅斯,砂鉄の悪漢者 砂铁恶汉,1,,,7,4,21,b,e,18,22,1
ルベータ・テルメス 卢贝塔·特尔梅斯,エーグ狩猟種 埃古狩猎种,1,,,7,4,22,7,e,18,22,1
ルベータ石灰棚 卢贝塔石灰台地,女騎士キスニル 女骑士姬斯尼尔,,,,7,3,,d,5,19,23,1
ルベータ石灰棚 卢贝塔石灰台地,熱間欠泉 热间歇泉,,,,7,2,,5,9,19,23,1
ルベータ石灰棚 卢贝塔石灰台地,熱間欠泉 热间歇泉,,,,7,2,,9,3,19,23,1
ルベータ石灰棚 卢贝塔石灰台地,熱間欠泉 热间歇泉,,,,7,2,,d,c,19,23,1
モルツィオーネ城 莫尔齐奥内城,征炎ミクシュアナ 征炎米克修亚娜,,,2,7,2,,2,a,1b,25,1
モルツィオーネ城 莫尔齐奥内城,鎚使霊 锤使灵,1,,2,7,2,a,c,6,1a,24,1
モルツィオーネ城 莫尔齐奥内城,鎚使霊 锤使灵,1,,2,7,2,b,c,7,1a,24,1
モルツィオーネ城 莫尔齐奥内城,鎚使霊 锤使灵,1,,2,7,2,f,9,2,1a,24,1
モルツィオーネ城 莫尔齐奥内城,鎚使霊 锤使灵,1,,2,7,2,e,11,a,1a,24,1
モルツィオーネ城 莫尔齐奥内城,征炎衆後方守備隊 征炎众后方守备队,,,2,7,2,,6,13,1a,24,1
モルツィオーネ城 莫尔齐奥内城,鎚使霊 锤使灵,,,,7,2,,c,e,1a,24,1
モルツィオーネ城 莫尔齐奥内城,鎚使霊 锤使灵,,,1,7,2,,11,a,1a,24,1
モルツィオーネ城 莫尔齐奥内城,鎚使霊 锤使灵,1,,2,7,2,d,9,b,1a,24,1
モルツィオーネ城 莫尔齐奥内城,大天使ゴスハザ 大天使戈斯哈扎,1,,2,7,2,7,2,2,1a,24,1
モルツィオーネ城 莫尔齐奥内城,大天使ゴスハザ 大天使戈斯哈扎,1,,2,7,2,8,2,3,1a,24,1
モルツィオーネ城 莫尔齐奥内城,大天使ゴスハザ 大天使戈斯哈扎,1,,2,7,2,c,9,9,1a,24,1
モルツィオーネ城 莫尔齐奥内城,大天使ゴスハザ 大天使戈斯哈扎,,,1,7,2,,9,2,1a,24,1
モルツィオーネ城 莫尔齐奥内城,天使カルフエラ 天使卡尔夫埃拉,1,,2,7,2,9,9,a,1a,24,1
モルツィオーネ城 莫尔齐奥内城,征炎衆後方守備隊 征炎众后方守备队,,,2,7,2,,6,11,1a,24,1
モルツィオーネ城 莫尔齐奥内城,征炎衆後方守備隊 征炎众后方守备队,,,2,7,2,,7,12,1a,24,1
モルツィオーネ城 莫尔齐奥内城,天使カルフエラ 天使卡尔夫埃拉,,,1,7,2,,9,a,1a,24,1
モルツィオーネ城 莫尔齐奥内城,天使カルフエラ 天使卡尔夫埃拉,,,1,7,2,,6,12,1a,24,1
モルツィオーネ城 莫尔齐奥内城,権天使シュトラエル 权天使修特拉埃尔,1,,2,7,2,6,1,a,1a,24,1
モルツィオーネ城 莫尔齐奥内城,権天使シュトラエル 权天使修特拉埃尔,,,2,7,2,,1,9,1a,24,1
モルツィオーネ城 莫尔齐奥内城,権天使シュトラエル 权天使修特拉埃尔,,,2,7,2,,1,b,1a,24,1
モルツィオーネ城 莫尔齐奥内城,権天使シュトラエル 权天使修特拉埃尔,,,1,7,2,,1,a,1a,24,1
モルツィオーネ城 莫尔齐奥内城,魔導銃を持つ男 持魔导枪的男人,,1,2,,3,,,,1a,24,1
モルツィオーネ城 莫尔齐奥内城,砂鉄の悪漢者 砂铁恶汉,,1,2,,3,,,,1a,24,1
モルツィオーネ城 莫尔齐奥内城,狂える男 发狂的男人,,1,2,,3,,,,1a,24,1
モルツィオーネ城 莫尔齐奥内城,嫌らしい顔の男 面目可憎的男人,,1,2,,3,,,,1a,24,1
天土の竜石橋 天土龙石桥,ドラゴニュート 德拉贡纽特,,,,7,4,,1,11,1b,25,1
天土の竜石橋 天土龙石桥,ドラゴニュート 德拉贡纽特,,,,7,4,,4,13,1b,25,1
天土の竜石橋 天土龙石桥,ドラゴニュート 德拉贡纽特,,,,7,4,,6,f,1b,25,1
天土の竜石橋 天土龙石桥,雷精獣ジルラム 雷精兽吉尔拉姆,,,,7,4,,4,f,1b,25,1
天土の竜石橋 天土龙石桥,雷精獣ジルラム 雷精兽吉尔拉姆,,,,7,4,,5,11,1b,25,1
天土の竜石橋 天土龙石桥,雷精獣ジルラム 雷精兽吉尔拉姆,,,,7,4,,9,11,1b,25,1
天土の竜石橋 天土龙石桥,角蜥蜴ロドン 角蜥蜴罗顿,,,,7,2,,9,1,1b,25,1
天土の竜石橋 天土龙石桥,角蜥蜴ロドン 角蜥蜴罗顿,,,,7,2,,1,6,1b,25,1
天土の竜石橋 天土龙石桥,角蜥蜴リザミロドン 角蜥蜴利扎米罗顿,,,,7,2,,6,2,1b,25,1
天土の竜石橋 天土龙石桥,エーグ狩猟種 埃古狩猎种,,,,7,2,,3,e,1b,25,1
天土の竜石橋 天土龙石桥,這竜リムドラ 爬龙利姆德拉,,,,7,2,,5,1,1b,25,1
天土の竜石橋 天土龙石桥,幻獣ダルクヒドラ 幻兽达尔库希德拉,,,,7,2,,7,2,1b,25,1
天土の竜石橋 天土龙石桥,這竜リムドラギル 爬龙利姆德拉吉尔,,,,7,2,,8,5,1b,25,1
天土の竜石橋 天土龙石桥,水棲獣スキュラ 水栖兽斯库拉,,,,7,2,,3,5,1b,25,1
府幻の祠 府幻之祠,胞子骸骨 孢子骸骨,,,,7,2,,6,b,1c,26,1
府幻の祠 府幻之祠,死魂霊 死魂灵,,,,7,2,,6,6,1c,26,1
府幻の祠 府幻之祠,死魂霊 死魂灵,,,,7,2,,e,c,1c,26,1
府幻の祠 府幻之祠,角蜥蜴リザミロドン 角蜥蜴利扎米罗顿,,,,7,2,,d,4,1c,26,1
府幻の祠 府幻之祠,這竜リムドラ 爬龙利姆德拉,,,2,7,2,,8,5,1c,26,1
府幻の祠 府幻之祠,這竜リムドラ 爬龙利姆德拉,,,1,7,2,,8,5,1c,26,1
府幻の環状列石 府幻的环状列石,胞子骸骨 孢子骸骨,,,,7,2,,4,7,1c,26,1
府幻の環状列石 府幻的环状列石,胞子骸骨 孢子骸骨,,,,7,2,,e,4,1c,26,1
府幻の環状列石 府幻的环状列石,死魂霊 死魂灵,,,,7,2,,d,5,1c,26,1
府幻の環状列石 府幻的环状列石,角蜥蜴リザミロドン 角蜥蜴利扎米罗顿,,,,7,2,,8,c,1c,26,1
府幻の環状列石 府幻的环状列石,ストームドラゴン 风暴龙,,,,7,2,,d,b,1c,26,1
府幻の環状列石 府幻的环状列石,這竜リムドラ 爬龙利姆德拉,,,,7,2,,f,c,1c,26,1
府幻の環状列石 府幻的环状列石,這竜リムドラギル 爬龙利姆德拉吉尔,,,,7,2,,5,9,1c,26,1
府幻の環状列石 府幻的环状列石,動く彫像 会动的雕像,,,,7,2,,f,4,1c,26,1
府幻の環状列石 府幻的环状列石,掘削の彫像 掘削的雕像,,,,7,2,,8,3,1c,26,1
府幻の環状列石 府幻的环状列石,掘削の彫像 掘削的雕像,,,,7,2,,a,c,1c,26,1
府幻の鏡柱殿 府幻的镜柱殿,鏡柱殿のカトリト 镜柱殿的卡特利特,,1,2,7,2,,2,2,1d,27,1
府幻の鏡柱殿 府幻的镜柱殿,鏡柱殿のカトリト 镜柱殿的卡特利特,,1,2,7,2,,2,4,1d,27,1
府幻の鏡柱殿 府幻的镜柱殿,鏡柱殿のカトリト 镜柱殿的卡特利特,,1,2,7,2,,3,3,1d,27,1
府幻の鏡柱殿 府幻的镜柱殿,鏡柱殿のカトリト 镜柱殿的卡特利特,,1,2,7,2,,4,2,1d,27,1
府幻の鏡柱殿 府幻的镜柱殿,鏡柱殿のカトリト 镜柱殿的卡特利特,,1,2,7,2,,4,4,1d,27,1
府幻の鏡柱殿 府幻的镜柱殿,胞子骸骨 孢子骸骨,,,1,7,2,,1,9,1d,27,1
府幻の鏡柱殿 府幻的镜柱殿,角蜥蜴リザミロドン 角蜥蜴利扎米罗顿,,,1,7,2,,7,7,1d,27,1
府幻の鏡柱殿 府幻的镜柱殿,府幻の竜人兵 府幻的龙人兵,,,1,7,2,,4,1,1d,27,1
府幻の鏡柱殿 府幻的镜柱殿,掘削の彫像 掘削的雕像,,,1,7,2,,9,2,1d,27,1
府幻の竜骨堂 府幻的龙骨堂,雷府竜シウケトル 雷府龙希乌凯托尔,,1,2,7,2,,6,e,1e,28,1
府幻の竜骨堂 府幻的龙骨堂,府幻の竜人兵 府幻的龙人兵,1,,,7,2,2,4,8,1d,27,1
府幻の竜骨堂 府幻的龙骨堂,府幻の竜人兵 府幻的龙人兵,,,,7,2,,5,4,1d,27,1
府幻の竜骨堂 府幻的龙骨堂,這竜リムドラギル 爬龙利姆德拉吉尔,,,,7,2,,6,8,1d,27,1
府幻の竜骨堂 府幻的龙骨堂,動く彫像 会动的雕像,,,,7,2,,3,6,1d,27,1
府幻の竜骨堂 府幻的龙骨堂,掘削の彫像 掘削的雕像,,,,7,2,,9,9,1d,27,1
府幻の竜骨堂 府幻的龙骨堂,幻獣ダルクヒドラ 幻兽达尔库希德拉,,,,7,2,,8,6,1d,27,1
荒んだ北山峡 荒芜的北山峡,胞子骸骨 孢子骸骨,,,,7,2,,3,9,20,2a,1
荒んだ北山峡 荒芜的北山峡,ドラゴニュート 德拉贡纽特,1,,,7,2,7,c,a,20,2a,1
荒んだ北山峡 荒芜的北山峡,角蜥蜴リザミロドン 角蜥蜴利扎米罗顿,1,,,7,2,7,c,a,20,2a,1
荒んだ北山峡 荒芜的北山峡,府幻の竜人兵 府幻的龙人兵,1,,,7,2,6,8,7,20,2a,1
荒んだ北山峡 荒芜的北山峡,這竜リムドラ 爬龙利姆德拉,,,,7,2,,a,1,20,2a,1
荒んだ北山峡 荒芜的北山峡,ストームドラゴン 风暴龙,1,,,7,2,6,8,7,20,2a,1
荒んだ北山峡 荒芜的北山峡,ストームドラゴン 风暴龙,,,,7,2,,a,10,20,2a,1
荒んだ北山峡 荒芜的北山峡,雷精獣ジルラム 雷精兽吉尔拉姆,,,,7,2,,b,f,20,2a,1
荒んだ北山峡 荒芜的北山峡,火蜥蜴ゴーファラム 火蜥蜴戈法拉姆,,,,7,2,,6,4,20,2a,1
荒んだ北山峡 荒芜的北山峡,ハルピュア 哈尔皮亚,1,,,7,2,8,f,6,20,2a,1
荒んだ北山峡 荒芜的北山峡,ハルピュア 哈尔皮亚,1,,,7,2,9,f,c,20,2a,1
荒んだ北山峡 荒芜的北山峡,ルトハルピュア 鲁托哈尔皮亚,2,,,7,2,8,f,8,20,2a,1
荒んだ北山峡 荒芜的北山峡,ルトハルピュア 鲁托哈尔皮亚,2,,,7,2,9,f,a,20,2a,1
荒んだ北山峡 荒芜的北山峡,ルトハルピュア 鲁托哈尔皮亚,,,,7,2,,e,e,20,2a,1
荒んだ北山峡 荒芜的北山峡,グロウハルピュア 格洛哈尔皮亚,,,,7,2,,f,9,21,2b,1
荒んだ北山峡 荒芜的北山峡,死魂霊 死魂灵,,,,7,2,,3,3,20,2a,1
竜閣の城砦 龙阁城砦,絶氷公カルメルグ 绝冰公卡尔梅尔格,,,2,7,2,,3,7,1f,29,1
竜閣の城砦 龙阁城砦,ドラゴニュート 德拉贡纽特,,,,7,2,,7,7,1e,28,1
竜閣の城砦 龙阁城砦,ドラゴニュート 德拉贡纽特,,,,7,2,,7,8,1e,28,1
竜閣の城砦 龙阁城砦,竜閣の蒼兵 龙阁的苍兵,,,,7,2,,b,4,1e,28,1
竜閣の城砦 龙阁城砦,竜閣の蒼兵 龙阁的苍兵,,,,7,2,,d,9,1e,28,1
竜閣の城砦 龙阁城砦,ストームドラゴン 风暴龙,1,,,7,2,5,a,5,1e,28,1
竜閣の城砦 龙阁城砦,ストームドラゴン 风暴龙,1,,,7,2,6,f,5,1e,28,1
竜閣の城砦 龙阁城砦,這竜リムドラ 爬龙利姆德拉,,,,7,2,,13,2,1e,28,1
竜閣の城砦 龙阁城砦,幻獣ダルクヒドラ 幻兽达尔库希德拉,,,,7,2,,d,7,1e,28,1
竜閣の城砦 龙阁城砦,魔法砦,,,,7,2,,a,2,1e,28,1
竜閣の城砦 龙阁城砦,魔法砦,,,,7,2,,f,8,1e,28,1
竜閣の城砦 龙阁城砦,ドラゴニュート 德拉贡纽特,,,,,3,,,,1e,28,1
竜閣の城砦 龙阁城砦,ドラゴニュート 德拉贡纽特,,,,,3,,,,1e,28,1
竜閣の城砦 龙阁城砦,ドラゴニュート 德拉贡纽特,,,,,3,,,,1e,28,1
竜閣の強襲路 龙阁强袭路,ドラゴニュート 德拉贡纽特,,,,7,2,,4,8,1e,28,1
竜閣の強襲路 龙阁强袭路,竜閣の蒼兵 龙阁的苍兵,,,,7,2,,b,4,1e,28,1
竜閣の強襲路 龙阁强袭路,ストームドラゴン 风暴龙,1,,,7,2,5,a,5,1e,28,1
竜閣の強襲路 龙阁强袭路,幻獣ダルクヒドラ 幻兽达尔库希德拉,,,,7,2,,d,7,1e,28,1
凍てつく湖畔 冰封的湖畔,錯縛の流燐結騎 错缚的流燐结骑,,,,7,4,,8,2,13,1d,1
凍てつく湖畔 冰封的湖畔,錯縛の流燐結騎 错缚的流燐结骑,,,,7,2,,8,2,13,1d,1
凍てつく湖畔 冰封的湖畔,錯縛の水精 错缚的水精,,,2,7,4,,7,1,11,1b,1
凍てつく湖畔 冰封的湖畔,錯縛の水精 错缚的水精,,,2,7,4,,9,1,11,1b,1
凍てつく湖畔 冰封的湖畔,雷精獣ジルラム 雷精兽吉尔拉姆,,,2,7,2,,6,5,11,1b,1
凍てつく湖畔 冰封的湖畔,雷精獣ジルラム 雷精兽吉尔拉姆,,,2,7,2,,a,5,11,1b,1
凍てつく湖畔 冰封的湖畔,雷精獣ジルラム 雷精兽吉尔拉姆,,,,7,2,,9,8,11,1b,1
凍てつく湖畔 冰封的湖畔,雷精獣ジルラム 雷精兽吉尔拉姆,,,,7,2,,7,7,11,1b,1
凍てつく湖畔 冰封的湖畔,土精ウォルベヅネ 土精沃尔贝兹内,,,2,7,2,,7,6,11,1b,1
凍てつく湖畔 冰封的湖畔,土精ウォルベヅネ 土精沃尔贝兹内,,,2,7,2,,8,6,11,1b,1
凍てつく湖畔 冰封的湖畔,土精ウォルベヅネ 土精沃尔贝兹内,,,2,7,2,,9,6,11,1b,1
凍てつく湖畔 冰封的湖畔,土精ウォルベヅネ 土精沃尔贝兹内,,,,7,2,,5,5,11,1b,1
凍てつく湖畔 冰封的湖畔,風精シルフィ 风精希尔菲,,,,7,2,,1,8,11,1b,1
凍てつく湖畔 冰封的湖畔,風精シルフィ 风精希尔菲,,,,7,2,,4,8,11,1b,1
凍てつく湖畔 冰封的湖畔,荒ぶる氷乙女 狂暴的冰少女,,,,7,2,,1,2,2d,37,1
閉ざされた氷都市 封闭的冰都市,荒ぶる氷乙女 狂暴的冰少女,,,,7,2,,10,5,2d,37,1
閉ざされた氷都市 封闭的冰都市,荒ぶる氷乙女 狂暴的冰少女,,,,7,2,,13,b,2d,37,1
閉ざされた氷都市 封闭的冰都市,荒ぶる氷乙女 狂暴的冰少女,,,,7,2,,16,a,2d,37,1
閉ざされた氷都市 封闭的冰都市,動く彫像 会动的雕像,,,,7,2,,18,6,2d,37,1
閉ざされた氷都市 封闭的冰都市,動く彫像 会动的雕像,,,,7,2,,5,4,2d,37,1
閉ざされた氷都市 封闭的冰都市,動く彫像 会动的雕像,,,,7,2,,8,8,2d,37,1
閉ざされた氷都市 封闭的冰都市,鎚使霊 锤使灵,,,,7,2,,e,9,2d,37,1
閉ざされた氷都市 封闭的冰都市,輪極の凍河乙女 轮极之冻河少女,,,,7,2,,11,2,2d,37,1
閉ざされた氷都市 封闭的冰都市,輪極の凍河乙女 轮极之冻河少女,,,,7,2,,10,a,2d,37,1
閉ざされた氷都市 封闭的冰都市,輪極の凍河乙女 轮极之冻河少女,,,,7,2,,12,5,2d,37,1
閉ざされた氷都市 封闭的冰都市,ストーンゴーレム 石魔像,,,,7,2,,18,3,2d,37,1
閉ざされた氷都市 封闭的冰都市,ストーンゴーレム 石魔像,,,,7,2,,8,3,2d,37,1
閉ざされた氷都市 封闭的冰都市,ストーンゴーレム 石魔像,,,,7,2,,a,5,2d,37,1
閉ざされた氷都市 封闭的冰都市,自壊した石造兵 自毁的石造兵,,,,7,2,,2,2,2d,37,1
閉ざされた氷都市 封闭的冰都市,魔壁霊 魔壁灵,,,,7,2,,e,3,2d,37,1
閉ざされた氷都市 封闭的冰都市,魔壁霊 魔壁灵,,,,7,2,,a,9,2d,37,1
閉ざされた氷都市 封闭的冰都市,大天使ゴスハザ 大天使戈斯哈扎,,,,7,2,,15,7,2d,37,1
閉ざされた氷都市 封闭的冰都市,誘う捕食箱 引诱的捕食箱,,,4,7,2,,1,9,2d,37,1
紅魔の扉 红魔之门,魔神バンブビルグ 魔神班布比尔格,,1,2,,2,,,,3d,47,1
紅魔の扉 红魔之门,荒ぶる氷乙女 狂暴的冰少女,1,,,7,2,6,8,a,3c,46,1
紅魔の扉 红魔之门,荒ぶる氷乙女 狂暴的冰少女,1,,,7,2,7,c,a,3c,46,1
紅魔の扉 红魔之门,荒ぶる氷乙女 狂暴的冰少女,1,,,7,2,8,c,12,3c,46,1
紅魔の扉 红魔之门,荒ぶる氷乙女 狂暴的冰少女,,,,7,2,,6,2,3c,46,1
紅魔の扉 红魔之门,荒ぶる氷乙女 狂暴的冰少女,,,,,2,,,,3c,46,1
紅魔の扉 红魔之门,輪極の蝕樹 轮极之蚀树,,,,7,2,,3,11,3c,46,1
紅魔の扉 红魔之门,輪極の蝕樹 轮极之蚀树,,,,7,2,,c,5,3c,46,1
紅魔の扉 红魔之门,輪極の蝕樹 轮极之蚀树,,,,7,2,,5,a,3c,46,1
紅魔の扉 红魔之门,輪極の蝕樹 轮极之蚀树,,,,7,2,,e,a,3c,46,1
紅魔の扉 红魔之门,輪極の蝕樹 轮极之蚀树,,,,7,2,,a,7,3c,46,1
紅魔の扉 红魔之门,輪極の蝕樹 轮极之蚀树,,,,,2,,,,3c,46,1
紅魔の扉 红魔之门,輪極の蝕樹 轮极之蚀树,,,,7,2,,9,9,3c,46,1
紅魔の扉 红魔之门,輪極の蝕樹 轮极之蚀树,,,,7,2,,9,a,3c,46,1
紅魔の扉 红魔之门,輪極の蝕樹 轮极之蚀树,,,,7,2,,9,b,3c,46,1
紅魔の扉 红魔之门,輪極の蝕樹 轮极之蚀树,1,,,7,2,9,6,3,3c,46,1
紅魔の扉 红魔之门,荒ぶる氷乙女 狂暴的冰少女,1,,,7,2,a,6,11,3c,46,1
歪滅妖の裂け目 歪灭妖的裂缝,魔神バンブクスクス 魔神班布库斯库斯,,1,2,7,2,,c,2,41,4b,1
歪滅妖の裂け目 歪灭妖的裂缝,輪極の蝕樹 轮极之蚀树,1,,,7,2,7,c,9,40,4a,1
歪滅妖の裂け目 歪灭妖的裂缝,輪極の蝕樹 轮极之蚀树,1,,,7,2,5,2,5,40,4a,1
歪滅妖の裂け目 歪灭妖的裂缝,輪極の蝕樹 轮极之蚀树,1,,,7,2,6,7,4,40,4a,1
歪滅妖の裂け目 歪灭妖的裂缝,輪極の蝕樹 轮极之蚀树,1,,2,7,2,d,a,4,40,4a,1
歪滅妖の裂け目 歪灭妖的裂缝,輪極の蝕樹 轮极之蚀树,,,,7,2,,9,d,40,4a,1
歪滅妖の裂け目 歪灭妖的裂缝,歪魔グントーノ 歪魔贡托诺,1,,,7,2,8,8,e,40,4a,1
歪滅妖の裂け目 歪灭妖的裂缝,歪魔グントーノ 歪魔贡托诺,1,,,7,2,9,8,f,40,4a,1
歪滅妖の裂け目 歪灭妖的裂缝,歪魔グントーノ 歪魔贡托诺,,,,7,2,,3,4,40,4a,1
歪滅妖の裂け目 歪灭妖的裂缝,歪魔グントーノ 歪魔贡托诺,1,,2,7,2,a,b,1,40,4a,1
歪滅妖の裂け目 歪灭妖的裂缝,歪魔グントーノ 歪魔贡托诺,1,,2,7,2,b,c,1,40,4a,1
歪滅妖の裂け目 歪灭妖的裂缝,歪魔グントーノ 歪魔贡托诺,1,,2,7,2,c,d,1,40,4a,1
歪滅妖の裂け目 歪灭妖的裂缝,荒ぶる氷乙女 狂暴的冰少女,1,,,7,2,6,7,4,40,4a,1
歪滅妖の裂け目 歪灭妖的裂缝,荒ぶる氷乙女 狂暴的冰少女,1,,2,7,2,e,e,4,40,4a,1
歪滅妖の裂け目 歪灭妖的裂缝,荒ぶる氷乙女 狂暴的冰少女,,,,7,2,,7,6,40,4a,1
歪滅妖の裂け目 歪灭妖的裂缝,歪魔グントーノ 歪魔贡托诺,1,,,7,2,1b,9,7,40,4a,1
歪滅妖の裂け目 歪灭妖的裂缝,歪魔グントーノ 歪魔贡托诺,1,,,7,2,1c,9,8,40,4a,1
歪滅妖の裂け目 歪灭妖的裂缝,歪魔グントーノ 歪魔贡托诺,1,,,7,2,1d,9,9,40,4a,1
ブネの歪巣 布涅的歪巢,魔神ブネ 魔神布涅,,,2,7,2,,2,3,49,53,1
ブネの歪巣 布涅的歪巢,輪極の蝕樹 轮极之蚀树,,,,7,2,,2,8,48,52,1
ブネの歪巣 布涅的歪巢,輪極の蝕樹 轮极之蚀树,1,,,7,2,28,f,1,48,52,1
ブネの歪巣 布涅的歪巢,輪極の蝕樹 轮极之蚀树,,,,7,2,,1,9,48,52,1
ブネの歪巣 布涅的歪巢,輪極の蝕樹 轮极之蚀树,,,,7,2,,3,9,48,52,1
ブネの歪巣 布涅的歪巢,歪魔グントーノ 歪魔贡托诺,1,,,7,2,2a,5,d,48,52,1
ブネの歪巣 布涅的歪巢,歪魔グントーノ 歪魔贡托诺,,,,7,2,,e,9,48,52,1
ブネの歪巣 布涅的歪巢,歪魔グントーノ 歪魔贡托诺,,,,7,2,,9,a,48,52,1
ブネの歪巣 布涅的歪巢,輪極の蝕貝獣 轮极之蚀贝兽,,,,7,2,,4,b,48,52,1
ブネの歪巣 布涅的歪巢,輪極の蝕貝獣 轮极之蚀贝兽,,,,7,2,,f,a,48,52,1
ブネの歪巣 布涅的歪巢,連鎖の骸骨 连锁的骸骨,1,,,7,2,27,8,8,48,52,1
ブネの歪巣 布涅的歪巢,連鎖の骸骨 连锁的骸骨,,,,7,2,,5,12,48,52,1
ブネの歪巣 布涅的歪巢,連鎖の骸骨 连锁的骸骨,,,,,2,,,,48,52,1
ブネの歪巣 布涅的歪巢,希少な捕食箱 稀有的捕食箱,,,4,7,2,,7,d,48,52,1
ブネの歪巣 布涅的歪巢,輪極の蝕樹 轮极之蚀树,1,,,7,2,29,a,f,48,52,1
ブネの歪巣 布涅的歪巢,輪極の蝕樹 轮极之蚀树,,,,7,2,,e,f,48,52,1
ブネの歪巣 布涅的歪巢,輪極の蝕樹 轮极之蚀树,,,,7,2,,10,e,48,52,1
ブネの歪巣 布涅的歪巢,輪極の蝕樹 轮极之蚀树,,,,7,2,,10,10,48,52,1
ブネの歪巣 布涅的歪巢,輪極の蝕樹 轮极之蚀树,,,2,7,2,,a,9,48,52,1
ブネの歪巣 布涅的歪巢,輪極の蝕樹 轮极之蚀树,,,2,7,2,,b,9,48,52,1
ブネの歪巣 布涅的歪巢,輪極の蝕樹 轮极之蚀树,,,2,7,2,,c,9,48,52,1
ブネの歪巣 布涅的歪巢,輪極の蝕樹 轮极之蚀树,,,2,7,2,,a,d,48,52,1
ブネの歪巣 布涅的歪巢,輪極の蝕樹 轮极之蚀树,,,2,7,2,,b,d,48,52,1
ブネの歪巣 布涅的歪巢,輪極の蝕樹 轮极之蚀树,,,2,7,2,,c,d,48,52,1
歪みの滅妖駅 歪曲的灭妖车站,魔神マルファス 魔神马尔法斯,,1,2,,2,,,,4d,57,1
歪みの滅妖駅 歪曲的灭妖车站,魔神マルファス 魔神马尔法斯,,1,2,,2,,,,4e,58,1
歪みの滅妖駅 歪曲的灭妖车站,輪極の黒蛭蛇 轮极之黑蛭蛇,,,2,,2,,,,4c,56,1
歪みの滅妖駅 歪曲的灭妖车站,輪極の黒蛭蛇 轮极之黑蛭蛇,,,2,,2,,,,4c,56,1
歪みの滅妖駅 歪曲的灭妖车站,輪極の歪竜 轮极之歪龙,,,,7,2,,6,4,4c,56,1
歪みの滅妖駅 歪曲的灭妖车站,輪極の歪竜 轮极之歪龙,,,,7,2,,13,13,4c,56,1
歪みの滅妖駅 歪曲的灭妖车站,歪魔ボゥンオロス 歪魔邦奥罗斯,1,,,7,2,7,2,4,4c,56,1
歪みの滅妖駅 歪曲的灭妖车站,輪極の黒蛭蛇 轮极之黑蛭蛇,1,,,7,2,9,d,f,4c,56,1
歪みの滅妖駅 歪曲的灭妖车站,歪魔ボゥンオロス 歪魔邦奥罗斯,,,2,,2,,,,4c,56,1
歪みの滅妖駅 歪曲的灭妖车站,歪魔ボゥンオロス 歪魔邦奥罗斯,,,2,,2,,,,4c,56,1
歪みの滅妖駅 歪曲的灭妖车站,歪魔ボゥンオロス 歪魔邦奥罗斯,,,2,,2,,,,4c,56,1
歪みの滅妖駅 歪曲的灭妖车站,歪魔ボゥンオロス 歪魔邦奥罗斯,,,2,,2,,,,4c,56,1
歪みの滅妖駅 歪曲的灭妖车站,歪魔ボゥンオロス 歪魔邦奥罗斯,,,,7,2,,3,12,4c,56,1
歪みの滅妖駅 歪曲的灭妖车站,歪魔ボゥンオロス 歪魔邦奥罗斯,,,,7,2,,9,e,4c,56,1
歪みの滅妖駅 歪曲的灭妖车站,輪極の歪竜 轮极之歪龙,,,,7,2,,a,d,4c,56,1
歪みの滅妖駅 歪曲的灭妖车站,輪極の黒蛭蛇 轮极之黑蛭蛇,,,,7,2,,10,12,4c,56,1
歪みの滅妖駅 歪曲的灭妖车站,輪極の黒蛭蛇 轮极之黑蛭蛇,,,,7,2,,c,a,4c,56,1
歪みの滅妖駅 歪曲的灭妖车站,輪極の蝕貝獣 轮极之蚀贝兽,,,,7,2,,7,a,4c,56,1
歪みの滅妖駅 歪曲的灭妖车站,歪魔ボゥンオロス 歪魔邦奥罗斯,1,,,7,2,26,1,a,4c,56,1
歪みの滅妖駅 歪曲的灭妖车站,歪魔ボゥンオロス 歪魔邦奥罗斯,1,,,7,2,27,13,d,4c,56,1
歪みの滅妖駅 歪曲的灭妖车站,歪魔ボゥンオロス 歪魔邦奥罗斯,,,,7,2,,3,13,4c,56,1
歪みの滅妖駅 歪曲的灭妖车站,歪魔ボゥンオロス 歪魔邦奥罗斯,,,,7,2,,3,14,4c,56,1
歪みの滅妖駅 歪曲的灭妖车站,歪魔ボゥンオロス 歪魔邦奥罗斯,,,,7,2,,a,e,4c,56,1
歪みの滅妖駅 歪曲的灭妖车站,歪魔ボゥンオロス 歪魔邦奥罗斯,,,,7,2,,b,e,4c,56,1
千足の魔神列車 千足的魔神列车,魔神ボティス中枢 魔神波蒂斯中枢,,,2,7,2,,f,17,4f,55,1
千足の魔神列車 千足的魔神列车,霊魔ヴォヴィア 灵魔沃维亚,,,,7,2,,4,b,4e,55,1
千足の魔神列車 千足的魔神列车,霊魔ヴォヴィア 灵魔沃维亚,,,,7,2,,a,4,4e,55,1
千足の魔神列車 千足的魔神列车,霊魔ヴォヴィア 灵魔沃维亚,1,,,7,2,22,a,d,4e,55,1
千足の魔神列車 千足的魔神列车,霊魔ヴォヴィア 灵魔沃维亚,,,,7,2,,f,6,4e,55,1
千足の魔神列車 千足的魔神列车,霊魔ヴォヴィア 灵魔沃维亚,,,,,2,,,,4e,55,1
千足の魔神列車 千足的魔神列车,輪極の魔掌 轮极之魔掌,,,,7,2,,9,15,4e,55,1
千足の魔神列車 千足的魔神列车,輪極の魔掌 轮极之魔掌,,,,7,2,,b,15,4e,55,1
千足の魔神列車 千足的魔神列车,輪極の魔掌 轮极之魔掌,,,,7,2,,3,d,4e,55,1
千足の魔神列車 千足的魔神列车,輪極の魔掌 轮极之魔掌,,,,7,2,,5,d,4e,55,1
千足の魔神列車 千足的魔神列车,輪極の魔掌 轮极之魔掌,,,,7,2,,11,3,4e,55,1
千足の魔神列車 千足的魔神列车,歪魔ボゥンオロス 歪魔邦奥罗斯,,,,7,2,,9,14,4e,55,1
千足の魔神列車 千足的魔神列车,歪魔ボゥンオロス 歪魔邦奥罗斯,,,,7,2,,b,14,4e,55,1
千足の魔神列車 千足的魔神列车,歪魔ボゥンオロス 歪魔邦奥罗斯,,,,7,2,,3,f,4e,55,1
千足の魔神列車 千足的魔神列车,歪魔ボゥンオロス 歪魔邦奥罗斯,1,,,7,2,21,b,d,4e,55,1
千足の魔神列車 千足的魔神列车,歪魔ボゥンオロス 歪魔邦奥罗斯,,,,7,2,,10,b,4e,55,1
千足の魔神列車 千足的魔神列车,歪魔ボゥンオロス 歪魔邦奥罗斯,,,,,2,,,,4e,55,1
千足の魔神列車 千足的魔神列车,輪極の蝕貝獣 轮极之蚀贝兽,,,,7,2,,3,14,4e,55,1
千足の魔神列車 千足的魔神列车,輪極の蝕貝獣 轮极之蚀贝兽,,,,7,2,,5,14,4e,55,1
千足の魔神列車 千足的魔神列车,輪極の蝕貝獣 轮极之蚀贝兽,,,,7,2,,4,13,4e,55,1
千足の魔神列車 千足的魔神列车,輪極の蝕貝獣 轮极之蚀贝兽,,,,7,2,,a,6,4e,55,1
千足の魔神列車 千足的魔神列车,輪極の蝕貝獣 轮极之蚀贝兽,,,,7,2,,11,c,4e,55,1
千足の魔神列車 千足的魔神列车,上級悪魔ゴゴナウア 上级恶魔戈戈纳乌阿,,,,7,2,,4,14,4e,55,1
千足の魔神列車 千足的魔神列车,上級悪魔ゴゴナウア 上级恶魔戈戈纳乌阿,,,,7,2,,a,14,4e,55,1
千足の魔神列車 千足的魔神列车,歪魔ボゥンオロス 歪魔邦奥罗斯,1,,,7,2,20,9,d,4e,55,1
鼓炎嘯 鼓炎啸,魔神べリアル 魔神贝莉阿尔,,,2,7,2,,b,b,52,55,1
鼓炎嘯 鼓炎啸,鼓炎嘯の鮫蝋 鼓炎啸之鲛蜡,,,2,7,2,,3,13,51,55,1
鼓炎嘯 鼓炎啸,鼓炎嘯の鴉蝋 鼓炎啸之鸦蜡,,,2,7,2,,13,3,51,55,1
鼓炎嘯 鼓炎啸,鼓炎嘯の龍蝋 鼓炎啸之龙蜡,,,2,7,2,,13,13,51,55,1
鼓炎嘯 鼓炎啸,歪魔ボゥンジギ 歪魔邦吉吉,1,,,7,2,b,a,15,50,55,1
鼓炎嘯 鼓炎啸,歪魔ボゥンジギ 歪魔邦吉吉,1,,,7,2,f,8,8,50,55,1
鼓炎嘯 鼓炎啸,歪魔ボゥンジギ 歪魔邦吉吉,1,,,7,2,12,e,e,50,55,1
鼓炎嘯 鼓炎啸,歪魔ボゥンジギ 歪魔邦吉吉,,,,7,2,,1,8,50,55,1
鼓炎嘯 鼓炎啸,歪魔ボゥンジギ 歪魔邦吉吉,,,,7,2,,2,f,50,55,1
鼓炎嘯 鼓炎啸,歪魔ボゥンジギ 歪魔邦吉吉,,,,7,2,,8,12,50,55,1
鼓炎嘯 鼓炎啸,歪魔ボゥンジギ 歪魔邦吉吉,,,,7,2,,15,7,50,55,1
鼓炎嘯 鼓炎啸,歪魔ボゥンジギ 歪魔邦吉吉,,,,7,2,,f,3,50,55,1
鼓炎嘯 鼓炎啸,輪極の蝕樹 轮极之蚀树,1,,,7,2,7,1,a,50,55,1
鼓炎嘯 鼓炎啸,輪極の蝕樹 轮极之蚀树,1,,,7,2,8,1,c,50,55,1
鼓炎嘯 鼓炎啸,輪極の蝕樹 轮极之蚀树,1,,,7,2,d,15,a,50,55,1
鼓炎嘯 鼓炎啸,輪極の蝕樹 轮极之蚀树,1,,,7,2,e,15,c,50,55,1
鼓炎嘯 鼓炎啸,霊魔ヴォヴィア 灵魔沃维亚,1,,,7,2,a,c,1,50,55,1
鼓炎嘯 鼓炎啸,霊魔ヴォヴィア 灵魔沃维亚,1,,,7,2,10,8,e,50,55,1
鼓炎嘯 鼓炎啸,霊魔ヴォヴィア 灵魔沃维亚,,,,7,2,,2,e,50,55,1
鼓炎嘯 鼓炎啸,霊魔ヴォヴィア 灵魔沃维亚,,,,7,2,,9,4,50,55,1
鼓炎嘯 鼓炎啸,歪魔ボゥンオロス 歪魔邦奥罗斯,1,,,7,2,9,a,1,50,55,1
鼓炎嘯 鼓炎啸,歪魔ボゥンオロス 歪魔邦奥罗斯,1,,,7,2,c,c,15,50,55,1
鼓炎嘯 鼓炎啸,歪魔ボゥンオロス 歪魔邦奥罗斯,1,,,7,2,11,e,8,50,55,1
鼓炎嘯 鼓炎啸,歪魔ボゥンオロス 歪魔邦奥罗斯,,,,7,2,,15,8,50,55,1
鼓炎嘯 鼓炎啸,歪魔ボゥンオロス 歪魔邦奥罗斯,,,,7,2,,f,13,50,55,1
絶天縁の座 绝天缘之座,フィア＝イブラム 菲亚-伊布拉姆,,1,2,7,2,,3,7,25,2f,1
絶天縁の座 绝天缘之座,堕ちた蒼の結騎 堕落的苍之结骑,,1,2,7,2,,2,6,24,2e,1
絶天縁の座 绝天缘之座,堕ちた炎の結騎 堕落的炎之结骑,,1,2,7,2,,4,6,24,2e,1
絶天縁の座 绝天缘之座,堕ちた旋の結騎 堕落的旋之结骑,,1,2,7,2,,2,8,24,2e,1
絶天縁の座 绝天缘之座,堕ちた脈の結騎 堕落的脉之结骑,,1,2,7,2,,4,8,24,2e,1
絶天縁の座 绝天缘之座,闇穿華兵 暗穿华兵,1,,,7,2,4,9,3,23,2d,1
絶天縁の座 绝天缘之座,狂ったウンディーネ 疯狂的温蒂妮,1,,,7,2,5,9,b,23,2d,1
絶天縁の座 绝天缘之座,イル＝レブルドル 伊尔-雷布尔多尔,,,,7,2,,a,d,23,2d,1
絶天縁の座 绝天缘之座,狂ったジルニー 疯狂的吉尔尼,,,,7,2,,d,1,23,2d,1
絶天縁の座 绝天缘之座,破裂飢狼 破裂饥狼,,,,7,2,,c,c,23,2d,1
絶天縁の座 绝天缘之座,悪しき精霊師 邪恶的精灵师,,,,7,2,,9,8,23,2d,1
絶天縁の座 绝天缘之座,狂える男 发狂的男人,,,,7,2,,a,6,23,2d,1
魔シキ封錬ノ塔茎 魔式封炼之塔茎,魔シキ封錬ノ匠 魔式封炼之匠,,,2,7,2,,e,6,26,30,1
魔シキ封錬ノ塔茎 魔式封炼之塔茎,絶怨ノ術師 绝怨之术师,,1,2,7,2,,9,6,25,2f,1
魔シキ封錬ノ塔茎 魔式封炼之塔茎,絶怨ノ皇子 绝怨之皇子,,1,2,7,2,,9,8,25,2f,1
魔シキ封錬ノ塔茎 魔式封炼之塔茎,悪しき精霊師 邪恶的精灵师,,,,7,2,,4,c,24,2e,1
魔シキ封錬ノ塔茎 魔式封炼之塔茎,闇穿華兵 暗穿华兵,,,,7,2,,b,d,24,2e,1
魔シキ封錬ノ塔茎 魔式封炼之塔茎,狂ったウンディーネ 疯狂的温蒂妮,,,,7,2,,3,d,24,2e,1
魔シキ封錬ノ塔茎 魔式封炼之塔茎,イル＝レブルドル 伊尔-雷布尔多尔,,,,7,2,,5,2,24,2e,1
魔シキ封錬ノ塔茎 魔式封炼之塔茎,狂ったジルニー 疯狂的吉尔尼,,,,7,2,,e,9,24,2e,1
魔シキ封錬ノ塔茎 魔式封炼之塔茎,堕心の腐弓兵 堕心之腐弓兵,,,,7,2,,4,1,24,2e,1
ルーン＝ラクスミウ 卢恩-拉克丝米乌,ルーン＝ラクスミウ 卢恩-拉克丝米乌,,1,2,7,2,,3,9,28,32,1
ルーン＝ラクスミウ 卢恩-拉克丝米乌,フィア＝イブラム 菲亚-伊布拉姆,,1,2,,2,,,,27,31,1
ルーン＝ラクスミウ 卢恩-拉克丝米乌,堕ちた蒼の結騎 堕落的苍之结骑,,1,2,,2,,,,26,30,1
ルーン＝ラクスミウ 卢恩-拉克丝米乌,堕ちた炎の結騎 堕落的炎之结骑,,1,2,,2,,,,26,30,1
ルーン＝ラクスミウ 卢恩-拉克丝米乌,堕ちた旋の結騎 堕落的旋之结骑,,1,2,,2,,,,26,30,1
ルーン＝ラクスミウ 卢恩-拉克丝米乌,堕ちた脈の結騎 堕落的脉之结骑,,1,2,,2,,,,26,30,1
ルーン＝ラクスミウ 卢恩-拉克丝米乌,フェルルースピリト 费尔鲁斯皮里托,,,,7,2,,b,10,25,2f,1
ルーン＝ラクスミウ 卢恩-拉克丝米乌,センタルア・イブ 森塔尔亚·伊布,,,,7,2,,c,9,25,2f,1
ルーン＝ラクスミウ 卢恩-拉克丝米乌,トレトメイデン 特雷特少女,,,,7,2,,14,11,25,2f,1
ルーン＝ラクスミウ 卢恩-拉克丝米乌,イル＝レブルドル 伊尔-雷布尔多尔,1,,,7,2,10,e,6,25,2f,1
ルーン＝ラクスミウ 卢恩-拉克丝米乌,フェルルースピリト 费尔鲁斯皮里托,1,,,7,2,11,e,c,25,2f,1
ルーン＝ラクスミウ 卢恩-拉克丝米乌,フェルルースピリト 费尔鲁斯皮里托,1,,,7,2,12,12,6,25,2f,1
ルーン＝ラクスミウ 卢恩-拉克丝米乌,フェルルースピリト 费尔鲁斯皮里托,1,,,7,2,13,12,c,25,2f,1
ルーン＝ラクスミウ 卢恩-拉克丝米乌,破裂飢狼 破裂饥狼,1,,,7,2,10,e,6,25,2f,1
ルーン＝ラクスミウ 卢恩-拉克丝米乌,センタルア・イブ 森塔尔亚·伊布,1,,,7,2,11,e,c,25,2f,1
ルーン＝ラクスミウ 卢恩-拉克丝米乌,破裂飢狼 破裂饥狼,1,,,7,2,12,12,6,25,2f,1
ルーン＝ラクスミウ 卢恩-拉克丝米乌,センタルア・イブ 森塔尔亚·伊布,1,,,7,2,13,12,c,25,2f,1
ルーン＝ラクスミウ 卢恩-拉克丝米乌,狂ったジルニー 疯狂的吉尔尼,1,,,7,2,10,e,6,25,2f,1
ルーン＝ラクスミウ 卢恩-拉克丝米乌,イル＝レブルドル 伊尔-雷布尔多尔,1,,,7,2,11,e,c,25,2f,1
ルーン＝ラクスミウ 卢恩-拉克丝米乌,狂ったジルニー 疯狂的吉尔尼,1,,,7,2,12,12,6,25,2f,1
ルーン＝ラクスミウ 卢恩-拉克丝米乌,トレトメイデン 特雷特少女,1,,,7,2,13,12,c,25,2f,1
ルーン＝ラクスミウ 卢恩-拉克丝米乌,フェルルースピリト 费尔鲁斯皮里托,,,,7,2,,d,6,25,2f,1
ルーン＝ラクスミウ 卢恩-拉克丝米乌,イル＝レブルドル 伊尔-雷布尔多尔,,,,7,2,,d,7,25,2f,1
ルーン＝ラクスミウ 卢恩-拉克丝米乌,破裂飢狼 破裂饥狼,,,,7,2,,d,b,25,2f,1
ルーン＝ラクスミウ 卢恩-拉克丝米乌,フェルルースピリト 费尔鲁斯皮里托,,,,7,2,,d,c,25,2f,1
ルーン＝ラクスミウ 卢恩-拉克丝米乌,フェルルースピリト 费尔鲁斯皮里托,,,,7,2,,15,11,25,2f,1
ルーン＝ラクスミウ 卢恩-拉克丝米乌,魔シキ封錬ノ匠 魔式封炼之匠,,,,7,2,,9,9,25,2f,1
ルーン＝ラクスミウ 卢恩-拉克丝米乌,魔シキ封錬ノ匠 魔式封炼之匠,,,,7,2,,12,7,25,2f,1
ヴィネヘデス遺跡 维内赫德斯遗迹,魔シキ一族ノ害妃 魔式一族的祸妃,,,2,7,2,,2,2,21,2b,1
ヴィネヘデス遺跡 维内赫德斯遗迹,剛像ヴァルガルム 刚像瓦尔加尔姆,,,,7,2,,7,7,20,2a,1
ヴィネヘデス遺跡 维内赫德斯遗迹,剛像ヴァルガルム 刚像瓦尔加尔姆,,,,7,2,,9,7,20,2a,1
ヴィネヘデス遺跡 维内赫德斯遗迹,剛像ヴァルガルム 刚像瓦尔加尔姆,,,,7,2,,b,7,20,2a,1
ヴィネヘデス遺跡 维内赫德斯遗迹,狂える男 发狂的男人,,,,7,2,,3,e,20,2a,1
ヴィネヘデス遺跡 维内赫德斯遗迹,魔導銃を持つ男 持魔导枪的男人,,,,7,2,,1,e,20,2a,1
ヴィネヘデス遺跡 维内赫德斯遗迹,水棲獣ピュネス 水栖兽皮内斯,,,,7,2,,5,6,20,2a,1
ヴィネヘデス遺跡 维内赫德斯遗迹,水棲獣ピュネス 水栖兽皮内斯,,,,7,2,,c,1,20,2a,1
ヴィネヘデス遺跡 维内赫德斯遗迹,ストームドラゴン 风暴龙,,,,7,2,,9,6,20,2a,1
ヴィネヘデス遺跡 维内赫德斯遗迹,破裂飢狼 破裂饥狼,,,,7,2,,2,b,20,2a,1
ヴィネヘデス遺跡 维内赫德斯遗迹,悪しき精霊師 邪恶的精灵师,,,,7,2,,5,b,20,2a,1
ヴィネヘデス遺跡 维内赫德斯遗迹,狂ったウンディーネ 疯狂的温蒂妮,,,,7,2,,3,b,20,2a,1
ヴィネヘデス遺跡 维内赫德斯遗迹,水棲獣ピュネス 水栖兽皮内斯,,,,7,2,,6,c,20,2a,1
ヴィネヘデス遺跡 维内赫德斯遗迹,角蜥蜴リザミロドン 角蜥蜴利扎米罗顿,,,,7,2,,a,2,20,2a,1
ヴィネヘデス遺跡 维内赫德斯遗迹,凶悪な捕食箱 凶恶的捕食箱,,,,7,2,,8,a,20,2a,1
ヴィネヘデス遺跡 维内赫德斯遗迹,水棲獣ピュネス 水栖兽皮内斯,,,,7,2,,1,1,20,2a,1
ヴィネヘデス遺跡 维内赫德斯遗迹,剛像ヴァルガルム 刚像瓦尔加尔姆,,,,7,2,,3,1,20,2a,1
ヴィネヘデス遺跡 维内赫德斯遗迹,狂ったジルニー 疯狂的吉尔尼,,,,7,2,,2,1,20,2a,1
ヴィネヘデス遺跡 维内赫德斯遗迹,ストームドラゴン 风暴龙,,,,7,2,,b,5,20,2a,1
ヴィネヘデス遺跡 维内赫德斯遗迹,水棲獣ピュネス 水栖兽皮内斯,,,,7,2,,3,6,20,2a,1
封錬ノ城 封炼之城,水棲獣ピュネス 水栖兽皮内斯,,,,7,2,,9,1,21,2b,1
封錬ノ城 封炼之城,グレーターデーモン 大恶魔,,,,7,2,,c,5,21,2b,1
封錬ノ城 封炼之城,堕心の腐弓兵 堕心之腐弓兵,,,,7,2,,6,d,21,2b,1
封錬ノ城 封炼之城,ストーンゴーレム 石魔像,,,,7,2,,c,d,21,2b,1
封錬ノ城 封炼之城,エーグ狩猟種 埃古狩猎种,,,,7,2,,8,9,21,2b,1
封錬ノ城 封炼之城,剛像ヴァルガルム 刚像瓦尔加尔姆,,,,7,2,,4,8,21,2b,1
封錬ノ城 封炼之城,狩猟骸骨 狩猎骸骨,,,,7,2,,7,f,21,2b,1
封錬ノ城 封炼之城,トレトメイデン 特雷特少女,,,,7,2,,a,4,21,2b,1
封錬ノ城 封炼之城,悪しき精霊師 邪恶的精灵师,,,,7,2,,4,10,21,2b,1
封錬ノ城 封炼之城,魔導銃を持つ男 持魔导枪的男人,,,,7,2,,2,d,21,2b,1
封錬ノ城 封炼之城,凶悪な捕食箱 凶恶的捕食箱,,,4,7,2,,1,8,21,2b,1
封錬ノ大祭壇 封炼之大祭坛,封錬後継者ガイダル 封炼后继者盖达鲁,,,2,7,2,,3,4,23,2d,1
封錬ノ大祭壇 封炼之大祭坛,堕心の腐弓兵 堕心之腐弓兵,,,2,7,2,,6,2,22,2c,1
封錬ノ大祭壇 封炼之大祭坛,狩猟骸骨 狩猎骸骨,,,,7,2,,a,6,22,2c,1
封錬ノ大祭壇 封炼之大祭坛,堕心の腐弓兵 堕心之腐弓兵,,,2,7,2,,6,6,22,2c,1
封錬ノ大祭壇 封炼之大祭坛,水棲獣ピュネス 水栖兽皮内斯,,,,7,2,,7,9,22,2c,1
封錬ノ大祭壇 封炼之大祭坛,狩猟骸骨 狩猎骸骨,,,,7,2,,b,a,22,2c,1
封錬ノ大祭壇 封炼之大祭坛,破裂飢狼 破裂饥狼,,,,7,2,,6,4,22,2c,1
封錬ノ大祭壇 封炼之大祭坛,グレーターデーモン 大恶魔,,,,7,2,,b,4,22,2c,1
封錬ノ大祭壇 封炼之大祭坛,狩猟骸骨 狩猎骸骨,1,,,7,2,21,2,3,22,2c,1
封錬ノ大祭壇 封炼之大祭坛,狩猟骸骨 狩猎骸骨,1,,,7,2,22,2,5,22,2c,1
瀑布の川 瀑布之川,木精ニルユイチリ 木精尼尔由伊奇利,,,,7,2,,c,2,23,2d,1
瀑布の川 瀑布之川,木精ネミルユイチリ 木精内米尔由伊奇利,,,,7,2,,b,1,23,2d,1
瀑布の川 瀑布之川,木精ネミルユイチリ 木精内米尔由伊奇利,,,,7,2,,b,3,23,2d,1
瀑布の川 瀑布之川,木精ネミルユイチリ 木精内米尔由伊奇利,,,,7,2,,a,b,23,2d,1
瀑布の川 瀑布之川,ラヴェニゥス 拉维纽斯,1,,,7,2,6,9,3,23,2c,1
瀑布の川 瀑布之川,ラヴェニゥス 拉维纽斯,,,,7,2,,7,5,23,2c,1
瀑布の川 瀑布之川,ラヴェニゥス 拉维纽斯,,,,7,2,,8,1,23,2c,1
瀑布の川 瀑布之川,ラヴェニゥス 拉维纽斯,,,,7,2,,4,7,23,2c,1
瀑布の川 瀑布之川,ラヴェニゥス 拉维纽斯,,,,7,2,,4,8,23,2c,1
瀑布の川 瀑布之川,ラヴェニゥス 拉维纽斯,,,,7,2,,4,9,23,2c,1
瀑布の川 瀑布之川,貝獣アンキロセラス 贝兽安基洛塞拉斯,1,,,7,2,4,7,11,23,2c,1
瀑布の川 瀑布之川,貝獣アンキロセラス 贝兽安基洛塞拉斯,,,,7,2,,c,10,23,2c,1
瀑布の川 瀑布之川,水棲獣ピュネス 水栖兽皮内斯,1,,,7,2,8,b,14,23,2c,1
瀑布の川 瀑布之川,水棲獣ピュネス 水栖兽皮内斯,1,,,7,2,5,a,11,23,2c,1
瀑布の川 瀑布之川,水精ウンディーネ 水精温蒂妮,1,,,7,2,7,6,13,23,2c,1
瀑布の川 瀑布之川,ストームドラゴン 风暴龙,,,,7,2,,6,c,23,2c,1
瀑布の川 瀑布之川,ストームドラゴン 风暴龙,,,,7,2,,5,6,23,2c,1
瀑布の川 瀑布之川,木精ネミルユイチリ 木精内米尔由伊奇利,,,,7,2,,4,a,23,2c,1
蒼涙の洞窟 苍泪洞窟,水雪ベコガノ 水雪贝科加诺,1,,,7,2,3,c,6,23,2d,1
蒼涙の洞窟 苍泪洞窟,水雪ベコガノ 水雪贝科加诺,,,,7,2,,6,c,23,2d,1
蒼涙の洞窟 苍泪洞窟,水棲獣ピュネス 水栖兽皮内斯,,,,7,2,,6,1,23,2d,1
蒼涙の洞窟 苍泪洞窟,這竜リムドラギル 爬龙利姆德拉吉尔,,,,7,2,,1,c,23,2d,1
蒼涙の洞窟 苍泪洞窟,貝獣アンキロセラス 贝兽安基洛塞拉斯,,,,7,2,,7,a,23,2d,1
蒼涙の洞窟 苍泪洞窟,鎚使霊 锤使灵,,,,7,2,,8,2,23,2d,1
蒼涙の洞窟 苍泪洞窟,大天使ゴスハザ 大天使戈斯哈扎,,,,7,2,,7,6,23,2d,1
蒼涙の洞窟 苍泪洞窟,籠魅魔霊 笼魅魔灵,1,,,7,2,4,1,f,23,2d,1
蒼涙の洞窟 苍泪洞窟,籠魅魔霊 笼魅魔灵,,,,7,2,,b,10,23,2d,1
蒼涙の洞窟 苍泪洞窟,大天使ゴスハザ 大天使戈斯哈扎,,,,7,2,,c,f,23,2d,1
蒼涙の洞窟 苍泪洞窟,希少な捕食箱 稀有的捕食箱,,,4,7,2,,c,d,23,2d,1
蒼涙の洞窟 苍泪洞窟,貝獣アンキロセラス 贝兽安基洛塞拉斯,1,,,7,2,27,8,f,23,2d,1
蒼涙の洞窟 苍泪洞窟,水雪ベコガノ 水雪贝科加诺,,,,7,2,,7,f,23,2d,1
蒼涙の洞窟 苍泪洞窟,水雪ベコガノ 水雪贝科加诺,,,,7,2,,6,10,23,2d,1
蒼涙の洞窟 苍泪洞窟,籠魅魔霊 笼魅魔灵,,,,7,2,,7,10,23,2d,1
荒廃した聖地 荒废的圣地,先史遺物改修機 先史遗物改修机,,,2,7,2,,2,3,25,2f,1
荒廃した聖地 荒废的圣地,砂塵ノセイフクシャ 砂尘之征服者,1,,,7,2,c,5,a,24,2e,1
荒廃した聖地 荒废的圣地,砂塵ノセイフクシャ 砂尘之征服者,,,,7,2,,6,c,24,2e,1
荒廃した聖地 荒废的圣地,砂塵ノセイフクシャ 砂尘之征服者,,,,7,2,,8,a,24,2e,1
荒廃した聖地 荒废的圣地,砂塵ノセイフクシャ 砂尘之征服者,,,,7,2,,3,8,24,2e,1
荒廃した聖地 荒废的圣地,狩猟骸骨 狩猎骸骨,1,,,7,2,d,c,8,24,2e,1
荒廃した聖地 荒废的圣地,狩猟骸骨 狩猎骸骨,,,,7,2,,f,9,24,2e,1
荒廃した聖地 荒废的圣地,封錬機フォトノル 封炼机佛托诺尔,,,,7,2,,a,1,24,2e,1
荒廃した聖地 荒废的圣地,封錬機フォトノル 封炼机佛托诺尔,,,,7,2,,13,7,24,2e,1
荒廃した聖地 荒废的圣地,封錬の石巨人 封炼的石巨人,,,,7,2,,c,3,24,2e,1
荒廃した聖地 荒废的圣地,封錬の石巨人 封炼的石巨人,,,,7,2,,12,b,24,2e,1
荒廃した聖地 荒废的圣地,センタルア・イブ 森塔尔亚·伊布,,,,7,2,,f,13,24,2e,1
荒廃した聖地 荒废的圣地,センタルア・イブ 森塔尔亚·伊布,,,,7,2,,14,e,24,2e,1
荒廃した聖地 荒废的圣地,狩猟骸骨 狩猎骸骨,,,,7,2,,5,a,24,2e,1
荒廃した聖地 荒废的圣地,砂塵ノセイフクシャ 砂尘之征服者,,,,7,2,,c,8,24,2e,1
荒廃した聖地 荒废的圣地,封錬の石巨人 封炼的石巨人,1,,,7,2,23,f,5,24,2e,1
封錬廠廊 封炼厂廊,先史遺物改修機 先史遗物改修机,,,4,7,2,,6,13,26,30,1
封錬廠廊 封炼厂廊,封錬機フォトノル 封炼机佛托诺尔,,,,7,2,,4,d,25,2f,1
封錬廠廊 封炼厂廊,霞廊の雷蛇 霞廊的雷蛇,,,,7,2,,1,3,25,2f,1
封錬廠廊 封炼厂廊,霞廊の雷蛇 霞廊的雷蛇,,,,7,2,,a,f,25,2f,1
封錬廠廊 封炼厂廊,砂塵ノセイフクシャ 砂尘之征服者,,,,7,2,,2,14,25,2f,1
封錬廠廊 封炼厂廊,水棲獣ピュネス 水栖兽皮内斯,,,,7,2,,6,7,25,2f,1
封錬廠廊 封炼厂廊,水棲獣ピュネス 水栖兽皮内斯,,,,7,2,,2,f,25,2f,1
封錬廠廊 封炼厂廊,封錬の石巨人 封炼的石巨人,,,,7,2,,9,13,25,2f,1
封錬廠廊 封炼厂廊,捕食箱,,,4,7,2,,2,b,25,2f,1
封錬廠廊 封炼厂廊,凶悪な捕食箱 凶恶的捕食箱,,,4,7,2,,9,b,25,2f,1
水焚の卿杜 水焚之卿杜,魔獣ギガデルピュネ 魔兽吉加德尔皮内,,,4,7,2,,a,b,28,32,1
水焚の卿杜 水焚之卿杜,連鎖の骸骨 连锁的骸骨,1,,,7,2,22,14,4,27,31,1
水焚の卿杜 水焚之卿杜,連鎖の骸骨 连锁的骸骨,,,,7,2,,f,7,27,31,1
水焚の卿杜 水焚之卿杜,連鎖の骸骨 连锁的骸骨,,,,7,2,,8,1,27,31,1
水焚の卿杜 水焚之卿杜,水棲獣ピュネス 水栖兽皮内斯,,,,7,2,,b,1,27,31,1
水焚の卿杜 水焚之卿杜,水棲獣ピュネス 水栖兽皮内斯,,,,7,2,,e,9,27,31,1
水焚の卿杜 水焚之卿杜,封錬機フォトノル 封炼机佛托诺尔,,,,7,2,,9,5,27,31,1
水焚の卿杜 水焚之卿杜,グレーターデーモン 大恶魔,,,,7,2,,12,5,27,31,1
水焚の卿杜 水焚之卿杜,霞廊の雷蛇 霞廊的雷蛇,,,,7,2,,11,d,27,31,1
水焚の卿杜 水焚之卿杜,センタルア・イブ 森塔尔亚·伊布,,,,7,2,,d,3,27,31,1
水焚の卿杜 水焚之卿杜,封錬の石巨人 封炼的石巨人,,,,7,2,,15,7,27,31,1
水焚の卿杜 水焚之卿杜,グロウハルピュア 格洛哈尔皮亚,,,,7,2,,15,d,27,31,1
水焚の卿杜 水焚之卿杜,グロウハルピュア 格洛哈尔皮亚,,,,7,2,,13,7,27,31,1
水焚の卿杜 水焚之卿杜,魔獣デルピュネ 魔兽德尔皮内,,,,7,2,,13,b,27,31,1
水焚の卿杜 水焚之卿杜,魔獣デルピュネ 魔兽德尔皮内,,,,7,2,,15,b,27,31,1
レザァリグラ柱廊 雷扎里格拉柱廊,火炎彫像 火焰雕像,,,,7,2,,e,6,28,32,1
レザァリグラ柱廊 雷扎里格拉柱廊,火炎彫像 火焰雕像,,,,7,2,,13,6,28,32,1
レザァリグラ柱廊 雷扎里格拉柱廊,火炎彫像 火焰雕像,,,,7,2,,a,1,28,32,1
レザァリグラ柱廊 雷扎里格拉柱廊,連鎖の骸骨 连锁的骸骨,,,,7,2,,a,d,28,32,1
レザァリグラ柱廊 雷扎里格拉柱廊,闇穿華兵 暗穿华兵,,,,7,2,,f,4,28,32,1
レザァリグラ柱廊 雷扎里格拉柱廊,封錬の石巨人 封炼的石巨人,,,,7,2,,10,8,28,32,1
レザァリグラ柱廊 雷扎里格拉柱廊,幻獣ダルクヒドラ 幻兽达尔库希德拉,,,,7,2,,6,1,28,32,1
レザァリグラ柱廊 雷扎里格拉柱廊,グレーターデーモン 大恶魔,,,,7,2,,12,d,28,32,1
レザァリグラ柱廊 雷扎里格拉柱廊,トレトメイデン 特雷特少女,,,,7,2,,e,c,28,32,1
レザァリグラ柱廊 雷扎里格拉柱廊,角蜥蜴ワミロドン 角蜥蜴瓦米罗顿,,,,7,2,,6,6,28,32,1
レザァリグラ柱廊 雷扎里格拉柱廊,角蜥蜴ワミロドン 角蜥蜴瓦米罗顿,,,,7,2,,13,3,28,32,1
輝封廟門 辉封庙门,錬機工プラナミルス 炼机工普拉纳米尔斯,,1,2,,2,,,,2a,34,1
輝封廟門 辉封庙门,楯使霊 盾使灵,1,,,7,2,9,11,2,29,33,1
輝封廟門 辉封庙门,使縛の封錬機 使缚之封炼机,1,,,7,2,a,11,16,29,33,1
輝封廟門 辉封庙门,使縛の封錬機 使缚之封炼机,,,,7,2,,12,15,29,33,1
輝封廟門 辉封庙门,使縛の封錬機 使缚之封炼机,,,,7,2,,12,17,29,33,1
輝封廟門 辉封庙门,使縛の封錬機 使缚之封炼机,,,,7,2,,d,12,29,33,1
輝封廟門 辉封庙门,使縛の封錬機 使缚之封炼机,,,2,,2,,,,29,33,1
輝封廟門 辉封庙门,使縛の封錬機 使缚之封炼机,,,2,,2,,,,29,33,1
輝封廟門 辉封庙门,鎚使霊 锤使灵,,,,7,2,,d,7,29,33,1
輝封廟門 辉封庙门,楯使霊 盾使灵,,,,7,2,,12,1,29,33,1
輝封廟門 辉封庙门,楯使霊 盾使灵,,,,7,2,,12,3,29,33,1
輝封廟門 辉封庙门,癒使霊 愈使灵,,,2,,2,,,,29,33,1
輝封廟門 辉封庙门,癒使霊 愈使灵,,,2,,2,,,,29,33,1
輝封廟門 辉封庙门,癒使霊 愈使灵,,,,7,2,,9,5,29,33,1
輝封廟門 辉封庙门,癒使霊 愈使灵,,,,7,2,,8,13,29,33,1
輝封廟門 辉封庙门,癒使霊 愈使灵,,,,7,2,,8,1,29,33,1
輝封廟門 辉封庙门,封錬機フォトノル 封炼机佛托诺尔,,,,7,2,,a,2,29,33,1
輝封廟門 辉封庙门,封錬機フォトノル 封炼机佛托诺尔,,,,7,2,,a,16,29,33,1
輝封廟門 辉封庙门,ソルガッシュ封錬改 索尔加修封炼改,,,,7,2,,2,15,29,33,1
輝封廟門 辉封庙门,捕食箱,,,4,7,2,,5,9,29,33,1
輝封廟門 辉封庙门,凶悪な捕食箱 凶恶的捕食箱,,,4,7,2,,b,f,29,33,1
輝封廟門 辉封庙门,誘う捕食箱 引诱的捕食箱,,,4,7,2,,7,8,29,33,1
輝封廟門 辉封庙门,希少な捕食箱 稀有的捕食箱,,,4,7,2,,1,14,29,33,1
神々の古戦場 诸神的古战场,破裂飢狼 破裂饥狼,1,,,7,2,5,8,1,2a,34,1
神々の古戦場 诸神的古战场,破裂飢狼 破裂饥狼,1,,,7,2,a,8,f,2a,34,1
神々の古戦場 诸神的古战场,魔壁霊 魔壁灵,1,,,7,2,6,a,1,2a,34,1
神々の古戦場 诸神的古战场,魔壁霊 魔壁灵,1,,,7,2,b,a,f,2a,34,1
神々の古戦場 诸神的古战场,砂塵ノセイフクシャ 砂尘之征服者,1,,,7,2,7,7,7,2a,34,1
神々の古戦場 诸神的古战场,連鎖の骸骨 连锁的骸骨,1,,,7,2,8,b,6,2a,34,1
神々の古戦場 诸神的古战场,封錬機フォトノル 封炼机佛托诺尔,1,,,7,2,9,8,b,2a,34,1
神々の古戦場 诸神的古战场,エーグ呪霊種 埃古咒灵种,,,,7,2,,8,9,2a,34,1
神々の古戦場 诸神的古战场,這竜リムドラギル 爬龙利姆德拉吉尔,,,,7,2,,a,8,2a,34,1
神々の古戦場 诸神的古战场,封錬の石巨人 封炼的石巨人,,,,7,2,,b,a,2a,34,1
神々の古戦場 诸神的古战场,体格の良い男 体格健壮的男人,,,2,7,3,,3,a,2a,34,1
神々の古戦場 诸神的古战场,若い娘 年轻姑娘,,,2,7,3,,4,a,2a,34,1
神々の古戦場 诸神的古战场,若い娘 年轻姑娘,,,2,7,3,,4,9,2a,34,1
ミストメリラクーナ 米斯特梅利拉库娜,漆縁呪封師ガイダル 漆缘咒封师盖达鲁,,,2,7,2,,2,2,2c,36,1
ミストメリラクーナ 米斯特梅利拉库娜,悪しき精霊師 邪恶的精灵师,,,,7,2,,c,1,2b,35,1
ミストメリラクーナ 米斯特梅利拉库娜,エーグ呪霊種 埃古咒灵种,,,,7,2,,8,2,2b,35,1
ミストメリラクーナ 米斯特梅利拉库娜,地の大魔術師 地之大魔术师,,,,7,2,,10,7,2b,35,1
ミストメリラクーナ 米斯特梅利拉库娜,水の大魔術師 水之大魔术师,,,,7,2,,11,8,2b,35,1
ミストメリラクーナ 米斯特梅利拉库娜,火の大魔術師 火之大魔术师,,,,7,2,,d,b,2b,35,1
ミストメリラクーナ 米斯特梅利拉库娜,風の大魔術師 风之大魔术师,,,,7,2,,e,a,2b,35,1
ミストメリラクーナ 米斯特梅利拉库娜,悪しき精霊師 邪恶的精灵师,,,,7,2,,10,1,2b,35,1
ミストメリラクーナ 米斯特梅利拉库娜,堕心の腐弓兵 堕心之腐弓兵,,,,7,2,,7,f,2b,35,1
ミストメリラクーナ 米斯特梅利拉库娜,使縛の封錬機 使缚之封炼机,,,,7,2,,b,1,2b,35,1
ミストメリラクーナ 米斯特梅利拉库娜,封錬鋼監 封炼钢监,,,,7,2,,a,5,2b,35,1
ミストメリラクーナ 米斯特梅利拉库娜,ソルガッシュ封錬改 索尔加修封炼改,,,,7,2,,d,5,2b,35,1
ミストメリラクーナ 米斯特梅利拉库娜,鎚使霊 锤使灵,,,,7,2,,4,5,2b,35,1
ミストメリラクーナ 米斯特梅利拉库娜,癒使霊 愈使灵,,,,7,2,,1,11,2b,35,1
破炎浄化の城 破炎净化之城,悪しき精霊師 邪恶的精灵师,,,,7,2,,2,2,21,2b,1
破炎浄化の城 破炎净化之城,悪しき精霊師 邪恶的精灵师,,,,7,2,,2,c,21,2b,1
破炎浄化の城 破炎净化之城,悪しき精霊師 邪恶的精灵师,,,,7,2,,c,2,21,2b,1
破炎浄化の城 破炎净化之城,悪しき精霊師 邪恶的精灵师,,,,7,2,,c,c,21,2b,1
破炎浄化の城 破炎净化之城,堕心の群れ 堕心之群,1,,,7,2,11,5,c,21,2b,1
破炎浄化の城 破炎净化之城,堕心の群れ 堕心之群,,,,7,2,,a,4,21,2b,1
破炎浄化の城 破炎净化之城,堕心の腐弓兵 堕心之腐弓兵,,,,7,2,,6,d,21,2b,1
破炎浄化の城 破炎净化之城,堕心の腐弓兵 堕心之腐弓兵,1,,,7,2,f,c,5,21,2b,1
破炎浄化の城 破炎净化之城,狂える男 发狂的男人,,,,7,2,,9,2,21,2b,1
破炎浄化の城 破炎净化之城,エーグ狩猟種 埃古狩猎种,,,,7,2,,a,8,21,2b,1
破炎浄化の城 破炎净化之城,獣人工作兵 兽人工兵,1,,,7,2,10,b,9,21,2b,1
破炎浄化の城 破炎净化之城,魔法砦,,,,7,2,,4,4,21,2b,1
破炎浄化の城 破炎净化之城,魔法砦,,,,7,2,,a,a,21,2b,1
破炎浄化の城 破炎净化之城,破裂飢狼 破裂饥狼,1,,,7,2,12,6,1,21,2b,1
追憶の広場 追忆的广场,城砦管理者ガイダル 城砦管理者盖达鲁,,,2,7,2,,11,f,23,2d,1
追憶の広場 追忆的广场,狂える男 发狂的男人,,,,7,2,,10,1,22,2c,1
追憶の広場 追忆的广场,魔導銃を持つ男 持魔导枪的男人,,,,7,2,,9,f,22,2c,1
追憶の広場 追忆的广场,魔導銃を持つ男 持魔导枪的男人,,,,7,2,,2,b,22,2c,1
追憶の広場 追忆的广场,魔導銃を持つ男 持魔导枪的男人,,,,7,2,,12,1,22,2c,1
追憶の広場 追忆的广场,堕心の腐弓兵 堕心之腐弓兵,,,,7,2,,4,7,22,2c,1
追憶の広場 追忆的广场,破裂飢狼 破裂饥狼,1,,,7,2,19,7,3,22,2c,1
追憶の広場 追忆的广场,イル＝レブルドル 伊尔-雷布尔多尔,1,,,7,2,1a,7,7,22,2c,1
追憶の広場 追忆的广场,闇穿華兵 暗穿华兵,,,,7,2,,2,c,22,2c,1
追憶の広場 追忆的广场,悪しき精霊師 邪恶的精灵师,,,,7,2,,8,6,22,2c,1
追憶の広場 追忆的广场,グレーターデーモン 大恶魔,,,,7,2,,b,4,22,2c,1
追憶の広場 追忆的广场,エーグ狩猟種 埃古狩猎种,,,,7,2,,d,6,22,2c,1
追憶の広場 追忆的广场,魔法砦,,,,7,2,,1,b,22,2c,1
追憶の広場 追忆的广场,魔法砦,,,,7,2,,9,10,22,2c,1
追憶の広場 追忆的广场,魔法砦,,,,7,2,,a,1,22,2c,1
追憶の広場 追忆的广场,若い娘 年轻姑娘,,,,7,3,,1,10,22,2c,1
追憶の広場 追忆的广场,若い娘 年轻姑娘,,,,7,3,,2,10,22,2c,1
追憶の広場 追忆的广场,若い娘 年轻姑娘,,,,7,3,,4,10,22,2c,1
追憶の広場 追忆的广场,体格の良い男 体格健壮的男人,,,,7,3,,11,5,22,2c,1
追憶の広場 追忆的广场,体格の良い男 体格健壮的男人,,,,7,3,,12,5,22,2c,1
城砦跡地 城砦遗迹地,雷蝶,,,,7,,,2,5,5,f,1
城砦跡地 城砦遗迹地,雷蝶,,,,7,,,6,7,5,f,1
城砦跡地 城砦遗迹地,雷蝶,,,,7,,,4,5,5,f,1
城砦跡地 城砦遗迹地,牙コウモリ 牙蝙蝠,,,,7,,,8,4,5,f,1
城砦跡地 城砦遗迹地,牙コウモリ 牙蝙蝠,,,,7,,,7,5,5,f,1
夜の広場１ 夜之广场１,吸魂霊 吸魂灵,1,,,7,2,3,1,1,16,20,1
夜の広場１ 夜之广场１,吸魂霊 吸魂灵,1,,,7,2,4,3,1,16,20,1
夜の広場１ 夜之广场１,吸魂霊 吸魂灵,,,,7,2,,7,1,16,20,1
夜の広場１ 夜之广场１,吸魂霊 吸魂灵,,,,7,2,,1,5,16,20,1
夜の広場１ 夜之广场１,吸魂霊 吸魂灵,,,,7,2,,5,1,16,20,1
夜の広場１ 夜之广场１,吸魂霊 吸魂灵,,,,7,2,,5,9,16,20,1
夜の広場１ 夜之广场１,吸魂霊 吸魂灵,,,,7,2,,9,5,16,20,1
夜の広場１ 夜之广场１,吸魂霊 吸魂灵,,,,7,2,,2,8,16,20,1
夜の広場１ 夜之广场１,動く家具 会动的家具,,,,7,2,,4,9,16,20,1
夜の広場１ 夜之广场１,動く家具 会动的家具,,,,7,2,,1,7,16,20,1
夜の広場１ 夜之广场１,動く家具 会动的家具,,,,7,2,,6,1,16,20,1
夜の広場２ 夜之广场２,死魂霊 死魂灵,1,,,7,2,3,1,1,16,20,1
夜の広場２ 夜之广场２,死魂霊 死魂灵,,,,7,2,,5,1,16,20,1
夜の広場２ 夜之广场２,死魂霊 死魂灵,1,,,7,2,6,9,9,16,20,1
夜の広場２ 夜之广场２,死魂霊 死魂灵,1,,,7,2,7,8,2,16,20,1
夜の広場２ 夜之广场２,死魂霊 死魂灵,,,,7,2,,1,5,16,20,1
夜の広場２ 夜之广场２,死魂霊 死魂灵,,,,7,2,,9,5,16,20,1
夜の広場２ 夜之广场２,動く家具 会动的家具,,,,7,2,,1,9,16,20,1
夜の広場２ 夜之广场２,動く家具 会动的家具,,,,7,2,,1,7,16,20,1
夜の広場２ 夜之广场２,動く家具 会动的家具,,,,7,2,,9,2,16,20,1
夜の広場２ 夜之广场２,毒噴飛鼠 毒喷飞鼠,1,,,7,2,8,2,8,16,20,1
夜の広場３ 夜之广场３,死魂霊 死魂灵,1,,,7,2,7,8,2,16,20,1
夜の広場３ 夜之广场３,死魂霊 死魂灵,1,,,7,2,9,2,1,16,20,1
夜の広場３ 夜之广场３,死魂霊 死魂灵,1,,,7,2,a,8,9,16,20,1
夜の広場３ 夜之广场３,死魂霊 死魂灵,1,,,7,2,8,2,8,16,20,1
夜の裏路地 夜之小巷,外套を纏った暗殺者 身披外套的暗杀者,,,2,7,2,,3,1,a,14,1
夜の裏路地 夜之小巷,牙コウモリ 牙蝙蝠,,,2,7,,,1,12,8,12,1
夜の裏路地 夜之小巷,牙コウモリ 牙蝙蝠,,,2,7,,,6,11,8,12,1
城砦野営地付近 城砦野营地附近,女騎士キスニル 女骑士姬斯尼尔,,,2,7,2,,4,c,d,17,1
城砦野営地付近 城砦野营地附近,インフルース騎士 因夫鲁斯骑士,,,2,7,2,,3,b,8,12,1
城砦野営地付近 城砦野营地附近,インフルース騎士 因夫鲁斯骑士,,,2,7,2,,5,b,8,12,1
城砦野営地付近 城砦野营地附近,インフルース騎士 因夫鲁斯骑士,,,2,,2,,,,8,12,1
城砦野営地付近 城砦野营地附近,インフルース騎士 因夫鲁斯骑士,,,2,,2,,,,8,12,1
城砦野営地付近 城砦野营地附近,街道警備兵 街道警备兵,,,2,7,2,,2,9,7,11,1
城砦野営地付近 城砦野营地附近,街道警備兵 街道警备兵,,,2,7,2,,6,9,7,11,1
城砦野営地付近 城砦野营地附近,街道警備兵 街道警备兵,,,2,,2,,,,7,11,1
砂蛍渓谷 砂萤溪谷,女騎士キスニル 女骑士姬斯尼尔,,,2,7,2,,c,c,11,1b,1
砂蛍渓谷 砂萤溪谷,インフルース騎士 因夫鲁斯骑士,1,,2,7,2,4,5,d,10,1a,1
砂蛍渓谷 砂萤溪谷,インフルース騎士 因夫鲁斯骑士,1,,2,7,2,5,9,d,10,1a,1
砂蛍渓谷 砂萤溪谷,インフルース騎士 因夫鲁斯骑士,1,,2,7,2,6,a,a,10,1a,1
砂蛍渓谷 砂萤溪谷,インフルース騎士 因夫鲁斯骑士,1,,2,7,2,8,d,4,10,1a,1
砂蛍渓谷 砂萤溪谷,インフルース騎士 因夫鲁斯骑士,2,,2,7,2,9,d,7,10,1a,1
砂蛍渓谷 砂萤溪谷,狙撃弓兵 狙击弓兵,1,,2,7,2,3,1,d,f,19,1
砂蛍渓谷 砂萤溪谷,狙撃弓兵 狙击弓兵,2,,2,7,2,6,a,a,f,19,1
砂蛍渓谷 砂萤溪谷,狙撃弓兵 狙击弓兵,1,,2,7,2,7,b,5,f,19,1
砂蛍渓谷 砂萤溪谷,狙撃弓兵 狙击弓兵,1,,2,7,2,9,d,7,f,19,1
グルーリャ城壁 古鲁利亚城壁,ギルシュ第三王子 吉尔什第三王子,,,2,,2,,,,12,1c,1
グルーリャ城壁 古鲁利亚城壁,霊虚二舞イ人ノ傀 灵虚双舞之人傀,,,2,7,2,,d,d,11,1b,1
グルーリャ城壁 古鲁利亚城壁,虎顎騎士団 虎颚骑士团,,,2,7,2,,7,e,10,1a,1
グルーリャ城壁 古鲁利亚城壁,虎顎騎士団 虎颚骑士团,,,2,7,2,,6,10,10,1a,1
グルーリャ城壁 古鲁利亚城壁,虎顎騎士団 虎颚骑士团,,,2,7,2,,7,11,10,1a,1
グルーリャ城壁 古鲁利亚城壁,虎顎騎士団 虎颚骑士团,,,2,7,2,,8,10,10,1a,1
グルーリャ城壁 古鲁利亚城壁,狙撃弓兵 狙击弓兵,1,,2,7,2,2,1,9,10,1a,1
グルーリャ城壁 古鲁利亚城壁,虎顎騎士団 虎颚骑士团,1,,2,7,2,3,d,9,10,1a,1
グルーリャ城壁 古鲁利亚城壁,虎顎騎士団 虎颚骑士团,1,,2,7,2,4,3,10,10,1a,1
グルーリャ城壁 古鲁利亚城壁,虎顎騎士団 虎颚骑士团,1,,2,7,2,5,b,10,10,1a,1
グルーリャ城壁 古鲁利亚城壁,虎顎騎士団 虎颚骑士团,1,,2,7,2,6,5,11,10,1a,1
グルーリャ城壁 古鲁利亚城壁,狙撃弓兵 狙击弓兵,1,,2,7,2,7,9,11,10,1a,1
グルーリャ城壁 古鲁利亚城壁,インフルース騎士 因夫鲁斯骑士,,,2,,3,,,,10,1a,1
グルーリャ城壁 古鲁利亚城壁,インフルース騎士 因夫鲁斯骑士,,,2,,3,,,,10,1a,1
グルーリャ城壁 古鲁利亚城壁,インフルース騎士 因夫鲁斯骑士,,,2,,3,,,,10,1a,1
グルーリャ城壁 古鲁利亚城壁,吸魂霊 吸魂灵,,,2,7,2,,c,c,10,1a,1
グルーリャ城壁 古鲁利亚城壁,吸魂霊 吸魂灵,,,2,7,2,,d,c,10,1a,1
グルーリャ城壁 古鲁利亚城壁,吸魂霊 吸魂灵,,,2,7,2,,c,e,10,1a,1
グルーリャ城壁 古鲁利亚城壁,吸魂霊 吸魂灵,,,2,7,2,,d,e,10,1a,1
グルーリャ城壁 古鲁利亚城壁,瓦礫 瓦砾,,,2,7,3,,4,b,10,1a,1
グルーリャ城壁 古鲁利亚城壁,瓦礫 瓦砾,,,2,7,3,,a,8,10,1a,1
グルーリャ城壁 古鲁利亚城壁,瓦礫 瓦砾,,,2,7,3,,b,5,10,1a,1
魔人墓楼・最奥部 魔人墓楼・最深处,ヴァーチェスラフ 瓦切斯拉夫,,,2,7,2,,2,5,18,22,1
魔人墓楼・最奥部 魔人墓楼・最深处,胞子骸骨 孢子骸骨,1,,,7,2,2,5,1,17,21,1
魔人墓楼・最奥部 魔人墓楼・最深处,死魂霊 死魂灵,1,,,7,2,3,5,9,17,21,1
死沼の入口 死沼的入口,シショウノロウキ 死沼的摺姬,,,2,7,2,,3,4,17,21,1
心学の村 心学之村,若い娘 年轻姑娘,,,,7,3,,6,6,19,23,1
心学の村 心学之村,体格の良い男 体格健壮的男人,,,,7,3,,6,7,19,23,1
心学の村 心学之村,体格の良い男 体格健壮的男人,,,,7,3,,7,7,19,23,1
心学の村 心学之村,胞子骸骨 孢子骸骨,,,,7,2,,6,b,19,23,1
心学の村 心学之村,黒ベコガノ 黑贝科加诺,,,,7,2,,b,a,19,23,1
心学の村 心学之村,エーグ狩猟種 埃古狩猎种,,,,,2,,,,19,23,1
心学の村 心学之村,毒噴飛鼠 毒喷飞鼠,,,,,2,,,,19,23,1
心学の村 心学之村,胞子骸骨 孢子骸骨,,,,,2,,,,19,23,1
胴部第三層区域 躯干第三层区域,魔神フォルネウス 魔神弗尔奈沃斯,,,2,7,2,,a,10,4b,55,1
胴部第三層区域 躯干第三层区域,輪極の黒蛭蛇 轮极之黑蛭蛇,1,,,7,2,4,5,c,4a,54,1
胴部第三層区域 躯干第三层区域,輪極の黒蛭蛇 轮极之黑蛭蛇,1,,,7,2,9,f,c,4a,54,1
胴部第三層区域 躯干第三层区域,輪極の黒蛭蛇 轮极之黑蛭蛇,1,,,7,2,b,3,10,4a,54,1
胴部第三層区域 躯干第三层区域,輪極の黒蛭蛇 轮极之黑蛭蛇,1,,,7,2,e,11,10,4a,54,1
胴部第三層区域 躯干第三层区域,輪極の黒蛭蛇 轮极之黑蛭蛇,,,,7,2,,8,e,4a,54,1
胴部第三層区域 躯干第三层区域,輪極の黒蛭蛇 轮极之黑蛭蛇,,,,7,2,,c,e,4a,54,1
胴部第三層区域 躯干第三层区域,輪極の蝕貝獣 轮极之蚀贝兽,1,,,7,2,6,9,c,4a,54,1
胴部第三層区域 躯干第三层区域,輪極の蝕貝獣 轮极之蚀贝兽,1,,,7,2,7,b,c,4a,54,1
胴部第三層区域 躯干第三层区域,輪極の蝕貝獣 轮极之蚀贝兽,1,,,7,2,a,1,10,4a,54,1
胴部第三層区域 躯干第三层区域,輪極の蝕貝獣 轮极之蚀贝兽,1,,,7,2,f,13,10,4a,54,1
胴部第三層区域 躯干第三层区域,輪極の蝕貝獣 轮极之蚀贝兽,1,,,7,2,c,9,11,4a,54,1
胴部第三層区域 躯干第三层区域,輪極の蝕貝獣 轮极之蚀贝兽,1,,,7,2,d,b,11,4a,54,1
胴部第三層区域 躯干第三层区域,輪極の蝕貝獣 轮极之蚀贝兽,,,,7,2,,9,f,4a,54,1
胴部第三層区域 躯干第三层区域,輪極の蝕貝獣 轮极之蚀贝兽,,,,7,2,,b,f,4a,54,1
胴部第三層区域 躯干第三层区域,連鎖の骸骨 连锁的骸骨,1,,,7,2,5,6,c,4a,54,1
胴部第三層区域 躯干第三层区域,連鎖の骸骨 连锁的骸骨,1,,,7,2,8,e,c,4a,54,1
胴部第三層区域 躯干第三层区域,連鎖の骸骨 连锁的骸骨,1,,,7,2,4,5,c,4a,54,1
胴部第三層区域 躯干第三层区域,連鎖の骸骨 连锁的骸骨,1,,,7,2,9,f,c,4a,54,1
雲海城砦 云海城砦,絶氷公カルメルグ 绝冰公卡尔梅尔格,,,2,7,2,,3,d,1e,28,1
雲海城砦 云海城砦,ストームドラゴン 风暴龙,,,,7,2,,2,c,1d,27,1
雲海城砦 云海城砦,ストームドラゴン 风暴龙,,,,7,2,,2,e,1d,27,1
雲海城砦 云海城砦,ドラゴニュート 德拉贡纽特,,,,7,2,,f,d,1d,27,1
雲海城砦 云海城砦,ドラゴニュート 德拉贡纽特,,,,7,2,,3,1,1d,27,1
雲海城砦 云海城砦,エーグ狩猟種 埃古狩猎种,,,,7,2,,5,a,1d,27,1
雲海城砦 云海城砦,這竜リムドラ 爬龙利姆德拉,,,,7,2,,1,9,1d,27,1
雲海城砦 云海城砦,幻獣ダルクヒドラ 幻兽达尔库希德拉,,,,7,2,,f,9,1d,27,1
雲海城砦 云海城砦,水棲獣スキュラ 水栖兽斯库拉,,,,7,2,,8,3,1d,27,1
雲海城砦 云海城砦,這竜リムドラギル 爬龙利姆德拉吉尔,,,,7,2,,f,6,1d,27,1
雲海城砦 云海城砦,ストームドラゴン 风暴龙,,,,7,2,,e,3,1d,27,1
竜閣の強襲路 龙阁强袭路,絶氷公カルメルグ 绝冰公卡尔梅尔格,,,2,7,2,,3,7,1f,29,1
竜閣の強襲路 龙阁强袭路,ドラゴニュート 德拉贡纽特,,,,7,2,,7,7,1e,28,1
竜閣の強襲路 龙阁强袭路,ドラゴニュート 德拉贡纽特,,,,7,2,,7,8,1e,28,1
竜閣の強襲路 龙阁强袭路,竜閣の蒼兵 龙阁的苍兵,,,,7,2,,b,4,1e,28,1
竜閣の強襲路 龙阁强袭路,竜閣の蒼兵 龙阁的苍兵,,,,7,2,,d,9,1e,28,1
竜閣の強襲路 龙阁强袭路,ストームドラゴン 风暴龙,1,,,7,2,5,a,5,1e,28,1
竜閣の強襲路 龙阁强袭路,ストームドラゴン 风暴龙,,,,7,2,,c,3,1e,28,1
竜閣の強襲路 龙阁强袭路,幻獣ダルクヒドラ 幻兽达尔库希德拉,,,,7,2,,d,7,1e,28,1
竜閣の強襲路 龙阁强袭路,魔法砦,,,,7,2,,a,2,1e,28,1
竜閣の強襲路 龙阁强袭路,ドラゴニュート 德拉贡纽特,,,,,4,,,,1e,28,1
竜閣の強襲路 龙阁强袭路,ドラゴニュート 德拉贡纽特,,,,,4,,,,1e,28,1
竜閣の強襲路 龙阁强袭路,ドラゴニュート 德拉贡纽特,,,,,4,,,,1e,28,1
頭部防衛区域 头部防卫区域,獅峰狙撃兵 狮峰狙击兵,,,,7,2,,d,4,1f,29,1
頭部防衛区域 头部防卫区域,獅峰狙撃兵 狮峰狙击兵,,,,7,2,,d,5,1f,29,1
頭部防衛区域 头部防卫区域,獅峰狙撃兵 狮峰狙击兵,,,,7,2,,d,6,1f,29,1
頭部防衛区域 头部防卫区域,獅峰狙撃兵 狮峰狙击兵,1,,,7,2,5,e,5,1f,29,1
頭部防衛区域 头部防卫区域,獅峰騎士団 狮峰骑士团,,,,7,2,,c,4,1f,29,1
頭部防衛区域 头部防卫区域,獅峰騎士団 狮峰骑士团,,,,7,2,,c,5,1f,29,1
頭部防衛区域 头部防卫区域,獅峰騎士団 狮峰骑士团,,,,7,2,,c,6,1f,29,1
頭部防衛区域 头部防卫区域,獅峰騎士団 狮峰骑士团,1,,,7,2,4,e,3,1f,29,1
頭部防衛区域 头部防卫区域,獅峰騎士団 狮峰骑士团,1,,,7,2,6,e,7,1f,29,1
頭部防衛区域 头部防卫区域,獣人工作兵 兽人工兵,1,,,7,2,2,9,1,1f,29,1
頭部防衛区域 头部防卫区域,獣人工作兵 兽人工兵,1,,,7,2,3,9,9,1f,29,1
頭部防衛区域 头部防卫区域,重聖堂騎士 重圣堂骑士,,,,7,2,,e,4,1f,29,1
頭部防衛区域 头部防卫区域,重聖堂騎士 重圣堂骑士,,,,7,2,,e,6,1f,29,1
後部防衛区域 后部防卫区域,ファーブル将帥 法布尔将帅,,,2,7,2,,6,e,21,2b,1
後部防衛区域 后部防卫区域,獅峰騎士団 狮峰骑士团,,,,7,2,,5,8,20,2a,1
後部防衛区域 后部防卫区域,獅峰騎士団 狮峰骑士团,,,,7,2,,7,8,20,2a,1
後部防衛区域 后部防卫区域,獅峰騎士団 狮峰骑士团,,,,7,2,,1,8,20,2a,1
後部防衛区域 后部防卫区域,獅峰狙撃兵 狮峰狙击兵,,,,7,2,,b,5,20,2a,1
後部防衛区域 后部防卫区域,獅峰狙撃兵 狮峰狙击兵,,,,7,2,,1,c,20,2a,1
後部防衛区域 后部防卫区域,獅峰狙撃兵 狮峰狙击兵,,,,7,2,,b,9,20,2a,1
後部防衛区域 后部防卫区域,地の大魔術師 地之大魔术师,1,,,7,2,4,4,b,20,2a,1
後部防衛区域 后部防卫区域,火の大魔術師 火之大魔术师,1,,,7,2,5,8,b,20,2a,1
後部防衛区域 后部防卫区域,獣人工作兵 兽人工兵,,,,7,2,,1,1,20,2a,1
後部防衛区域 后部防卫区域,獣人工作兵 兽人工兵,,,,7,2,,b,3,20,2a,1
後部防衛区域 后部防卫区域,重聖堂騎士 重圣堂骑士,,,,7,2,,5,d,20,2a,1
後部防衛区域 后部防卫区域,重聖堂騎士 重圣堂骑士,,,,7,2,,7,d,20,2a,1
後部防衛区域 后部防卫区域,獅峰騎士団 狮峰骑士团,,,,,2,,,,20,2a,1
天の棺橋 天之棺桥,獅峰騎士団 狮峰骑士团,,,,7,2,,4,1,20,2a,1
天の棺橋 天之棺桥,獅峰騎士団 狮峰骑士团,,,,7,2,,7,4,20,2a,1
天の棺橋 天之棺桥,獅峰騎士団 狮峰骑士团,,,,7,2,,9,8,20,2a,1
天の棺橋 天之棺桥,獅峰狙撃兵 狮峰狙击兵,,,,7,2,,9,5,20,2a,1
天の棺橋 天之棺桥,獅峰狙撃兵 狮峰狙击兵,,,,7,2,,7,8,20,2a,1
天の棺橋 天之棺桥,獣人工作兵 兽人工兵,,,,7,2,,a,1,20,2a,1
天の棺橋 天之棺桥,重聖堂騎士 重圣堂骑士,,,,7,2,,5,7,20,2a,1
神殿係留地 神殿停泊地,司教クードヴァンス 司教库德万斯,,,2,7,2,,18,3,25,2f,1
神殿係留地 神殿停泊地,ファーブル将帥 法布尔将帅,,,2,7,2,,12,c,24,2e,1
神殿係留地 神殿停泊地,獅峰騎士団 狮峰骑士团,1,,,7,2,e,6,7,23,2d,1
神殿係留地 神殿停泊地,獅峰騎士団 狮峰骑士团,,,,7,2,,5,b,23,2d,1
神殿係留地 神殿停泊地,獅峰騎士団 狮峰骑士团,,,,,2,,,,23,2d,1
神殿係留地 神殿停泊地,獅峰騎士団 狮峰骑士团,1,,,7,2,1c,a,8,23,2d,1
神殿係留地 神殿停泊地,獅峰騎士団 狮峰骑士团,1,,,7,2,1f,13,d,23,2d,1
神殿係留地 神殿停泊地,獅峰狙撃兵 狮峰狙击兵,,,,7,2,,5,d,23,2d,1
神殿係留地 神殿停泊地,獅峰狙撃兵 狮峰狙击兵,,,,7,2,,12,b,23,2d,1
神殿係留地 神殿停泊地,獅峰狙撃兵 狮峰狙击兵,,,,7,2,,12,d,23,2d,1
神殿係留地 神殿停泊地,獅峰狙撃兵 狮峰狙击兵,,,,,2,,,,23,2d,1
神殿係留地 神殿停泊地,獅峰狙撃兵 狮峰狙击兵,1,,,7,2,1b,a,7,23,2d,1
神殿係留地 神殿停泊地,獣人工作兵 兽人工兵,,,,7,2,,9,d,23,2d,1
神殿係留地 神殿停泊地,重聖堂騎士 重圣堂骑士,1,,,7,2,e,6,7,23,2d,1
神殿係留地 神殿停泊地,重聖堂騎士 重圣堂骑士,,,,7,2,,d,3,23,2d,1
神殿係留地 神殿停泊地,水の大魔術師 水之大魔术师,,,,7,2,,c,2,23,2d,1
神殿係留地 神殿停泊地,風の大魔術師 风之大魔术师,,,,7,2,,c,4,23,2d,1
神殿係留地 神殿停泊地,フィユシア神殿兵 菲优希亚神殿兵,1,,,7,2,f,f,5,23,2d,1
神殿係留地 神殿停泊地,風の大魔術師 风之大魔术师,1,,,7,2,1e,13,c,23,2d,1
神殿係留地 神殿停泊地,フィユシア神殿兵 菲优希亚神殿兵,,,,7,2,,19,2,23,2d,1
神殿係留地 神殿停泊地,フィユシア神殿兵 菲优希亚神殿兵,,,,7,2,,19,4,23,2d,1
神殿係留地 神殿停泊地,ラヴェニゥス 拉维纽斯,,,,7,2,,3,5,23,2d,1
神殿係留地 神殿停泊地,風精ジルニー 风精吉尔尼,,,,7,2,,13,6,23,2d,1
神殿係留地 神殿停泊地,神殿弓兵,1,,,7,2,f,f,5,23,2d,1
神殿係留地 神殿停泊地,神殿弓兵,1,,,7,2,10,15,7,23,2d,1
神殿係留地 神殿停泊地,雷精獣ジルラム 雷精兽吉尔拉姆,,,,7,2,,c,a,23,2d,1
神殿係留地 神殿停泊地,獅峰騎士団 狮峰骑士团,1,,,7,2,17,5,e,23,2d,1
神殿係留地 神殿停泊地,獅峰狙撃兵 狮峰狙击兵,1,,,7,2,18,6,e,23,2d,1
神殿係留地 神殿停泊地,獅峰騎士団 狮峰骑士团,1,,,7,2,1d,13,b,23,2d,1
グアミウロスの巣 古阿米乌罗斯之巢,封錬機グアミウロス 封炼机古阿米乌罗斯,,,2,7,2,,4,c,27,31,1
グアミウロスの巣 古阿米乌罗斯之巢,砂塵ノセイフクシャ 砂尘之征服者,,,,7,2,,1,7,26,30,1
グアミウロスの巣 古阿米乌罗斯之巢,砂塵ノセイフクシャ 砂尘之征服者,,,,7,2,,7,6,26,30,1
グアミウロスの巣 古阿米乌罗斯之巢,砂塵ノセイフクシャ 砂尘之征服者,2,,,7,2,2,2,9,26,30,1
グアミウロスの巣 古阿米乌罗斯之巢,砂塵ノセイフクシャ 砂尘之征服者,1,,,7,2,3,4,7,26,30,1
グアミウロスの巣 古阿米乌罗斯之巢,封錬の石巨人 封炼的石巨人,2,,,7,2,5,6,b,26,30,1
グアミウロスの巣 古阿米乌罗斯之巢,封錬機フォトノル 封炼机佛托诺尔,1,,,7,2,5,6,b,26,30,1
グアミウロスの巣 古阿米乌罗斯之巢,封錬の石巨人 封炼的石巨人,1,,,7,2,2,2,9,26,30,1
グアミウロスの巣 古阿米乌罗斯之巢,封錬の石巨人 封炼的石巨人,1,,,7,2,3,4,7,26,30,1
グアミウロスの巣 古阿米乌罗斯之巢,封錬の石巨人 封炼的石巨人,1,,,7,2,4,5,9,26,30,1
解放すべき神の途 应解放的神之途,ミストメリラクーナ 米斯特梅利拉库娜,,,2,7,2,,3,c,2d,37,1
解放すべき神の途 应解放的神之途,魔シキ封錬ノ礎 魔式封炼之基石,,,2,7,2,,b,4,2c,36,1
解放すべき神の途 应解放的神之途,魔シキ封錬ノ礎 魔式封炼之基石,,,2,7,2,,16,15,2c,36,1
解放すべき神の途 应解放的神之途,封錬機ルナータ 封炼机卢娜塔,,,2,7,2,,b,14,2c,36,1
解放すべき神の途 应解放的神之途,封錬機ルナータ 封炼机卢娜塔,,,2,7,2,,16,3,2c,36,1
解放すべき神の途 应解放的神之途,封錬機フォラタ 封炼机佛拉塔,1,,,7,2,2,7,9,2c,36,1
解放すべき神の途 应解放的神之途,封錬鋼監 封炼钢监,1,,,7,2,3,8,9,2c,36,1
解放すべき神の途 应解放的神之途,封錬機フォラタ 封炼机佛拉塔,1,,,7,2,4,7,f,2c,36,1
解放すべき神の途 应解放的神之途,使縛の封錬機 使缚之封炼机,1,,,7,2,5,8,f,2c,36,1
解放すべき神の途 应解放的神之途,ソルガッシュ封錬改 索尔加修封炼改,,,,,2,,,,2c,36,1
解放すべき神の途 应解放的神之途,封錬鋼監 封炼钢监,,,,,2,,,,2c,36,1
解放すべき神の途 应解放的神之途,封錬鋼監 封炼钢监,,,,,2,,,,2c,36,1
解放すべき神の途 应解放的神之途,魔獣ギガデルピュネ 魔兽吉加德尔皮内,1,,,7,2,6,a,3,2c,36,1
解放すべき神の途 应解放的神之途,使縛の封錬機 使缚之封炼机,1,,,7,2,7,a,5,2c,36,1
解放すべき神の途 应解放的神之途,封錬機フォトノル 封炼机佛托诺尔,1,,,7,2,8,a,13,2c,36,1
解放すべき神の途 应解放的神之途,封錬機フォラタ 封炼机佛拉塔,1,,,7,2,9,a,15,2c,36,1
解放すべき神の途 应解放的神之途,使縛の封錬機 使缚之封炼机,1,,,7,2,a,13,b,2c,36,1
解放すべき神の途 应解放的神之途,封錬機フォラタ 封炼机佛拉塔,1,,,7,2,b,13,c,2c,36,1
解放すべき神の途 应解放的神之途,センタルア・イブ 森塔尔亚·伊布,1,,,7,2,c,13,d,2c,36,1
解放すべき神の途 应解放的神之途,封錬鋼監 封炼钢监,1,,,7,2,d,15,2,2c,36,1
解放すべき神の途 应解放的神之途,封錬機フォトノル 封炼机佛托诺尔,1,,,7,2,e,17,2,2c,36,1
解放すべき神の途 应解放的神之途,使縛の封錬機 使缚之封炼机,1,,,7,2,f,17,4,2c,36,1
解放すべき神の途 应解放的神之途,連鎖の骸骨 连锁的骸骨,1,,,7,2,10,17,14,2c,36,1
解放すべき神の途 应解放的神之途,エーグ呪霊種 埃古咒灵种,1,,,7,2,11,15,16,2c,36,1
解放すべき神の途 应解放的神之途,狂ったジルニー 疯狂的吉尔尼,1,,,7,2,12,17,16,2c,36,1
解放すべき神の途 应解放的神之途,封錬鋼監 封炼钢监,,,,7,2,,d,b,2c,36,1
解放すべき神の途 应解放的神之途,センタルア・イブ 森塔尔亚·伊布,,,,7,2,,d,c,2c,36,1
解放すべき神の途 应解放的神之途,封錬鋼監 封炼钢监,,,,7,2,,d,d,2c,36,1
解放すべき神の途 应解放的神之途,癒使霊 愈使灵,,,,7,2,,12,c,2c,36,1