说话人名称:说话人ID:日文原文（出现多次）,章节_1,当前翻译_1,章节_2,当前翻译_2,章节_3,当前翻译_3,章节_4,当前翻译_4,章节_5,当前翻译_5,章节_6,当前翻译_6,章节_7,当前翻译_7,章节_8,当前翻译_8,章节_9,当前翻译_9,章节_10,当前翻译_10,章节_11,当前翻译_11,章节_12,当前翻译_12,章节_13,当前翻译_13,章节_14,当前翻译_14,章节_15,当前翻译_15,章节_16,当前翻译_16,章节_17,当前翻译_17,章节_18,当前翻译_18,章节_19,当前翻译_19,章节_20,当前翻译_20,章节_21,当前翻译_21,章节_22,当前翻译_22,章节_23,当前翻译_23,章节_24,当前翻译_24,章节_25,当前翻译_25,章节_26,当前翻译_26,章节_27,当前翻译_27,章节_28,当前翻译_28,章节_29,当前翻译_29,章节_30,当前翻译_30,章节_31,当前翻译_31,章节_32,当前翻译_32,章节_33,当前翻译_33,章节_34,当前翻译_34,章节_35,当前翻译_35,章节_36,当前翻译_36,章节_37,当前翻译_37,章节_38,当前翻译_38,章节_39,当前翻译_39,章节_40,当前翻译_40,章节_41,当前翻译_41,章节_42,当前翻译_42,章节_43,当前翻译_43,章节_44,当前翻译_44,章节_45,当前翻译_45,章节_46,当前翻译_46,章节_47,当前翻译_47,章节_48,当前翻译_48,章节_49,当前翻译_49,章节_50,当前翻译_50,章节_51,当前翻译_51,章节_52,当前翻译_52,章节_53,当前翻译_53,章节_54,当前翻译_54,章节_55,当前翻译_55,章节_56,当前翻译_56,章节_57,当前翻译_57,章节_58,当前翻译_58,章节_59,当前翻译_59,章节_60,当前翻译_60,章节_61,当前翻译_61,章节_62,当前翻译_62,章节_63,当前翻译_63,章节_64,当前翻译_64,章节_65,当前翻译_65,章节_66,当前翻译_66,章节_67,当前翻译_67,章节_68,当前翻译_68,章节_69,当前翻译_69,章节_70,当前翻译_70,章节_71,当前翻译_71,章节_72,当前翻译_72,章节_73,当前翻译_73,章节_74,当前翻译_74,章节_75,当前翻译_75,章节_76,当前翻译_76,章节_77,当前翻译_77,章节_78,当前翻译_78,章节_79,当前翻译_79,章节_80,当前翻译_80
none:none:<ruby>機軸鎚<rt>きじくつい</rt></ruby>を使って<ruby>瓦礫<rt>がれき</rt></ruby>を取り除き、街の人を救出する。,SC6580,用机轴锤清除瓦砾，营救街上的人。,SC6580,用机轴锤清除瓦砾，营救街上的人。,,,,,,,,,,,,,,,,,,,,,,,,,,,,,,,,,,,,,,,,,,,,,,,,,,,,,,,,,,,,,,,,,,,,,,,,,,,,,,,,,,,,,,,,,,,,,,,,,,,,,,,,,,,,,,,,,,,,,,,,,,,,,,,,,,,,,,,,,,,,,,,,,,,,,,,,,,,,
none:none:<ruby>天結<rt>あまゆ</rt></ruby>いキャッスルマイスターＳＡＭＰＬＥ,CONFIG,天结神缘ＳＡＭＰＬＥ,CONFIG1,天结神缘ＳＡＭＰＬＥ,CONFIG2,天结神缘ＳＡＭＰＬＥ,,,,,,,,,,,,,,,,,,,,,,,,,,,,,,,,,,,,,,,,,,,,,,,,,,,,,,,,,,,,,,,,,,,,,,,,,,,,,,,,,,,,,,,,,,,,,,,,,,,,,,,,,,,,,,,,,,,,,,,,,,,,,,,,,,,,,,,,,,,,,,,,,,,,,,,,,,
none:none:<ruby>膣<rt>ちつ</rt></ruby>に侵入してすぐにあった薄い<ruby>膜<rt>まく</rt></ruby>も容易く突き破り、ぬめる壁をかき分けるように進めていく。,SP0131,侵入蜜穴后立刻遇到的那层薄薄的膜也被轻易捅破，我拨开湿滑的内壁继续深入。,SP0743,侵入蜜穴后立刻遇到的那层薄薄的膜也被轻易捅破，我拨开湿滑的内壁继续深入。,,,,,,,,,,,,,,,,,,,,,,,,,,,,,,,,,,,,,,,,,,,,,,,,,,,,,,,,,,,,,,,,,,,,,,,,,,,,,,,,,,,,,,,,,,,,,,,,,,,,,,,,,,,,,,,,,,,,,,,,,,,,,,,,,,,,,,,,,,,,,,,,,,,,,,,,,,,,
none:none:あくまで目的地に辿り着くまでの間の見逃し期間だが、目立たないようにするってのは有り難いな。,SC0160,虽说只是抵达目的地之前的纵容期，但她愿意低调行事，这点倒是让人感激。,SC0160,虽说只是抵达目的地之前的纵容期，但她愿意低调行事，这点倒是让人感激。,,,,,,,,,,,,,,,,,,,,,,,,,,,,,,,,,,,,,,,,,,,,,,,,,,,,,,,,,,,,,,,,,,,,,,,,,,,,,,,,,,,,,,,,,,,,,,,,,,,,,,,,,,,,,,,,,,,,,,,,,,,,,,,,,,,,,,,,,,,,,,,,,,,,,,,,,,,,
none:none:あとは代表と話を付け、この戦いの落とし所を決めるだけだ。,SC0190,接下来，只需与代表者谈妥，为这场战斗画上句点。,SC0190,接下来，只需与代表者谈妥，为这场战斗画上句点。,,,,,,,,,,,,,,,,,,,,,,,,,,,,,,,,,,,,,,,,,,,,,,,,,,,,,,,,,,,,,,,,,,,,,,,,,,,,,,,,,,,,,,,,,,,,,,,,,,,,,,,,,,,,,,,,,,,,,,,,,,,,,,,,,,,,,,,,,,,,,,,,,,,,,,,,,,,,
none:none:あまりにも名前が似すぎている<ruby>現神<rt>うつつかみ</rt></ruby>と、そこから派生した国と宗教の歴史。,SC0160,现神之名与由此衍生的国家、宗教的历史，实在相似得过分了。,SC0160,现神之名与由此衍生的国家、宗教的历史，实在相似得过分了。,,,,,,,,,,,,,,,,,,,,,,,,,,,,,,,,,,,,,,,,,,,,,,,,,,,,,,,,,,,,,,,,,,,,,,,,,,,,,,,,,,,,,,,,,,,,,,,,,,,,,,,,,,,,,,,,,,,,,,,,,,,,,,,,,,,,,,,,,,,,,,,,,,,,,,,,,,,,
none:none:おそらくフィユシア教にはなにか秘密があるのだ。そして、それは『<ruby>神響<rt>しんきょう</rt></ruby>の<ruby>霞廊<rt>さんろ</rt></ruby>』に行くことが叶えば知ることができる。,SC0160,恐怕——菲优希亚教中隐藏着什么秘密。而只要能够抵达『神响霞廊』，便能知晓那秘密。,SC0160,恐怕——菲优希亚教中隐藏着什么秘密。而只要能够抵达『神响霞廊』，便能知晓那秘密。,,,,,,,,,,,,,,,,,,,,,,,,,,,,,,,,,,,,,,,,,,,,,,,,,,,,,,,,,,,,,,,,,,,,,,,,,,,,,,,,,,,,,,,,,,,,,,,,,,,,,,,,,,,,,,,,,,,,,,,,,,,,,,,,,,,,,,,,,,,,,,,,,,,,,,,,,,,,
none:none:ガイダルは<ruby>矢継<rt>やつ</rt></ruby>ぎ<ruby>早<rt>ばや</rt></ruby>に飛び出す俺の質問に<ruby>流暢<rt>りゅうちょう</rt></ruby>な口調で答える。,SC0190,盖达鲁用流畅的口吻，接连回答着我抛出的连珠炮般的问题。,SC0190,盖达鲁用流畅的口吻，接连回答着我抛出的连珠炮般的问题。,,,,,,,,,,,,,,,,,,,,,,,,,,,,,,,,,,,,,,,,,,,,,,,,,,,,,,,,,,,,,,,,,,,,,,,,,,,,,,,,,,,,,,,,,,,,,,,,,,,,,,,,,,,,,,,,,,,,,,,,,,,,,,,,,,,,,,,,,,,,,,,,,,,,,,,,,,,,
none:none:ガイダルはさらりと、聞き逃せない事情を話す。,SC0190,盖达鲁轻描淡写地说出了不容忽视的实情。,SC0190,盖达鲁轻描淡写地说出了不容忽视的实情。,,,,,,,,,,,,,,,,,,,,,,,,,,,,,,,,,,,,,,,,,,,,,,,,,,,,,,,,,,,,,,,,,,,,,,,,,,,,,,,,,,,,,,,,,,,,,,,,,,,,,,,,,,,,,,,,,,,,,,,,,,,,,,,,,,,,,,,,,,,,,,,,,,,,,,,,,,,,
none:none:ガイダルはそっと背中を押して、カトリトを前へ出す。,SC0190,盖达鲁轻轻推了推她的背，把卡特利特带到前面。,SC0190,盖达鲁轻轻推了推她的背，把卡特利特带到前面。,,,,,,,,,,,,,,,,,,,,,,,,,,,,,,,,,,,,,,,,,,,,,,,,,,,,,,,,,,,,,,,,,,,,,,,,,,,,,,,,,,,,,,,,,,,,,,,,,,,,,,,,,,,,,,,,,,,,,,,,,,,,,,,,,,,,,,,,,,,,,,,,,,,,,,,,,,,,
none:none:ガイダルは悲しげな表情を作り、カトリトに寄り添うように手を回す。,SC0190,盖达鲁摆出悲伤的表情，伸手揽住卡特利特，像是要依偎在她身边。,SC0190,盖达鲁摆出悲伤的表情，伸手揽住卡特利特，像是要依偎在她身边。,,,,,,,,,,,,,,,,,,,,,,,,,,,,,,,,,,,,,,,,,,,,,,,,,,,,,,,,,,,,,,,,,,,,,,,,,,,,,,,,,,,,,,,,,,,,,,,,,,,,,,,,,,,,,,,,,,,,,,,,,,,,,,,,,,,,,,,,,,,,,,,,,,,,,,,,,,,,
none:none:グアラクーナ城砦の真実を知り、事態は悪い方向に向かってしまったが、それでも前へは進んだだろう。,SC0160,虽然得知古亚拉库娜城砦的真相后，事态朝着糟糕的方向发展，但即便如此，我们毕竟还是向前迈进了一步吧。,SC0160,虽然得知古亚拉库娜城砦的真相后，事态朝着糟糕的方向发展，但即便如此，我们毕竟还是向前迈进了一步吧。,,,,,,,,,,,,,,,,,,,,,,,,,,,,,,,,,,,,,,,,,,,,,,,,,,,,,,,,,,,,,,,,,,,,,,,,,,,,,,,,,,,,,,,,,,,,,,,,,,,,,,,,,,,,,,,,,,,,,,,,,,,,,,,,,,,,,,,,,,,,,,,,,,,,,,,,,,,,
none:none:ここではフィアの衣装を変更できます。,$2$SC1830,在这里可以更换菲亚的服装。,$2$SC1830,在这里可以更换菲亚的服装。,,,,,,,,,,,,,,,,,,,,,,,,,,,,,,,,,,,,,,,,,,,,,,,,,,,,,,,,,,,,,,,,,,,,,,,,,,,,,,,,,,,,,,,,,,,,,,,,,,,,,,,,,,,,,,,,,,,,,,,,,,,,,,,,,,,,,,,,,,,,,,,,,,,,,,,,,,,,
none:none:ここではミクシュアナの口調を変更できます。,$3$SC1840,在此可变更米克修亚娜的口调。,$3$SC1840,在此可变更米克修亚娜的口调。,,,,,,,,,,,,,,,,,,,,,,,,,,,,,,,,,,,,,,,,,,,,,,,,,,,,,,,,,,,,,,,,,,,,,,,,,,,,,,,,,,,,,,,,,,,,,,,,,,,,,,,,,,,,,,,,,,,,,,,,,,,,,,,,,,,,,,,,,,,,,,,,,,,,,,,,,,,,
none:none:ここではユエラの衣装を変更できます。,$3$SC1840,在此可变更由艾拉的服装。,$3$SC1840,在此可变更由艾拉的服装。,,,,,,,,,,,,,,,,,,,,,,,,,,,,,,,,,,,,,,,,,,,,,,,,,,,,,,,,,,,,,,,,,,,,,,,,,,,,,,,,,,,,,,,,,,,,,,,,,,,,,,,,,,,,,,,,,,,,,,,,,,,,,,,,,,,,,,,,,,,,,,,,,,,,,,,,,,,,
none:none:ここにお金を入れると扉が開くんだろう。,$3$SC0840,把钱投进去，门就会打开吧。,$3$SC0840,把钱投进去，门就会打开吧。,$3$SC0840,把钱投进去，门就会打开吧。,,,,,,,,,,,,,,,,,,,,,,,,,,,,,,,,,,,,,,,,,,,,,,,,,,,,,,,,,,,,,,,,,,,,,,,,,,,,,,,,,,,,,,,,,,,,,,,,,,,,,,,,,,,,,,,,,,,,,,,,,,,,,,,,,,,,,,,,,,,,,,,,,,,,,,,,,,
none:none:これで竜族の問題が解決していくというのにどこか、<ruby>腑<rt>ふ</rt></ruby>に落ちない。,SC0190,明明这样下去，龙族的问题就要解决了……可总觉得，哪里不对劲。,SC0190,明明这样下去，龙族的问题就要解决了……可总觉得，哪里不对劲。,,,,,,,,,,,,,,,,,,,,,,,,,,,,,,,,,,,,,,,,,,,,,,,,,,,,,,,,,,,,,,,,,,,,,,,,,,,,,,,,,,,,,,,,,,,,,,,,,,,,,,,,,,,,,,,,,,,,,,,,,,,,,,,,,,,,,,,,,,,,,,,,,,,,,,,,,,,,
none:none:そこさえ読み解いていけば“どういう経緯で城砦と一体化”したかが分かるはず。,SC0160,只要解开这一点，应该就能明白她‘是经由怎样的经过与城砦融为一体的’。,SC0160,只要解开这一点，应该就能明白她‘是经由怎样的经过与城砦融为一体的’。,,,,,,,,,,,,,,,,,,,,,,,,,,,,,,,,,,,,,,,,,,,,,,,,,,,,,,,,,,,,,,,,,,,,,,,,,,,,,,,,,,,,,,,,,,,,,,,,,,,,,,,,,,,,,,,,,,,,,,,,,,,,,,,,,,,,,,,,,,,,,,,,,,,,,,,,,,,,
none:none:それどころではないほど、戦いが本格化してしまったからだ。だからこそ歩みを止めることはできない。,SC0190,因为战斗激烈到根本没余裕去问。正因如此，更不能停下脚步。,SC0190,因为战斗激烈到根本没余裕去问。正因如此，更不能停下脚步。,,,,,,,,,,,,,,,,,,,,,,,,,,,,,,,,,,,,,,,,,,,,,,,,,,,,,,,,,,,,,,,,,,,,,,,,,,,,,,,,,,,,,,,,,,,,,,,,,,,,,,,,,,,,,,,,,,,,,,,,,,,,,,,,,,,,,,,,,,,,,,,,,,,,,,,,,,,,
none:none:それはミクシュアナが言っていた、城砦と同じ<ruby>禁忌<rt>きんき</rt></ruby>の兵器が過去には複数存在していたということにも掛かっているんだと思う。,SC0160,我想，这或许与米克修亚娜所说的话有关——过去曾存在多件与城砦相同的禁忌兵器。,SC0160,我想，这或许与米克修亚娜所说的话有关——过去曾存在多件与城砦相同的禁忌兵器。,,,,,,,,,,,,,,,,,,,,,,,,,,,,,,,,,,,,,,,,,,,,,,,,,,,,,,,,,,,,,,,,,,,,,,,,,,,,,,,,,,,,,,,,,,,,,,,,,,,,,,,,,,,,,,,,,,,,,,,,,,,,,,,,,,,,,,,,,,,,,,,,,,,,,,,,,,,,
none:none:それは悲しみに<ruby>彩<rt>いろど</rt></ruby>られた声ではなく、<ruby>歓喜<rt>かんき</rt></ruby>に満ちた喜びの叫びだ。,SC0190,那不是染上悲伤的声音，而是充满欢喜的欢呼。,SC0190,那不是染上悲伤的声音，而是充满欢喜的欢呼。,,,,,,,,,,,,,,,,,,,,,,,,,,,,,,,,,,,,,,,,,,,,,,,,,,,,,,,,,,,,,,,,,,,,,,,,,,,,,,,,,,,,,,,,,,,,,,,,,,,,,,,,,,,,,,,,,,,,,,,,,,,,,,,,,,,,,,,,,,,,,,,,,,,,,,,,,,,,
none:none:それをお前の口から語られると、より<ruby>胡散<rt>うさん</rt></ruby>臭さが増すんだけどな。,SC0190,这番话从你嘴里说出来，反而更显得可疑了呢。,SC0190,这番话从你嘴里说出来，反而更显得可疑了呢。,,,,,,,,,,,,,,,,,,,,,,,,,,,,,,,,,,,,,,,,,,,,,,,,,,,,,,,,,,,,,,,,,,,,,,,,,,,,,,,,,,,,,,,,,,,,,,,,,,,,,,,,,,,,,,,,,,,,,,,,,,,,,,,,,,,,,,,,,,,,,,,,,,,,,,,,,,,,
none:none:それを知ることができれば、反対に救う方法だって分かるんじゃないか？,SC0160,若能查明这些，反过来是不是也就能找到拯救她的方法……？,SC0160,若能查明这些，反过来是不是也就能找到拯救她的方法……？,,,,,,,,,,,,,,,,,,,,,,,,,,,,,,,,,,,,,,,,,,,,,,,,,,,,,,,,,,,,,,,,,,,,,,,,,,,,,,,,,,,,,,,,,,,,,,,,,,,,,,,,,,,,,,,,,,,,,,,,,,,,,,,,,,,,,,,,,,,,,,,,,,,,,,,,,,,,
none:none:だが戦場にも竜族の住処にも、首謀者であるカルメルグの姿は見当たらなかった。,SC0190,然而，无论是战场上还是龙族的住处，都找不到主谋卡尔梅尔格的身影。,SC0190,然而，无论是战场上还是龙族的住处，都找不到主谋卡尔梅尔格的身影。,,,,,,,,,,,,,,,,,,,,,,,,,,,,,,,,,,,,,,,,,,,,,,,,,,,,,,,,,,,,,,,,,,,,,,,,,,,,,,,,,,,,,,,,,,,,,,,,,,,,,,,,,,,,,,,,,,,,,,,,,,,,,,,,,,,,,,,,,,,,,,,,,,,,,,,,,,,,
none:none:ただ少し延期するだけで、俺たちが成功すれば任務自体がなくなるか、失敗すればより利益を追求した上でいずれ任務を完遂できる。,SC0160,仅仅稍作延期——若我们成功，任务本身便会消失；若失败，马兹忒利亚也能在追求更大利益之后，于某日完成任务。,SC0160,仅仅稍作延期——若我们成功，任务本身便会消失；若失败，马兹忒利亚也能在追求更大利益之后，于某日完成任务。,,,,,,,,,,,,,,,,,,,,,,,,,,,,,,,,,,,,,,,,,,,,,,,,,,,,,,,,,,,,,,,,,,,,,,,,,,,,,,,,,,,,,,,,,,,,,,,,,,,,,,,,,,,,,,,,,,,,,,,,,,,,,,,,,,,,,,,,,,,,,,,,,,,,,,,,,,,,
none:none:ちっともそう思えない表情で、ガイダルは親心を示した。,SC0190,盖达鲁摆出一副完全不像那么想的表情，展示着他的慈父之心。,SC0190,盖达鲁摆出一副完全不像那么想的表情，展示着他的慈父之心。,,,,,,,,,,,,,,,,,,,,,,,,,,,,,,,,,,,,,,,,,,,,,,,,,,,,,,,,,,,,,,,,,,,,,,,,,,,,,,,,,,,,,,,,,,,,,,,,,,,,,,,,,,,,,,,,,,,,,,,,,,,,,,,,,,,,,,,,,,,,,,,,,,,,,,,,,,,,
none:none:つまり、禁忌として神の力を原動力としていても、それがフィアの能力であると認識されている限りは手を下さないと。,SC0160,也就是说，只要城砦虽属禁忌、以神之力量为动力，却被认定为菲亚的能力，她就不会动手。,SC0160,也就是说，只要城砦虽属禁忌、以神之力量为动力，却被认定为菲亚的能力，她就不会动手。,,,,,,,,,,,,,,,,,,,,,,,,,,,,,,,,,,,,,,,,,,,,,,,,,,,,,,,,,,,,,,,,,,,,,,,,,,,,,,,,,,,,,,,,,,,,,,,,,,,,,,,,,,,,,,,,,,,,,,,,,,,,,,,,,,,,,,,,,,,,,,,,,,,,,,,,,,,,
none:none:どうしていつも友好的に接せられているのに、こんなにも信用できないんだ。,SC0190,为什么明明他总是以友好的态度相待，我却还是这么难以信任他呢。,SC0190,为什么明明他总是以友好的态度相待，我却还是这么难以信任他呢。,,,,,,,,,,,,,,,,,,,,,,,,,,,,,,,,,,,,,,,,,,,,,,,,,,,,,,,,,,,,,,,,,,,,,,,,,,,,,,,,,,,,,,,,,,,,,,,,,,,,,,,,,,,,,,,,,,,,,,,,,,,,,,,,,,,,,,,,,,,,,,,,,,,,,,,,,,,,
none:none:ひとまず、城砦に戻って今後のことを考えよう。,SC0160,暂且先回到城砦，考虑今后的打算吧。,SC0160,暂且先回到城砦，考虑今后的打算吧。,,,,,,,,,,,,,,,,,,,,,,,,,,,,,,,,,,,,,,,,,,,,,,,,,,,,,,,,,,,,,,,,,,,,,,,,,,,,,,,,,,,,,,,,,,,,,,,,,,,,,,,,,,,,,,,,,,,,,,,,,,,,,,,,,,,,,,,,,,,,,,,,,,,,,,,,,,,,
none:none:フィアは、どういう経緯を以てグアラクーナ城砦に封印された。,SC0160,菲亚又是经由怎样的经过，被封印进古亚拉库娜城砦的。,SC0160,菲亚又是经由怎样的经过，被封印进古亚拉库娜城砦的。,,,,,,,,,,,,,,,,,,,,,,,,,,,,,,,,,,,,,,,,,,,,,,,,,,,,,,,,,,,,,,,,,,,,,,,,,,,,,,,,,,,,,,,,,,,,,,,,,,,,,,,,,,,,,,,,,,,,,,,,,,,,,,,,,,,,,,,,,,,,,,,,,,,,,,,,,,,,
none:none:ふう。なんとか、なったか。,SC0160,呼。……总算是，谈成了吧。,SC0160,呼。……总算是，谈成了吧。,,,,,,,,,,,,,,,,,,,,,,,,,,,,,,,,,,,,,,,,,,,,,,,,,,,,,,,,,,,,,,,,,,,,,,,,,,,,,,,,,,,,,,,,,,,,,,,,,,,,,,,,,,,,,,,,,,,,,,,,,,,,,,,,,,,,,,,,,,,,,,,,,,,,,,,,,,,,
none:none:マーズテリア神殿所属のミクシュアナが『<ruby>神響<rt>しんきょう</rt></ruby>の<ruby>霞廊<rt>さんろ</rt></ruby>』への旅路に同行することになった。,SC0160,隶属马兹忒利亚神殿的米克修亚娜，决定同行前往『神响霞廊』的旅途。,SC0160,隶属马兹忒利亚神殿的米克修亚娜，决定同行前往『神响霞廊』的旅途。,,,,,,,,,,,,,,,,,,,,,,,,,,,,,,,,,,,,,,,,,,,,,,,,,,,,,,,,,,,,,,,,,,,,,,,,,,,,,,,,,,,,,,,,,,,,,,,,,,,,,,,,,,,,,,,,,,,,,,,,,,,,,,,,,,,,,,,,,,,,,,,,,,,,,,,,,,,,
none:none:ましてや、先ほどまで戦っていたのだ。,SC0190,更何况，刚才我们还在交战。,SC0190,更何况，刚才我们还在交战。,,,,,,,,,,,,,,,,,,,,,,,,,,,,,,,,,,,,,,,,,,,,,,,,,,,,,,,,,,,,,,,,,,,,,,,,,,,,,,,,,,,,,,,,,,,,,,,,,,,,,,,,,,,,,,,,,,,,,,,,,,,,,,,,,,,,,,,,,,,,,,,,,,,,,,,,,,,,
none:none:ミクシュアナにより上等な結果を求める気概があるならば、ただでは殺さずに俺たちを利用する選択肢も思考するはずだ。,SC0160,只要米克修亚娜怀有追求更优结果的魄力，她就理应会考虑不轻易杀掉我们、转而利用我们的选项。,SC0160,只要米克修亚娜怀有追求更优结果的魄力，她就理应会考虑不轻易杀掉我们、转而利用我们的选项。,,,,,,,,,,,,,,,,,,,,,,,,,,,,,,,,,,,,,,,,,,,,,,,,,,,,,,,,,,,,,,,,,,,,,,,,,,,,,,,,,,,,,,,,,,,,,,,,,,,,,,,,,,,,,,,,,,,,,,,,,,,,,,,,,,,,,,,,,,,,,,,,,,,,,,,,,,,,
none:none:ミクシュアナはそう言って歩いて行く。,SC0160,米克修亚娜说完便迈步离去。,SC0160,米克修亚娜说完便迈步离去。,,,,,,,,,,,,,,,,,,,,,,,,,,,,,,,,,,,,,,,,,,,,,,,,,,,,,,,,,,,,,,,,,,,,,,,,,,,,,,,,,,,,,,,,,,,,,,,,,,,,,,,,,,,,,,,,,,,,,,,,,,,,,,,,,,,,,,,,,,,,,,,,,,,,,,,,,,,,
none:none:もうちょっと探してみてもいいだろうが、どうするかな。,SC0650,再多找找倒也无妨，不过该怎么办呢。,SC0650,再多找找倒也无妨，不过该怎么办呢。,,,,,,,,,,,,,,,,,,,,,,,,,,,,,,,,,,,,,,,,,,,,,,,,,,,,,,,,,,,,,,,,,,,,,,,,,,,,,,,,,,,,,,,,,,,,,,,,,,,,,,,,,,,,,,,,,,,,,,,,,,,,,,,,,,,,,,,,,,,,,,,,,,,,,,,,,,,,
none:none:よかった。食いついてくれたか。,SC0160,太好了……。她上钩了。,SC0160,太好了……。她上钩了。,,,,,,,,,,,,,,,,,,,,,,,,,,,,,,,,,,,,,,,,,,,,,,,,,,,,,,,,,,,,,,,,,,,,,,,,,,,,,,,,,,,,,,,,,,,,,,,,,,,,,,,,,,,,,,,,,,,,,,,,,,,,,,,,,,,,,,,,,,,,,,,,,,,,,,,,,,,,
none:none:移動拠点という強力な兵器はいったい誰が作った？　どうやって世界の支配者である神を封印した？,SC0160,这号称移动据点的强大兵器，究竟是谁制造的？又是如何封印了身为世界统治者的神明？,SC0160,这号称移动据点的强大兵器，究竟是谁制造的？又是如何封印了身为世界统治者的神明？,,,,,,,,,,,,,,,,,,,,,,,,,,,,,,,,,,,,,,,,,,,,,,,,,,,,,,,,,,,,,,,,,,,,,,,,,,,,,,,,,,,,,,,,,,,,,,,,,,,,,,,,,,,,,,,,,,,,,,,,,,,,,,,,,,,,,,,,,,,,,,,,,,,,,,,,,,,,
none:none:一方で、楽しそうな声が<ruby>耳朶<rt>じだ</rt></ruby>を打つ。,SC0160,另一边，欢快的笑语声传入耳中。,SC0160,另一边，欢快的笑语声传入耳中。,,,,,,,,,,,,,,,,,,,,,,,,,,,,,,,,,,,,,,,,,,,,,,,,,,,,,,,,,,,,,,,,,,,,,,,,,,,,,,,,,,,,,,,,,,,,,,,,,,,,,,,,,,,,,,,,,,,,,,,,,,,,,,,,,,,,,,,,,,,,,,,,,,,,,,,,,,,,
none:none:俺が気になっているのは、まさにそこなんだ。,SC0160,我在意的，恰恰就是这一点。,SC0160,我在意的，恰恰就是这一点。,,,,,,,,,,,,,,,,,,,,,,,,,,,,,,,,,,,,,,,,,,,,,,,,,,,,,,,,,,,,,,,,,,,,,,,,,,,,,,,,,,,,,,,,,,,,,,,,,,,,,,,,,,,,,,,,,,,,,,,,,,,,,,,,,,,,,,,,,,,,,,,,,,,,,,,,,,,,
none:none:俺が気になっているのは、記憶がなくなる前のフィアのことだ。,SC0160,我在意的是失去记忆之前的菲亚。,SC0160,我在意的是失去记忆之前的菲亚。,,,,,,,,,,,,,,,,,,,,,,,,,,,,,,,,,,,,,,,,,,,,,,,,,,,,,,,,,,,,,,,,,,,,,,,,,,,,,,,,,,,,,,,,,,,,,,,,,,,,,,,,,,,,,,,,,,,,,,,,,,,,,,,,,,,,,,,,,,,,,,,,,,,,,,,,,,,,
none:none:俺たちは『<ruby>雷府<rt>らいふ</rt></ruby>の<ruby>雲海<rt>うんかい</rt></ruby>』を越えて、『<ruby>神響<rt>しんきょう</rt></ruby>の<ruby>霞廊<rt>さんろ</rt></ruby>』を目指すしかないのだ。,SC0190,我们只能越过『雷府云海』，向着『神响霞廊』前进。,SC0190,我们只能越过『雷府云海』，向着『神响霞廊』前进。,,,,,,,,,,,,,,,,,,,,,,,,,,,,,,,,,,,,,,,,,,,,,,,,,,,,,,,,,,,,,,,,,,,,,,,,,,,,,,,,,,,,,,,,,,,,,,,,,,,,,,,,,,,,,,,,,,,,,,,,,,,,,,,,,,,,,,,,,,,,,,,,,,,,,,,,,,,,
none:none:俺は帰り支度を始めた。,SC0650,我开始收拾东西准备回去……。,SC0650,我开始收拾东西准备回去……。,,,,,,,,,,,,,,,,,,,,,,,,,,,,,,,,,,,,,,,,,,,,,,,,,,,,,,,,,,,,,,,,,,,,,,,,,,,,,,,,,,,,,,,,,,,,,,,,,,,,,,,,,,,,,,,,,,,,,,,,,,,,,,,,,,,,,,,,,,,,,,,,,,,,,,,,,,,,
none:none:灰白色の絶景に視線を流すだけで心が満たされ、温泉のおかげで身体の疲労がすっかり取れていく。,SC0160,目光只要掠过这片灰白色的绝景，内心便被填满；托温泉的福，一身的疲惫也渐渐消散。,SC0160,目光只要掠过这片灰白色的绝景，内心便被填满；托温泉的福，一身的疲惫也渐渐消散。,,,,,,,,,,,,,,,,,,,,,,,,,,,,,,,,,,,,,,,,,,,,,,,,,,,,,,,,,,,,,,,,,,,,,,,,,,,,,,,,,,,,,,,,,,,,,,,,,,,,,,,,,,,,,,,,,,,,,,,,,,,,,,,,,,,,,,,,,,,,,,,,,,,,,,,,,,,,
none:none:確かにカルメルグは動揺し、戦局を有利にすることができたが。,SC0190,卡尔梅尔格确实因此动摇，让我们占据了有利局面，但是……。,SC0190,卡尔梅尔格确实因此动摇，让我们占据了有利局面，但是……。,,,,,,,,,,,,,,,,,,,,,,,,,,,,,,,,,,,,,,,,,,,,,,,,,,,,,,,,,,,,,,,,,,,,,,,,,,,,,,,,,,,,,,,,,,,,,,,,,,,,,,,,,,,,,,,,,,,,,,,,,,,,,,,,,,,,,,,,,,,,,,,,,,,,,,,,,,,,
none:none:確かに深手を負わせたはずなのに。いったいどこへ消えたんだろう。,SC0190,明明确实让他受了重伤。他究竟消失到哪里去了呢。,SC0190,明明确实让他受了重伤。他究竟消失到哪里去了呢。,,,,,,,,,,,,,,,,,,,,,,,,,,,,,,,,,,,,,,,,,,,,,,,,,,,,,,,,,,,,,,,,,,,,,,,,,,,,,,,,,,,,,,,,,,,,,,,,,,,,,,,,,,,,,,,,,,,,,,,,,,,,,,,,,,,,,,,,,,,,,,,,,,,,,,,,,,,,
none:none:空気を読んで、俺に交渉を任せてくれていたフィアが、こちらを<ruby>伺<rt>うかが</rt></ruby>うように視線を向ける。,SC0160,善解人意地把谈判交给我来办的菲亚，朝这边投来试探般的目光。,SC0160,善解人意地把谈判交给我来办的菲亚，朝这边投来试探般的目光。,,,,,,,,,,,,,,,,,,,,,,,,,,,,,,,,,,,,,,,,,,,,,,,,,,,,,,,,,,,,,,,,,,,,,,,,,,,,,,,,,,,,,,,,,,,,,,,,,,,,,,,,,,,,,,,,,,,,,,,,,,,,,,,,,,,,,,,,,,,,,,,,,,,,,,,,,,,,
none:none:鯨顎岬の迷宮に訪問イベントが発生するようになりました。,$5$SG2361,鲸颚岬迷宫<br>开始发生访问事件。,$5$SG2362,鲸颚岬迷宫<br>开始发生访问事件。,,,,,,,,,,,,,,,,,,,,,,,,,,,,,,,,,,,,,,,,,,,,,,,,,,,,,,,,,,,,,,,,,,,,,,,,,,,,,,,,,,,,,,,,,,,,,,,,,,,,,,,,,,,,,,,,,,,,,,,,,,,,,,,,,,,,,,,,,,,,,,,,,,,,,,,,,,,,
none:none:結局、竜族から城砦の情報を聞き出すことはできなかった。,SC0190,到头来，还是没能从龙族那里问出城砦的情报。,SC0190,到头来，还是没能从龙族那里问出城砦的情报。,,,,,,,,,,,,,,,,,,,,,,,,,,,,,,,,,,,,,,,,,,,,,,,,,,,,,,,,,,,,,,,,,,,,,,,,,,,,,,,,,,,,,,,,,,,,,,,,,,,,,,,,,,,,,,,,,,,,,,,,,,,,,,,,,,,,,,,,,,,,,,,,,,,,,,,,,,,,
none:none:最後まで気味の悪いことを口にしながら、ガイダルはカトリトを連れて竜族の元へ歩いて行った。,SC0190,盖达鲁直到最后都说着让人毛骨悚然的话，带着卡特利特走向龙族那边。,SC0190,盖达鲁直到最后都说着让人毛骨悚然的话，带着卡特利特走向龙族那边。,,,,,,,,,,,,,,,,,,,,,,,,,,,,,,,,,,,,,,,,,,,,,,,,,,,,,,,,,,,,,,,,,,,,,,,,,,,,,,,,,,,,,,,,,,,,,,,,,,,,,,,,,,,,,,,,,,,,,,,,,,,,,,,,,,,,,,,,,,,,,,,,,,,,,,,,,,,,
none:none:少しそわそわしたロズリーヌから声を掛けられた。,SC1650,坐立不安的罗兹利奴向我搭话。,SC1650,坐立不安的罗兹利奴向我搭话。,,,,,,,,,,,,,,,,,,,,,,,,,,,,,,,,,,,,,,,,,,,,,,,,,,,,,,,,,,,,,,,,,,,,,,,,,,,,,,,,,,,,,,,,,,,,,,,,,,,,,,,,,,,,,,,,,,,,,,,,,,,,,,,,,,,,,,,,,,,,,,,,,,,,,,,,,,,,
none:none:少し離れた場所でたくさんの声が聞こえた。,SC0190,稍远的地方传来了许多声音。,SC0190,稍远的地方传来了许多声音。,,,,,,,,,,,,,,,,,,,,,,,,,,,,,,,,,,,,,,,,,,,,,,,,,,,,,,,,,,,,,,,,,,,,,,,,,,,,,,,,,,,,,,,,,,,,,,,,,,,,,,,,,,,,,,,,,,,,,,,,,,,,,,,,,,,,,,,,,,,,,,,,,,,,,,,,,,,,
none:none:城砦で強襲をかけた<ruby>爪痕<rt>つめあと</rt></ruby>は、住処のあちこちに残っている。俺たちへの憎しみは、そう簡単に消えたりしないだろう。,SC0190,城砦突袭留下的伤痕，遍布他们住处的各个角落。他们对我们的憎恨，不会那么容易消散吧。,SC0190,城砦突袭留下的伤痕，遍布他们住处的各个角落。他们对我们的憎恨，不会那么容易消散吧。,,,,,,,,,,,,,,,,,,,,,,,,,,,,,,,,,,,,,,,,,,,,,,,,,,,,,,,,,,,,,,,,,,,,,,,,,,,,,,,,,,,,,,,,,,,,,,,,,,,,,,,,,,,,,,,,,,,,,,,,,,,,,,,,,,,,,,,,,,,,,,,,,,,,,,,,,,,,
none:none:城砦という<ruby>禁忌<rt>きんき</rt></ruby>からフィアを切り離す方法があると、信じて。,SC0190,相信一定存在将菲亚从城砦这一禁忌中解放出来的方法。,SC0190,相信一定存在将菲亚从城砦这一禁忌中解放出来的方法。,,,,,,,,,,,,,,,,,,,,,,,,,,,,,,,,,,,,,,,,,,,,,,,,,,,,,,,,,,,,,,,,,,,,,,,,,,,,,,,,,,,,,,,,,,,,,,,,,,,,,,,,,,,,,,,,,,,,,,,,,,,,,,,,,,,,,,,,,,,,,,,,,,,,,,,,,,,,
none:none:色々と疲れる戦いと交渉だったな。,SC0160,真是一场身心俱疲的战斗与谈判啊……。,SC0160,真是一场身心俱疲的战斗与谈判啊……。,,,,,,,,,,,,,,,,,,,,,,,,,,,,,,,,,,,,,,,,,,,,,,,,,,,,,,,,,,,,,,,,,,,,,,,,,,,,,,,,,,,,,,,,,,,,,,,,,,,,,,,,,,,,,,,,,,,,,,,,,,,,,,,,,,,,,,,,,,,,,,,,,,,,,,,,,,,,
none:none:深く息を吸い込み、ゆっくりと吐き出す。,SC0160,深深吸一口气，再缓缓吐出。,SC0160,深深吸一口气，再缓缓吐出。,,,,,,,,,,,,,,,,,,,,,,,,,,,,,,,,,,,,,,,,,,,,,,,,,,,,,,,,,,,,,,,,,,,,,,,,,,,,,,,,,,,,,,,,,,,,,,,,,,,,,,,,,,,,,,,,,,,,,,,,,,,,,,,,,,,,,,,,,,,,,,,,,,,,,,,,,,,,
none:none:戦闘にも参加してくれるみたいだし、仲間になったと言って、いいのだろうか？,SC0160,她似乎也会参与战斗，说她是伙伴，应该没问题吧？,SC0160,她似乎也会参与战斗，说她是伙伴，应该没问题吧？,,,,,,,,,,,,,,,,,,,,,,,,,,,,,,,,,,,,,,,,,,,,,,,,,,,,,,,,,,,,,,,,,,,,,,,,,,,,,,,,,,,,,,,,,,,,,,,,,,,,,,,,,,,,,,,,,,,,,,,,,,,,,,,,,,,,,,,,,,,,,,,,,,,,,,,,,,,,
none:none:戦闘に決着が付き、ミクシュアナとの話は再開された。,SC0160,战斗分出胜负后，与米克修亚娜的谈话重新开始。,SC0160,战斗分出胜负后，与米克修亚娜的谈话重新开始。,,,,,,,,,,,,,,,,,,,,,,,,,,,,,,,,,,,,,,,,,,,,,,,,,,,,,,,,,,,,,,,,,,,,,,,,,,,,,,,,,,,,,,,,,,,,,,,,,,,,,,,,,,,,,,,,,,,,,,,,,,,,,,,,,,,,,,,,,,,,,,,,,,,,,,,,,,,,
none:none:全ての事情がそこへと繋がっている。そんな気がして、ならないんだ。,SC0160,所有内情都指向那里。这种感觉，挥之不去。,SC0160,所有内情都指向那里。这种感觉，挥之不去。,,,,,,,,,,,,,,,,,,,,,,,,,,,,,,,,,,,,,,,,,,,,,,,,,,,,,,,,,,,,,,,,,,,,,,,,,,,,,,,,,,,,,,,,,,,,,,,,,,,,,,,,,,,,,,,,,,,,,,,,,,,,,,,,,,,,,,,,,,,,,,,,,,,,,,,,,,,,
none:none:騒ぎの中心からガイダルが歩いてくる。,SC0190,盖达鲁从喧闹的中心走了过来。,SC0190,盖达鲁从喧闹的中心走了过来。,,,,,,,,,,,,,,,,,,,,,,,,,,,,,,,,,,,,,,,,,,,,,,,,,,,,,,,,,,,,,,,,,,,,,,,,,,,,,,,,,,,,,,,,,,,,,,,,,,,,,,,,,,,,,,,,,,,,,,,,,,,,,,,,,,,,,,,,,,,,,,,,,,,,,,,,,,,,
none:none:待ってろよ、夢心地になれる丁度いい温泉を見つけてみせるぜ。,SC0650,等着吧，我非要找到一处能让人如坠梦境的恰到好处的温泉给你看。,SC0650,等着吧，我非要找到一处能让人如坠梦境的恰到好处的温泉给你看。,,,,,,,,,,,,,,,,,,,,,,,,,,,,,,,,,,,,,,,,,,,,,,,,,,,,,,,,,,,,,,,,,,,,,,,,,,,,,,,,,,,,,,,,,,,,,,,,,,,,,,,,,,,,,,,,,,,,,,,,,,,,,,,,,,,,,,,,,,,,,,,,,,,,,,,,,,,,
none:none:大きく広げられた脚の中心部に、ガチガチに固くなった肉棒を刺し込んだ。,SP0131,我把硬邦邦的肉棒刺入她大大张开的双腿之间。,SP0743,我把硬邦邦的肉棒刺入她大大张开的双腿之间。,,,,,,,,,,,,,,,,,,,,,,,,,,,,,,,,,,,,,,,,,,,,,,,,,,,,,,,,,,,,,,,,,,,,,,,,,,,,,,,,,,,,,,,,,,,,,,,,,,,,,,,,,,,,,,,,,,,,,,,,,,,,,,,,,,,,,,,,,,,,,,,,,,,,,,,,,,,,
none:none:調査により解決方法が“破壊しかない”と知っていながらも、<ruby>禁忌<rt>きんき</rt></ruby>の状態から解放される可能性を消さず、そうなった場合の対処すらも考慮している。,SC0160,虽然通过调查得知解决方法‘唯有破坏’，但她并未抹杀解除禁忌状态的可能性，甚至连那种情况下的应对都已纳入考量。,SC0160,虽然通过调查得知解决方法‘唯有破坏’，但她并未抹杀解除禁忌状态的可能性，甚至连那种情况下的应对都已纳入考量。,,,,,,,,,,,,,,,,,,,,,,,,,,,,,,,,,,,,,,,,,,,,,,,,,,,,,,,,,,,,,,,,,,,,,,,,,,,,,,,,,,,,,,,,,,,,,,,,,,,,,,,,,,,,,,,,,,,,,,,,,,,,,,,,,,,,,,,,,,,,,,,,,,,,,,,,,,,,
none:none:父親の仇、ということは。,SC0190,为父亲报仇，也就是说……。,SC0190,为父亲报仇，也就是说……。,,,,,,,,,,,,,,,,,,,,,,,,,,,,,,,,,,,,,,,,,,,,,,,,,,,,,,,,,,,,,,,,,,,,,,,,,,,,,,,,,,,,,,,,,,,,,,,,,,,,,,,,,,,,,,,,,,,,,,,,,,,,,,,,,,,,,,,,,,,,,,,,,,,,,,,,,,,,
none:none:平和で楽しくも騒がしい一時はこうして過ぎていった。,SP0162,「和平、愉快又喧闹的一段时光，就这样过去了……」,SP0163,「和平、愉快又喧闹的一段时光，就这样过去了……」,,,,,,,,,,,,,,,,,,,,,,,,,,,,,,,,,,,,,,,,,,,,,,,,,,,,,,,,,,,,,,,,,,,,,,,,,,,,,,,,,,,,,,,,,,,,,,,,,,,,,,,,,,,,,,,,,,,,,,,,,,,,,,,,,,,,,,,,,,,,,,,,,,,,,,,,,,,,
none:none:歩み寄れる妥協点などないと、言っているんだな。,SC0160,她是说，根本不存在可以彼此让步的妥协点啊。,SC0160,她是说，根本不存在可以彼此让步的妥协点啊。,,,,,,,,,,,,,,,,,,,,,,,,,,,,,,,,,,,,,,,,,,,,,,,,,,,,,,,,,,,,,,,,,,,,,,,,,,,,,,,,,,,,,,,,,,,,,,,,,,,,,,,,,,,,,,,,,,,,,,,,,,,,,,,,,,,,,,,,,,,,,,,,,,,,,,,,,,,,
none:none:迷宮の扉は頑丈な造りをしており、ご丁寧に入場料を取る為の箱が用意されている。,$3$SC0840,迷宫的门造得十分结实，还煞有介事地备好了收取入场费的箱子。,$3$SC0840,迷宫的门造得十分结实，还煞有介事地备好了收取入场费的箱子。,$3$SC0840,迷宫的门造得十分结实，还煞有介事地备好了收取入场费的箱子。,,,,,,,,,,,,,,,,,,,,,,,,,,,,,,,,,,,,,,,,,,,,,,,,,,,,,,,,,,,,,,,,,,,,,,,,,,,,,,,,,,,,,,,,,,,,,,,,,,,,,,,,,,,,,,,,,,,,,,,,,,,,,,,,,,,,,,,,,,,,,,,,,,,,,,,,,,
none:none:滅ぼしたと思っていた<ruby>雷府<rt>らいふ</rt></ruby>の血族が戦場に現れ、勇ましく戦い始めた。,SC0190,本以为已被灭族的雷府血脉出现在战场上，英勇地投入了战斗。,SC0190,本以为已被灭族的雷府血脉出现在战场上，英勇地投入了战斗。,,,,,,,,,,,,,,,,,,,,,,,,,,,,,,,,,,,,,,,,,,,,,,,,,,,,,,,,,,,,,,,,,,,,,,,,,,,,,,,,,,,,,,,,,,,,,,,,,,,,,,,,,,,,,,,,,,,,,,,,,,,,,,,,,,,,,,,,,,,,,,,,,,,,,,,,,,,,
none:none:竜族との戦いに決着が付き、城砦の位置を移動させられる算段が付いた。,SC0190,与龙族的战斗已分出胜负，也做好了移动城砦位置的准备。,SC0190,与龙族的战斗已分出胜负，也做好了移动城砦位置的准备。,,,,,,,,,,,,,,,,,,,,,,,,,,,,,,,,,,,,,,,,,,,,,,,,,,,,,,,,,,,,,,,,,,,,,,,,,,,,,,,,,,,,,,,,,,,,,,,,,,,,,,,,,,,,,,,,,,,,,,,,,,,,,,,,,,,,,,,,,,,,,,,,,,,,,,,,,,,,
none:none:竜族はカトリトの来訪を歓迎し、自分たちの王を受け入れていた。,SC0190,龙族们欢迎卡特利特的到来，接纳了她作为自己的王。,SC0190,龙族们欢迎卡特利特的到来，接纳了她作为自己的王。,,,,,,,,,,,,,,,,,,,,,,,,,,,,,,,,,,,,,,,,,,,,,,,,,,,,,,,,,,,,,,,,,,,,,,,,,,,,,,,,,,,,,,,,,,,,,,,,,,,,,,,,,,,,,,,,,,,,,,,,,,,,,,,,,,,,,,,,,,,,,,,,,,,,,,,,,,,,
none:none:老婆は依頼したときと同じように深々と頭を下げ、帰って行った。,SC1590,老婆婆像来委托时一样深深低头行礼，回去了。,SC1590,老婆婆像来委托时一样深深低头行礼，回去了。,,,,,,,,,,,,,,,,,,,,,,,,,,,,,,,,,,,,,,,,,,,,,,,,,,,,,,,,,,,,,,,,,,,,,,,,,,,,,,,,,,,,,,,,,,,,,,,,,,,,,,,,,,,,,,,,,,,,,,,,,,,,,,,,,,,,,,,,,,,,,,,,,,,,,,,,,,,,
アヴァロ:1:「ああ、俺たちはこれから『<ruby>神響<rt>しんきょう</rt></ruby>の<ruby>霞廊<rt>さんろ</rt></ruby>』に向かう為に、この先にあるエルフ族がいるっていう森林地帯に向かう」,SC0190,「嗯，为了前往『神响霞廊』，我们接下来要去前方那片有仙灵族栖息的森林地带」,SC0190,「嗯，为了前往『神响霞廊』，我们接下来要去前方那片有仙灵族栖息的森林地带」,,,,,,,,,,,,,,,,,,,,,,,,,,,,,,,,,,,,,,,,,,,,,,,,,,,,,,,,,,,,,,,,,,,,,,,,,,,,,,,,,,,,,,,,,,,,,,,,,,,,,,,,,,,,,,,,,,,,,,,,,,,,,,,,,,,,,,,,,,,,,,,,,,,,,,,,,,,,
アヴァロ:1:「あぁぁぁああああーーー！」,SC6660,「啊啊啊啊啊啊啊——！」,SC6660,「啊啊啊啊啊啊啊——！」,,,,,,,,,,,,,,,,,,,,,,,,,,,,,,,,,,,,,,,,,,,,,,,,,,,,,,,,,,,,,,,,,,,,,,,,,,,,,,,,,,,,,,,,,,,,,,,,,,,,,,,,,,,,,,,,,,,,,,,,,,,,,,,,,,,,,,,,,,,,,,,,,,,,,,,,,,,,
アヴァロ:1:「ああーいい湯だなー」,SC0160,「啊啊—……真舒服啊—……」,SC0160,「啊啊—……真舒服啊—……」,,,,,,,,,,,,,,,,,,,,,,,,,,,,,,,,,,,,,,,,,,,,,,,,,,,,,,,,,,,,,,,,,,,,,,,,,,,,,,,,,,,,,,,,,,,,,,,,,,,,,,,,,,,,,,,,,,,,,,,,,,,,,,,,,,,,,,,,,,,,,,,,,,,,,,,,,,,,
アヴァロ:1:「いいなぁ。来て良かったなぁ」,SC0160,「真好呀。来对了……真来对了」,SC0160,「真好呀。来对了……真来对了」,,,,,,,,,,,,,,,,,,,,,,,,,,,,,,,,,,,,,,,,,,,,,,,,,,,,,,,,,,,,,,,,,,,,,,,,,,,,,,,,,,,,,,,,,,,,,,,,,,,,,,,,,,,,,,,,,,,,,,,,,,,,,,,,,,,,,,,,,,,,,,,,,,,,,,,,,,,,
アヴァロ:1:「いま俺たちはある目的地に向かって行動している。そこに意味がないとは、俺にはどうしても思えない」,SC0160,「我们现在正朝着某个目的地前进。要说那里毫无意义，我怎么也无法相信」,SC0160,「我们现在正朝着某个目的地前进。要说那里毫无意义，我怎么也无法相信」,,,,,,,,,,,,,,,,,,,,,,,,,,,,,,,,,,,,,,,,,,,,,,,,,,,,,,,,,,,,,,,,,,,,,,,,,,,,,,,,,,,,,,,,,,,,,,,,,,,,,,,,,,,,,,,,,,,,,,,,,,,,,,,,,,,,,,,,,,,,,,,,,,,,,,,,,,,,
アヴァロ:1:「え」,SC0560,「诶」,SC2620,「诶」,,,,,,,,,,,,,,,,,,,,,,,,,,,,,,,,,,,,,,,,,,,,,,,,,,,,,,,,,,,,,,,,,,,,,,,,,,,,,,,,,,,,,,,,,,,,,,,,,,,,,,,,,,,,,,,,,,,,,,,,,,,,,,,,,,,,,,,,,,,,,,,,,,,,,,,,,,,,
アヴァロ:1:「おいおい」,SC0500,「喂喂……」,SC2060,「喂喂……」,,,,,,,,,,,,,,,,,,,,,,,,,,,,,,,,,,,,,,,,,,,,,,,,,,,,,,,,,,,,,,,,,,,,,,,,,,,,,,,,,,,,,,,,,,,,,,,,,,,,,,,,,,,,,,,,,,,,,,,,,,,,,,,,,,,,,,,,,,,,,,,,,,,,,,,,,,,,
アヴァロ:1:「おまえにも　かぞくがいるだろう」,SC6910,「你也有家人吧……」,SC6920,「你也有家人吧……」,,,,,,,,,,,,,,,,,,,,,,,,,,,,,,,,,,,,,,,,,,,,,,,,,,,,,,,,,,,,,,,,,,,,,,,,,,,,,,,,,,,,,,,,,,,,,,,,,,,,,,,,,,,,,,,,,,,,,,,,,,,,,,,,,,,,,,,,,,,,,,,,,,,,,,,,,,,,
アヴァロ:1:「お前は竜族じゃない。ここの代表者という立場でもない」,SC0190,「你不是龙族。也不是这里的代表者」,SC0190,「你不是龙族。也不是这里的代表者」,,,,,,,,,,,,,,,,,,,,,,,,,,,,,,,,,,,,,,,,,,,,,,,,,,,,,,,,,,,,,,,,,,,,,,,,,,,,,,,,,,,,,,,,,,,,,,,,,,,,,,,,,,,,,,,,,,,,,,,,,,,,,,,,,,,,,,,,,,,,,,,,,,,,,,,,,,,,
アヴァロ:1:「カトリト、ここを通ってもいいかな？」,SC0190,「卡特利特，让我们从这里……通过，可以吗？」,SC0190,「卡特利特，让我们从这里……通过，可以吗？」,,,,,,,,,,,,,,,,,,,,,,,,,,,,,,,,,,,,,,,,,,,,,,,,,,,,,,,,,,,,,,,,,,,,,,,,,,,,,,,,,,,,,,,,,,,,,,,,,,,,,,,,,,,,,,,,,,,,,,,,,,,,,,,,,,,,,,,,,,,,,,,,,,,,,,,,,,,,
アヴァロ:1:「カトリト？」,SC1620,「卡特利特？」,SC1620,「卡特利特？」,,,,,,,,,,,,,,,,,,,,,,,,,,,,,,,,,,,,,,,,,,,,,,,,,,,,,,,,,,,,,,,,,,,,,,,,,,,,,,,,,,,,,,,,,,,,,,,,,,,,,,,,,,,,,,,,,,,,,,,,,,,,,,,,,,,,,,,,,,,,,,,,,,,,,,,,,,,,
アヴァロ:1:「カルメルグが、死んだ。それは間違いないんだな？」,SC0190,「卡尔梅尔格，死了……。这件事不会有错吧？」,SC0190,「卡尔梅尔格，死了……。这件事不会有错吧？」,,,,,,,,,,,,,,,,,,,,,,,,,,,,,,,,,,,,,,,,,,,,,,,,,,,,,,,,,,,,,,,,,,,,,,,,,,,,,,,,,,,,,,,,,,,,,,,,,,,,,,,,,,,,,,,,,,,,,,,,,,,,,,,,,,,,,,,,,,,,,,,,,,,,,,,,,,,,
アヴァロ:1:「くっ、住民の被害が多すぎる。これ以上ここで作業するのは無理だ」,SC5980,「可恶，居民伤亡太严重了。没法再在这里继续作业了」,SC5980,「可恶，居民伤亡太严重了。没法再在这里继续作业了」,,,,,,,,,,,,,,,,,,,,,,,,,,,,,,,,,,,,,,,,,,,,,,,,,,,,,,,,,,,,,,,,,,,,,,,,,,,,,,,,,,,,,,,,,,,,,,,,,,,,,,,,,,,,,,,,,,,,,,,,,,,,,,,,,,,,,,,,,,,,,,,,,,,,,,,,,,,,
アヴァロ:1:「ゲームオーバーか」,SC6910,「游戏结束了啊……」,SC6920,「游戏结束了啊……」,,,,,,,,,,,,,,,,,,,,,,,,,,,,,,,,,,,,,,,,,,,,,,,,,,,,,,,,,,,,,,,,,,,,,,,,,,,,,,,,,,,,,,,,,,,,,,,,,,,,,,,,,,,,,,,,,,,,,,,,,,,,,,,,,,,,,,,,,,,,,,,,,,,,,,,,,,,,
アヴァロ:1:「ここと」,SC4070,「这里」,SC4070,「这里」,,,,,,,,,,,,,,,,,,,,,,,,,,,,,,,,,,,,,,,,,,,,,,,,,,,,,,,,,,,,,,,,,,,,,,,,,,,,,,,,,,,,,,,,,,,,,,,,,,,,,,,,,,,,,,,,,,,,,,,,,,,,,,,,,,,,,,,,,,,,,,,,,,,,,,,,,,,,
アヴァロ:1:「この後の挙動は環境設定次第だな」,SC6910,「之后的行为就看环境设定了啊」,SC6920,「之后的行为就看环境设定了啊」,,,,,,,,,,,,,,,,,,,,,,,,,,,,,,,,,,,,,,,,,,,,,,,,,,,,,,,,,,,,,,,,,,,,,,,,,,,,,,,,,,,,,,,,,,,,,,,,,,,,,,,,,,,,,,,,,,,,,,,,,,,,,,,,,,,,,,,,,,,,,,,,,,,,,,,,,,,,
アヴァロ:1:「こればかりは、今の状況だけじゃ推測できないんだ。マーズテリアの内情を知っている人じゃないと交渉材料すら見つけられない」,SC0160,「这一点光凭现在的情况无法推断。若非了解马兹忒利亚内情的人，恐怕连谈判的筹码都找不到」,SC0160,「这一点光凭现在的情况无法推断。若非了解马兹忒利亚内情的人，恐怕连谈判的筹码都找不到」,,,,,,,,,,,,,,,,,,,,,,,,,,,,,,,,,,,,,,,,,,,,,,,,,,,,,,,,,,,,,,,,,,,,,,,,,,,,,,,,,,,,,,,,,,,,,,,,,,,,,,,,,,,,,,,,,,,,,,,,,,,,,,,,,,,,,,,,,,,,,,,,,,,,,,,,,,,,
アヴァロ:1:「さて、こっちも城砦に住んでいる人たちに説明が必要だよなぁ」,SC0160,「好了，我们这边也得向住在城砦里的人说明情况啊……」,SC0160,「好了，我们这边也得向住在城砦里的人说明情况啊……」,,,,,,,,,,,,,,,,,,,,,,,,,,,,,,,,,,,,,,,,,,,,,,,,,,,,,,,,,,,,,,,,,,,,,,,,,,,,,,,,,,,,,,,,,,,,,,,,,,,,,,,,,,,,,,,,,,,,,,,,,,,,,,,,,,,,,,,,,,,,,,,,,,,,,,,,,,,,
アヴァロ:1:「すまない。安易に許可するべきではなかったっ」,SC5980,「抱歉。我不该那么轻易就批准下来的……」,SC5980,「抱歉。我不该那么轻易就批准下来的……」,,,,,,,,,,,,,,,,,,,,,,,,,,,,,,,,,,,,,,,,,,,,,,,,,,,,,,,,,,,,,,,,,,,,,,,,,,,,,,,,,,,,,,,,,,,,,,,,,,,,,,,,,,,,,,,,,,,,,,,,,,,,,,,,,,,,,,,,,,,,,,,,,,,,,,,,,,,,
アヴァロ:1:「セーブは禁止だな」,SC6910,「保存是被禁止的啊」,SC6920,「保存是被禁止的啊」,,,,,,,,,,,,,,,,,,,,,,,,,,,,,,,,,,,,,,,,,,,,,,,,,,,,,,,,,,,,,,,,,,,,,,,,,,,,,,,,,,,,,,,,,,,,,,,,,,,,,,,,,,,,,,,,,,,,,,,,,,,,,,,,,,,,,,,,,,,,,,,,,,,,,,,,,,,,
アヴァロ:1:「せっかく来たんだから、入ってみよう。珍しい物があるかもしれないし」,$3$SC0840,「既然特意来了，就进去看看吧。说不定会有稀罕东西呢」,$3$SC0840,「既然特意来了，就进去看看吧。说不定会有稀罕东西呢」,$3$SC0840,「既然特意来了，就进去看看吧。说不定会有稀罕东西呢」,,,,,,,,,,,,,,,,,,,,,,,,,,,,,,,,,,,,,,,,,,,,,,,,,,,,,,,,,,,,,,,,,,,,,,,,,,,,,,,,,,,,,,,,,,,,,,,,,,,,,,,,,,,,,,,,,,,,,,,,,,,,,,,,,,,,,,,,,,,,,,,,,,,,,,,,,,
アヴァロ:1:「そ、そうか」,SC3090,「这、这样啊」,SP2091,「这、这样啊」,,,,,,,,,,,,,,,,,,,,,,,,,,,,,,,,,,,,,,,,,,,,,,,,,,,,,,,,,,,,,,,,,,,,,,,,,,,,,,,,,,,,,,,,,,,,,,,,,,,,,,,,,,,,,,,,,,,,,,,,,,,,,,,,,,,,,,,,,,,,,,,,,,,,,,,,,,,,
アヴァロ:1:「そうか。早く事態を落ち着けたいのに、竜族側の代表がいないんじゃ話が進められないな」,SC0190,「这样啊……。本想尽快平息事态，可龙族一方没有代表者，就没法谈下去了」,SC0190,「这样啊……。本想尽快平息事态，可龙族一方没有代表者，就没法谈下去了」,,,,,,,,,,,,,,,,,,,,,,,,,,,,,,,,,,,,,,,,,,,,,,,,,,,,,,,,,,,,,,,,,,,,,,,,,,,,,,,,,,,,,,,,,,,,,,,,,,,,,,,,,,,,,,,,,,,,,,,,,,,,,,,,,,,,,,,,,,,,,,,,,,,,,,,,,,,,
アヴァロ:1:「そうするか。ん？」,SC0190,「就这么办吧……。嗯？」,SC0190,「就这么办吧……。嗯？」,,,,,,,,,,,,,,,,,,,,,,,,,,,,,,,,,,,,,,,,,,,,,,,,,,,,,,,,,,,,,,,,,,,,,,,,,,,,,,,,,,,,,,,,,,,,,,,,,,,,,,,,,,,,,,,,,,,,,,,,,,,,,,,,,,,,,,,,,,,,,,,,,,,,,,,,,,,,
アヴァロ:1:「そうだな、これはもう一つの未来の話なんだが」,SC0160,「是啊，这是关于另一种未来的话题……」,SC0160,「是啊，这是关于另一种未来的话题……」,,,,,,,,,,,,,,,,,,,,,,,,,,,,,,,,,,,,,,,,,,,,,,,,,,,,,,,,,,,,,,,,,,,,,,,,,,,,,,,,,,,,,,,,,,,,,,,,,,,,,,,,,,,,,,,,,,,,,,,,,,,,,,,,,,,,,,,,,,,,,,,,,,,,,,,,,,,,
アヴァロ:1:「そうだな。もう別にそれはいいよ」,SC0160,「是啊。那件事就随它去吧」,SC0160,「是啊。那件事就随它去吧」,,,,,,,,,,,,,,,,,,,,,,,,,,,,,,,,,,,,,,,,,,,,,,,,,,,,,,,,,,,,,,,,,,,,,,,,,,,,,,,,,,,,,,,,,,,,,,,,,,,,,,,,,,,,,,,,,,,,,,,,,,,,,,,,,,,,,,,,,,,,,,,,,,,,,,,,,,,,
アヴァロ:1:「そうでなくても道中の間で方法を探す時間ができる。それだけでも俺たちには有り難い」,SC0160,「即便不是如此，途中也能多出寻找方法的时间。仅凭这一点，对我们来说就很可贵了」,SC0160,「即便不是如此，途中也能多出寻找方法的时间。仅凭这一点，对我们来说就很可贵了」,,,,,,,,,,,,,,,,,,,,,,,,,,,,,,,,,,,,,,,,,,,,,,,,,,,,,,,,,,,,,,,,,,,,,,,,,,,,,,,,,,,,,,,,,,,,,,,,,,,,,,,,,,,,,,,,,,,,,,,,,,,,,,,,,,,,,,,,,,,,,,,,,,,,,,,,,,,,
アヴァロ:1:「そうなのか？」,SC0000,「是吗？」,SC2090,「是吗？」,SC2090,「是吗？」,,,,,,,,,,,,,,,,,,,,,,,,,,,,,,,,,,,,,,,,,,,,,,,,,,,,,,,,,,,,,,,,,,,,,,,,,,,,,,,,,,,,,,,,,,,,,,,,,,,,,,,,,,,,,,,,,,,,,,,,,,,,,,,,,,,,,,,,,,,,,,,,,,,,,,,,,,
アヴァロ:1:「そっか」,SC0280,「是吗……」,SC2180,「是吗……」,,,,,,,,,,,,,,,,,,,,,,,,,,,,,,,,,,,,,,,,,,,,,,,,,,,,,,,,,,,,,,,,,,,,,,,,,,,,,,,,,,,,,,,,,,,,,,,,,,,,,,,,,,,,,,,,,,,,,,,,,,,,,,,,,,,,,,,,,,,,,,,,,,,,,,,,,,,,
アヴァロ:1:「そっちが時間さえくれれば、になるけど。その通りだ」,SC0160,「前提是你们肯给我们时间，不过——正是如此」,SC0160,「前提是你们肯给我们时间，不过——正是如此」,,,,,,,,,,,,,,,,,,,,,,,,,,,,,,,,,,,,,,,,,,,,,,,,,,,,,,,,,,,,,,,,,,,,,,,,,,,,,,,,,,,,,,,,,,,,,,,,,,,,,,,,,,,,,,,,,,,,,,,,,,,,,,,,,,,,,,,,,,,,,,,,,,,,,,,,,,,,
アヴァロ:1:「それじゃあお前は城砦のことがなくても、元々竜族の跡目争いの問題に関わるつもりだったのか？」,SC0190,「那么也就是说，就算没有城砦的事，你原本也打算插手龙族继承之争的问题吗？」,SC0190,「那么也就是说，就算没有城砦的事，你原本也打算插手龙族继承之争的问题吗？」,,,,,,,,,,,,,,,,,,,,,,,,,,,,,,,,,,,,,,,,,,,,,,,,,,,,,,,,,,,,,,,,,,,,,,,,,,,,,,,,,,,,,,,,,,,,,,,,,,,,,,,,,,,,,,,,,,,,,,,,,,,,,,,,,,,,,,,,,,,,,,,,,,,,,,,,,,,,
アヴァロ:1:「それじゃこれでお別れか。清々するな」,SC0190,「那么，就此别过吧。真是清爽」,SC0190,「那么，就此别过吧。真是清爽」,,,,,,,,,,,,,,,,,,,,,,,,,,,,,,,,,,,,,,,,,,,,,,,,,,,,,,,,,,,,,,,,,,,,,,,,,,,,,,,,,,,,,,,,,,,,,,,,,,,,,,,,,,,,,,,,,,,,,,,,,,,,,,,,,,,,,,,,,,,,,,,,,,,,,,,,,,,,
アヴァロ:1:「それは、どうして？」,SC1680,「那是为什么？」,SC1740,「那是为什么？」,,,,,,,,,,,,,,,,,,,,,,,,,,,,,,,,,,,,,,,,,,,,,,,,,,,,,,,,,,,,,,,,,,,,,,,,,,,,,,,,,,,,,,,,,,,,,,,,,,,,,,,,,,,,,,,,,,,,,,,,,,,,,,,,,,,,,,,,,,,,,,,,,,,,,,,,,,,,
アヴァロ:1:「それは、まだインフルースの国民や諸国には、城砦の存在が<ruby>禁忌<rt>きんき</rt></ruby>だとバレていないからかな？」,SC0160,「那是不是因为，因夫鲁斯的国民和各国还没有发现城砦是禁忌之物呢？」,SC0160,「那是不是因为，因夫鲁斯的国民和各国还没有发现城砦是禁忌之物呢？」,,,,,,,,,,,,,,,,,,,,,,,,,,,,,,,,,,,,,,,,,,,,,,,,,,,,,,,,,,,,,,,,,,,,,,,,,,,,,,,,,,,,,,,,,,,,,,,,,,,,,,,,,,,,,,,,,,,,,,,,,,,,,,,,,,,,,,,,,,,,,,,,,,,,,,,,,,,,
アヴァロ:1:「それは世界の支配者様が決めた掟だ、破ることなんかできやしないんだろう」,SC0160,「那是世界统治者大人定下的戒律，你们根本不可能违抗吧」,SC0160,「那是世界统治者大人定下的戒律，你们根本不可能违抗吧」,,,,,,,,,,,,,,,,,,,,,,,,,,,,,,,,,,,,,,,,,,,,,,,,,,,,,,,,,,,,,,,,,,,,,,,,,,,,,,,,,,,,,,,,,,,,,,,,,,,,,,,,,,,,,,,,,,,,,,,,,,,,,,,,,,,,,,,,,,,,,,,,,,,,,,,,,,,,
アヴァロ:1:「だけどな、ラウロソの為にというより、リシュ個人になら俺は手を貸すよ」,SC2120,「但是啊，与其说是为劳罗索，如果是为莉秀你个人，我愿意伸出援手」,SC2120,「但是啊，与其说是为劳罗索，如果是为莉秀你个人，我愿意伸出援手」,,,,,,,,,,,,,,,,,,,,,,,,,,,,,,,,,,,,,,,,,,,,,,,,,,,,,,,,,,,,,,,,,,,,,,,,,,,,,,,,,,,,,,,,,,,,,,,,,,,,,,,,,,,,,,,,,,,,,,,,,,,,,,,,,,,,,,,,,,,,,,,,,,,,,,,,,,,,
アヴァロ:1:「だってさ、問題になっているのは『神の信仰を原動力とした兵器』なんだろ」,SC0160,「毕竟，成问题的是‘以神之信仰为动力的兵器’，对吧」,SC0160,「毕竟，成问题的是‘以神之信仰为动力的兵器’，对吧」,,,,,,,,,,,,,,,,,,,,,,,,,,,,,,,,,,,,,,,,,,,,,,,,,,,,,,,,,,,,,,,,,,,,,,,,,,,,,,,,,,,,,,,,,,,,,,,,,,,,,,,,,,,,,,,,,,,,,,,,,,,,,,,,,,,,,,,,,,,,,,,,,,,,,,,,,,,,
アヴァロ:1:「つまり、お前は俺たちを利用していたんだな」,SC0190,「也就是说，你一直在利用我们」,SC0190,「也就是说，你一直在利用我们」,,,,,,,,,,,,,,,,,,,,,,,,,,,,,,,,,,,,,,,,,,,,,,,,,,,,,,,,,,,,,,,,,,,,,,,,,,,,,,,,,,,,,,,,,,,,,,,,,,,,,,,,,,,,,,,,,,,,,,,,,,,,,,,,,,,,,,,,,,,,,,,,,,,,,,,,,,,,
アヴァロ:1:「どういうことだ？」,SC0190,「什么意思？」,SC2060,「什么意思？」,SC2560,「什么意思？」,,,,,,,,,,,,,,,,,,,,,,,,,,,,,,,,,,,,,,,,,,,,,,,,,,,,,,,,,,,,,,,,,,,,,,,,,,,,,,,,,,,,,,,,,,,,,,,,,,,,,,,,,,,,,,,,,,,,,,,,,,,,,,,,,,,,,,,,,,,,,,,,,,,,,,,,,,
アヴァロ:1:「どういう意味だ」,SC2130,「什么意思」,SC2190,「什么意思」,,,,,,,,,,,,,,,,,,,,,,,,,,,,,,,,,,,,,,,,,,,,,,,,,,,,,,,,,,,,,,,,,,,,,,,,,,,,,,,,,,,,,,,,,,,,,,,,,,,,,,,,,,,,,,,,,,,,,,,,,,,,,,,,,,,,,,,,,,,,,,,,,,,,,,,,,,,,
アヴァロ:1:「どうした？」,SC0100,「怎么了？」,SC0680,「怎么了？」,,,,,,,,,,,,,,,,,,,,,,,,,,,,,,,,,,,,,,,,,,,,,,,,,,,,,,,,,,,,,,,,,,,,,,,,,,,,,,,,,,,,,,,,,,,,,,,,,,,,,,,,,,,,,,,,,,,,,,,,,,,,,,,,,,,,,,,,,,,,,,,,,,,,,,,,,,,,
アヴァロ:1:「どうしたんだ？」,SC0000,「怎么了？」,SC0190,「怎么了？」,SC0190,「怎么了？」,,,,,,,,,,,,,,,,,,,,,,,,,,,,,,,,,,,,,,,,,,,,,,,,,,,,,,,,,,,,,,,,,,,,,,,,,,,,,,,,,,,,,,,,,,,,,,,,,,,,,,,,,,,,,,,,,,,,,,,,,,,,,,,,,,,,,,,,,,,,,,,,,,,,,,,,,,
アヴァロ:1:「どうして説明しなかった」,SC0190,「为什么不解释」,SC0190,「为什么不解释」,,,,,,,,,,,,,,,,,,,,,,,,,,,,,,,,,,,,,,,,,,,,,,,,,,,,,,,,,,,,,,,,,,,,,,,,,,,,,,,,,,,,,,,,,,,,,,,,,,,,,,,,,,,,,,,,,,,,,,,,,,,,,,,,,,,,,,,,,,,,,,,,,,,,,,,,,,,,
アヴァロ:1:「どうだ、いたか？」,SC0190,「怎么样，找到了吗？」,SC0190,「怎么样，找到了吗？」,,,,,,,,,,,,,,,,,,,,,,,,,,,,,,,,,,,,,,,,,,,,,,,,,,,,,,,,,,,,,,,,,,,,,,,,,,,,,,,,,,,,,,,,,,,,,,,,,,,,,,,,,,,,,,,,,,,,,,,,,,,,,,,,,,,,,,,,,,,,,,,,,,,,,,,,,,,,
アヴァロ:1:「とりあえず、この階層には関わりのない仕掛けみたいだ。探索に戻ろう」,SC6780,「总之，这机关似乎和这一层没什么关系。回去继续探索吧」,SC6780,「总之，这机关似乎和这一层没什么关系。回去继续探索吧」,,,,,,,,,,,,,,,,,,,,,,,,,,,,,,,,,,,,,,,,,,,,,,,,,,,,,,,,,,,,,,,,,,,,,,,,,,,,,,,,,,,,,,,,,,,,,,,,,,,,,,,,,,,,,,,,,,,,,,,,,,,,,,,,,,,,,,,,,,,,,,,,,,,,,,,,,,,,
アヴァロ:1:「なぁ、ガイダル」,SC0190,「喂，盖达鲁」,SC0190,「喂，盖达鲁」,,,,,,,,,,,,,,,,,,,,,,,,,,,,,,,,,,,,,,,,,,,,,,,,,,,,,,,,,,,,,,,,,,,,,,,,,,,,,,,,,,,,,,,,,,,,,,,,,,,,,,,,,,,,,,,,,,,,,,,,,,,,,,,,,,,,,,,,,,,,,,,,,,,,,,,,,,,,
アヴァロ:1:「なるほど分かった。なら、切り離した上で『城砦の機能』を規定に反しないものに変えればいいんだよな？」,SC0160,「原来如此，我明白了。那么，在分离之后，把‘城砦的功能’改造成不违背规定的形态就行了吧？」,SC0160,「原来如此，我明白了。那么，在分离之后，把‘城砦的功能’改造成不违背规定的形态就行了吧？」,,,,,,,,,,,,,,,,,,,,,,,,,,,,,,,,,,,,,,,,,,,,,,,,,,,,,,,,,,,,,,,,,,,,,,,,,,,,,,,,,,,,,,,,,,,,,,,,,,,,,,,,,,,,,,,,,,,,,,,,,,,,,,,,,,,,,,,,,,,,,,,,,,,,,,,,,,,,
アヴァロ:1:「フィア」,SC0100,「菲亚」,SC2000,「菲亚」,,,,,,,,,,,,,,,,,,,,,,,,,,,,,,,,,,,,,,,,,,,,,,,,,,,,,,,,,,,,,,,,,,,,,,,,,,,,,,,,,,,,,,,,,,,,,,,,,,,,,,,,,,,,,,,,,,,,,,,,,,,,,,,,,,,,,,,,,,,,,,,,,,,,,,,,,,,,
アヴァロ:1:「フィアがこの状態のままじゃマズいってのも、マーズテリアと本格的に戦うことでようやく分かった」,SC0160,「菲亚维持这种状态很危险这一点，也是在和马兹忒利亚真正交手后才终于明白的」,SC0160,「菲亚维持这种状态很危险这一点，也是在和马兹忒利亚真正交手后才终于明白的」,,,,,,,,,,,,,,,,,,,,,,,,,,,,,,,,,,,,,,,,,,,,,,,,,,,,,,,,,,,,,,,,,,,,,,,,,,,,,,,,,,,,,,,,,,,,,,,,,,,,,,,,,,,,,,,,,,,,,,,,,,,,,,,,,,,,,,,,,,,,,,,,,,,,,,,,,,,,
アヴァロ:1:「フィアが城砦から切り離されれば、フィアにも城砦にも単体では問題なくなる。だよな？」,SC0160,「只要菲亚与城砦分离，两者单独来看就都不会有问题……。对吧？」,SC0160,「只要菲亚与城砦分离，两者单独来看就都不会有问题……。对吧？」,,,,,,,,,,,,,,,,,,,,,,,,,,,,,,,,,,,,,,,,,,,,,,,,,,,,,,,,,,,,,,,,,,,,,,,,,,,,,,,,,,,,,,,,,,,,,,,,,,,,,,,,,,,,,,,,,,,,,,,,,,,,,,,,,,,,,,,,,,,,,,,,,,,,,,,,,,,,
アヴァロ:1:「フィアには記憶がないってのは、話したよな」,SC0160,「菲亚没有记忆这件事，我说过吧」,SC0160,「菲亚没有记忆这件事，我说过吧」,,,,,,,,,,,,,,,,,,,,,,,,,,,,,,,,,,,,,,,,,,,,,,,,,,,,,,,,,,,,,,,,,,,,,,,,,,,,,,,,,,,,,,,,,,,,,,,,,,,,,,,,,,,,,,,,,,,,,,,,,,,,,,,,,,,,,,,,,,,,,,,,,,,,,,,,,,,,
アヴァロ:1:「フィア？」,SC2620,「菲亚……？」,SC5920,「菲亚……？」,,,,,,,,,,,,,,,,,,,,,,,,,,,,,,,,,,,,,,,,,,,,,,,,,,,,,,,,,,,,,,,,,,,,,,,,,,,,,,,,,,,,,,,,,,,,,,,,,,,,,,,,,,,,,,,,,,,,,,,,,,,,,,,,,,,,,,,,,,,,,,,,,,,,,,,,,,,,
アヴァロ:1:「フィア」,SC0280,「菲亚……」,SC0680,「菲亚……」,SC2120,「菲亚……」,,,,,,,,,,,,,,,,,,,,,,,,,,,,,,,,,,,,,,,,,,,,,,,,,,,,,,,,,,,,,,,,,,,,,,,,,,,,,,,,,,,,,,,,,,,,,,,,,,,,,,,,,,,,,,,,,,,,,,,,,,,,,,,,,,,,,,,,,,,,,,,,,,,,,,,,,,
アヴァロ:1:「まぁそうなったら、被害がどれだけに及ぶのかとか、考えたくはないよな」,SC0160,「真到那一步的话……会造成多大的伤亡，我可真不想去想啊」,SC0160,「真到那一步的话……会造成多大的伤亡，我可真不想去想啊」,,,,,,,,,,,,,,,,,,,,,,,,,,,,,,,,,,,,,,,,,,,,,,,,,,,,,,,,,,,,,,,,,,,,,,,,,,,,,,,,,,,,,,,,,,,,,,,,,,,,,,,,,,,,,,,,,,,,,,,,,,,,,,,,,,,,,,,,,,,,,,,,,,,,,,,,,,,,
アヴァロ:1:「まぁそれは置いておいて、ここからが本題だ」,SC0160,「好，那事先放一放，接下来才是正题」,SC0160,「好，那事先放一放，接下来才是正题」,,,,,,,,,,,,,,,,,,,,,,,,,,,,,,,,,,,,,,,,,,,,,,,,,,,,,,,,,,,,,,,,,,,,,,,,,,,,,,,,,,,,,,,,,,,,,,,,,,,,,,,,,,,,,,,,,,,,,,,,,,,,,,,,,,,,,,,,,,,,,,,,,,,,,,,,,,,,
アヴァロ:1:「まだだ、まだ（行動は）終わらんよ」,SC6910,「还没呢，行动还没完哦」,SC6920,「还没呢，行动还没完哦」,,,,,,,,,,,,,,,,,,,,,,,,,,,,,,,,,,,,,,,,,,,,,,,,,,,,,,,,,,,,,,,,,,,,,,,,,,,,,,,,,,,,,,,,,,,,,,,,,,,,,,,,,,,,,,,,,,,,,,,,,,,,,,,,,,,,,,,,,,,,,,,,,,,,,,,,,,,,
アヴァロ:1:「ミクシュアナさん、アンタから考えて『軍事利用をしない城砦があることによるマーズテリアの利益』はあるか」,SC0160,「米克修亚娜，以你的立场来看，‘拥有一座不做军事利用的城砦’，对马兹忒利亚有什么好处吗」,SC0160,「米克修亚娜，以你的立场来看，‘拥有一座不做军事利用的城砦’，对马兹忒利亚有什么好处吗」,,,,,,,,,,,,,,,,,,,,,,,,,,,,,,,,,,,,,,,,,,,,,,,,,,,,,,,,,,,,,,,,,,,,,,,,,,,,,,,,,,,,,,,,,,,,,,,,,,,,,,,,,,,,,,,,,,,,,,,,,,,,,,,,,,,,,,,,,,,,,,,,,,,,,,,,,,,,
アヴァロ:1:「もしこの交渉が失敗した場合、俺たちは抵抗し続ける。場合によってはこの悪夢の兵器を用いてでも戦わざるを得ない」,SC0160,「如果这场谈判失败，我们会继续抵抗。视情况而定，甚至不得不动用这噩梦般的兵器一战」,SC0160,「如果这场谈判失败，我们会继续抵抗。视情况而定，甚至不得不动用这噩梦般的兵器一战」,,,,,,,,,,,,,,,,,,,,,,,,,,,,,,,,,,,,,,,,,,,,,,,,,,,,,,,,,,,,,,,,,,,,,,,,,,,,,,,,,,,,,,,,,,,,,,,,,,,,,,,,,,,,,,,,,,,,,,,,,,,,,,,,,,,,,,,,,,,,,,,,,,,,,,,,,,,,
アヴァロ:1:「やられち、まった。くそ、下手を打ったぜ。フィア、すまないっ」,$5$SC6320,「被打败了……可恶，是我失手了。菲亚，对不起……！」,SC6300,「被打败了……可恶，是我失手了。菲亚，对不起……！」,,,,,,,,,,,,,,,,,,,,,,,,,,,,,,,,,,,,,,,,,,,,,,,,,,,,,,,,,,,,,,,,,,,,,,,,,,,,,,,,,,,,,,,,,,,,,,,,,,,,,,,,,,,,,,,,,,,,,,,,,,,,,,,,,,,,,,,,,,,,,,,,,,,,,,,,,,,,
アヴァロ:1:「リシュはもう俺の大切な仲間だから。<ruby>磨<rt>みが</rt></ruby>いてきた技術で力になれるなら、それを嬉しく思う」,SC2120,「因为莉秀已经是我重要的伙伴了。若能用我打磨至今的技术帮上忙，我会很高兴」,SC2120,「因为莉秀已经是我重要的伙伴了。若能用我打磨至今的技术帮上忙，我会很高兴」,,,,,,,,,,,,,,,,,,,,,,,,,,,,,,,,,,,,,,,,,,,,,,,,,,,,,,,,,,,,,,,,,,,,,,,,,,,,,,,,,,,,,,,,,,,,,,,,,,,,,,,,,,,,,,,,,,,,,,,,,,,,,,,,,,,,,,,,,,,,,,,,,,,,,,,,,,,,
アヴァロ:1:「ん？　これは、祭壇か？」,$4$SC6870,「嗯？？这是祭坛吗？」,$4$SC6870,「嗯？？这是祭坛吗？」,,,,,,,,,,,,,,,,,,,,,,,,,,,,,,,,,,,,,,,,,,,,,,,,,,,,,,,,,,,,,,,,,,,,,,,,,,,,,,,,,,,,,,,,,,,,,,,,,,,,,,,,,,,,,,,,,,,,,,,,,,,,,,,,,,,,,,,,,,,,,,,,,,,,,,,,,,,,
アヴァロ:1:「俺たちが『フィアが死ぬ以外の解決方法』を見つけるまで、城砦の破壊を延期してくれ」,SC0160,「请你们将摧毁城砦的日期延后，直到我们找到‘除菲亚死去以外的解决方法’」,SC0160,「请你们将摧毁城砦的日期延后，直到我们找到‘除菲亚死去以外的解决方法’」,,,,,,,,,,,,,,,,,,,,,,,,,,,,,,,,,,,,,,,,,,,,,,,,,,,,,,,,,,,,,,,,,,,,,,,,,,,,,,,,,,,,,,,,,,,,,,,,,,,,,,,,,,,,,,,,,,,,,,,,,,,,,,,,,,,,,,,,,,,,,,,,,,,,,,,,,,,,
アヴァロ:1:「俺たちが個人的な感情で抵抗していることは分かっている」,SC0160,「我知道，我们是在凭个人感情抵抗」,SC0160,「我知道，我们是在凭个人感情抵抗」,,,,,,,,,,,,,,,,,,,,,,,,,,,,,,,,,,,,,,,,,,,,,,,,,,,,,,,,,,,,,,,,,,,,,,,,,,,,,,,,,,,,,,,,,,,,,,,,,,,,,,,,,,,,,,,,,,,,,,,,,,,,,,,,,,,,,,,,,,,,,,,,,,,,,,,,,,,,
アヴァロ:1:「俺はフィアを助けたい。今は早く先へ進みたいと思っている。だから」,SC0190,「我想救菲亚。现在只想尽快前进。所以……」,SC0190,「我想救菲亚。现在只想尽快前进。所以……」,,,,,,,,,,,,,,,,,,,,,,,,,,,,,,,,,,,,,,,,,,,,,,,,,,,,,,,,,,,,,,,,,,,,,,,,,,,,,,,,,,,,,,,,,,,,,,,,,,,,,,,,,,,,,,,,,,,,,,,,,,,,,,,,,,,,,,,,,,,,,,,,,,,,,,,,,,,,
アヴァロ:1:「解決方法によってはそうもならない」,SC0160,「根据解决方法的不同，倒也不一定是那样」,SC0160,「根据解决方法的不同，倒也不一定是那样」,,,,,,,,,,,,,,,,,,,,,,,,,,,,,,,,,,,,,,,,,,,,,,,,,,,,,,,,,,,,,,,,,,,,,,,,,,,,,,,,,,,,,,,,,,,,,,,,,,,,,,,,,,,,,,,,,,,,,,,,,,,,,,,,,,,,,,,,,,,,,,,,,,,,,,,,,,,,
アヴァロ:1:「街を整備したり、暮らしを便利にする為の手助けならいくらでも力になる。そういう方法での協力ならなんの<ruby>躊躇<rt>ためら</rt></ruby>いもない」,SC2120,「修缮城镇、让生活变得更便利，这种忙我随时都能帮。用这种方式合作，我绝不会犹豫」,SC2120,「修缮城镇、让生活变得更便利，这种忙我随时都能帮。用这种方式合作，我绝不会犹豫」,,,,,,,,,,,,,,,,,,,,,,,,,,,,,,,,,,,,,,,,,,,,,,,,,,,,,,,,,,,,,,,,,,,,,,,,,,,,,,,,,,,,,,,,,,,,,,,,,,,,,,,,,,,,,,,,,,,,,,,,,,,,,,,,,,,,,,,,,,,,,,,,,,,,,,,,,,,,
アヴァロ:1:「気色悪いことを言うな。鳥肌が立つ」,SC0190,「别说这种让人发毛的话。我都起鸡皮疙瘩了」,SC0190,「别说这种让人发毛的话。我都起鸡皮疙瘩了」,,,,,,,,,,,,,,,,,,,,,,,,,,,,,,,,,,,,,,,,,,,,,,,,,,,,,,,,,,,,,,,,,,,,,,,,,,,,,,,,,,,,,,,,,,,,,,,,,,,,,,,,,,,,,,,,,,,,,,,,,,,,,,,,,,,,,,,,,,,,,,,,,,,,,,,,,,,,
アヴァロ:1:「許可を通すのはお前じゃないだろ、ガイダル」,SC0190,「批准通行的不该是你吧，盖达鲁」,SC0190,「批准通行的不该是你吧，盖达鲁」,,,,,,,,,,,,,,,,,,,,,,,,,,,,,,,,,,,,,,,,,,,,,,,,,,,,,,,,,,,,,,,,,,,,,,,,,,,,,,,,,,,,,,,,,,,,,,,,,,,,,,,,,,,,,,,,,,,,,,,,,,,,,,,,,,,,,,,,,,,,,,,,,,,,,,,,,,,,
アヴァロ:1:「協力関係を結ぼう。もちろん、期間を限定してくれても構わない」,SC0160,「让我们缔结合作关系吧。当然，你们限定期限也无妨」,SC0160,「让我们缔结合作关系吧。当然，你们限定期限也无妨」,,,,,,,,,,,,,,,,,,,,,,,,,,,,,,,,,,,,,,,,,,,,,,,,,,,,,,,,,,,,,,,,,,,,,,,,,,,,,,,,,,,,,,,,,,,,,,,,,,,,,,,,,,,,,,,,,,,,,,,,,,,,,,,,,,,,,,,,,,,,,,,,,,,,,,,,,,,,
アヴァロ:1:「緊張するな」,SC6910,「别紧张啊」,SC6920,「别紧张啊」,,,,,,,,,,,,,,,,,,,,,,,,,,,,,,,,,,,,,,,,,,,,,,,,,,,,,,,,,,,,,,,,,,,,,,,,,,,,,,,,,,,,,,,,,,,,,,,,,,,,,,,,,,,,,,,,,,,,,,,,,,,,,,,,,,,,,,,,,,,,,,,,,,,,,,,,,,,,
アヴァロ:1:「現実的に考えて起こりうる可能性の一つだよ」,SC0160,「那是基于现实考量、确实可能发生的可能性之一哦」,SC0160,「那是基于现实考量、确实可能发生的可能性之一哦」,,,,,,,,,,,,,,,,,,,,,,,,,,,,,,,,,,,,,,,,,,,,,,,,,,,,,,,,,,,,,,,,,,,,,,,,,,,,,,,,,,,,,,,,,,,,,,,,,,,,,,,,,,,,,,,,,,,,,,,,,,,,,,,,,,,,,,,,,,,,,,,,,,,,,,,,,,,,
アヴァロ:1:「後ろに控えている赤い鎧の天使さんたちも、城砦に移り住むのか？」,SC0160,「身后那些穿着红色铠甲的天使们，也要搬进城砦吗？」,SC0160,「身后那些穿着红色铠甲的天使们，也要搬进城砦吗？」,,,,,,,,,,,,,,,,,,,,,,,,,,,,,,,,,,,,,,,,,,,,,,,,,,,,,,,,,,,,,,,,,,,,,,,,,,,,,,,,,,,,,,,,,,,,,,,,,,,,,,,,,,,,,,,,,,,,,,,,,,,,,,,,,,,,,,,,,,,,,,,,,,,,,,,,,,,,
アヴァロ:1:「行動終了だ」,SC6910,「行动结束」,SC6920,「行动结束」,,,,,,,,,,,,,,,,,,,,,,,,,,,,,,,,,,,,,,,,,,,,,,,,,,,,,,,,,,,,,,,,,,,,,,,,,,,,,,,,,,,,,,,,,,,,,,,,,,,,,,,,,,,,,,,,,,,,,,,,,,,,,,,,,,,,,,,,,,,,,,,,,,,,,,,,,,,,
アヴァロ:1:「最初から城砦のことを持ち出さず、カトリトをことを話していれば、少しは信用できたかもしれないのに」,SC0190,「如果从一开始就不提城砦的事，而是告诉我们卡特利特的事，说不定我们还能多信任你一些」,SC0190,「如果从一开始就不提城砦的事，而是告诉我们卡特利特的事，说不定我们还能多信任你一些」,,,,,,,,,,,,,,,,,,,,,,,,,,,,,,,,,,,,,,,,,,,,,,,,,,,,,,,,,,,,,,,,,,,,,,,,,,,,,,,,,,,,,,,,,,,,,,,,,,,,,,,,,,,,,,,,,,,,,,,,,,,,,,,,,,,,,,,,,,,,,,,,,,,,,,,,,,,,
アヴァロ:1:「次は頑張ろう」,SC6910,「下次再加油吧」,SC6920,「下次再加油吧」,,,,,,,,,,,,,,,,,,,,,,,,,,,,,,,,,,,,,,,,,,,,,,,,,,,,,,,,,,,,,,,,,,,,,,,,,,,,,,,,,,,,,,,,,,,,,,,,,,,,,,,,,,,,,,,,,,,,,,,,,,,,,,,,,,,,,,,,,,,,,,,,,,,,,,,,,,,,
アヴァロ:1:「実際にするつもりはもちろんない。交渉材料として、そういう状況も有り得ると神殿に伝えてくれればそれでいいんだ」,SC0160,「当然没打算真的那么做。只要你们把‘那种局面也有可能发生’作为谈判筹码传达给神殿，那就足够了」,SC0160,「当然没打算真的那么做。只要你们把‘那种局面也有可能发生’作为谈判筹码传达给神殿，那就足够了」,,,,,,,,,,,,,,,,,,,,,,,,,,,,,,,,,,,,,,,,,,,,,,,,,,,,,,,,,,,,,,,,,,,,,,,,,,,,,,,,,,,,,,,,,,,,,,,,,,,,,,,,,,,,,,,,,,,,,,,,,,,,,,,,,,,,,,,,,,,,,,,,,,,,,,,,,,,,
アヴァロ:1:「手持ちじゃ、入場料には届かないみたいだ。また、今度来てみよう」,$3$SC0840,「手头的钱好像不够入场费呢。改天再来吧」,$3$SC0840,「手头的钱好像不够入场费呢。改天再来吧」,$3$SC0840,「手头的钱好像不够入场费呢。改天再来吧」,,,,,,,,,,,,,,,,,,,,,,,,,,,,,,,,,,,,,,,,,,,,,,,,,,,,,,,,,,,,,,,,,,,,,,,,,,,,,,,,,,,,,,,,,,,,,,,,,,,,,,,,,,,,,,,,,,,,,,,,,,,,,,,,,,,,,,,,,,,,,,,,,,,,,,,,,,
アヴァロ:1:「処理実装保留中」,SC6910,「处理实装保留中」,SC6920,「处理实装保留中」,,,,,,,,,,,,,,,,,,,,,,,,,,,,,,,,,,,,,,,,,,,,,,,,,,,,,,,,,,,,,,,,,,,,,,,,,,,,,,,,,,,,,,,,,,,,,,,,,,,,,,,,,,,,,,,,,,,,,,,,,,,,,,,,,,,,,,,,,,,,,,,,,,,,,,,,,,,,
アヴァロ:1:「初めの方に少し言ったよな。交渉がしたいんだ。俺たちの要求は一つ、そう『時間』だ」,SC0160,「我一开始就说过一点吧。我想谈判。我们的要求只有一个，那就是‘时间’」,SC0160,「我一开始就说过一点吧。我想谈判。我们的要求只有一个，那就是‘时间’」,,,,,,,,,,,,,,,,,,,,,,,,,,,,,,,,,,,,,,,,,,,,,,,,,,,,,,,,,,,,,,,,,,,,,,,,,,,,,,,,,,,,,,,,,,,,,,,,,,,,,,,,,,,,,,,,,,,,,,,,,,,,,,,,,,,,,,,,,,,,,,,,,,,,,,,,,,,,
アヴァロ:1:「勝負！」,SC6910,「一决胜负！」,SC6920,「一决胜负！」,,,,,,,,,,,,,,,,,,,,,,,,,,,,,,,,,,,,,,,,,,,,,,,,,,,,,,,,,,,,,,,,,,,,,,,,,,,,,,,,,,,,,,,,,,,,,,,,,,,,,,,,,,,,,,,,,,,,,,,,,,,,,,,,,,,,,,,,,,,,,,,,,,,,,,,,,,,,
アヴァロ:1:「少なくとも俺は、そう思っている」,SC0160,「至少我是这么认为的」,SC0160,「至少我是这么认为的」,,,,,,,,,,,,,,,,,,,,,,,,,,,,,,,,,,,,,,,,,,,,,,,,,,,,,,,,,,,,,,,,,,,,,,,,,,,,,,,,,,,,,,,,,,,,,,,,,,,,,,,,,,,,,,,,,,,,,,,,,,,,,,,,,,,,,,,,,,,,,,,,,,,,,,,,,,,,
アヴァロ:1:「城砦に乗り込んで一緒に行くのはミクシュアナさんたちと他数名って感じか」,SC0160,「也就是说，登上城砦同行的，是米克修亚娜你们和其他几位吧」,SC0160,「也就是说，登上城砦同行的，是米克修亚娜你们和其他几位吧」,,,,,,,,,,,,,,,,,,,,,,,,,,,,,,,,,,,,,,,,,,,,,,,,,,,,,,,,,,,,,,,,,,,,,,,,,,,,,,,,,,,,,,,,,,,,,,,,,,,,,,,,,,,,,,,,,,,,,,,,,,,,,,,,,,,,,,,,,,,,,,,,,,,,,,,,,,,,
アヴァロ:1:「城砦は<ruby>禁忌<rt>きんき</rt></ruby>の存在だ。それを踏まえた状態で話がしたい」,SC0160,「城砦是禁忌之物。我想在承认这一点的前提下谈谈」,SC0160,「城砦是禁忌之物。我想在承认这一点的前提下谈谈」,,,,,,,,,,,,,,,,,,,,,,,,,,,,,,,,,,,,,,,,,,,,,,,,,,,,,,,,,,,,,,,,,,,,,,,,,,,,,,,,,,,,,,,,,,,,,,,,,,,,,,,,,,,,,,,,,,,,,,,,,,,,,,,,,,,,,,,,,,,,,,,,,,,,,,,,,,,,
アヴァロ:1:「心配だけど、ここからは俺たちが踏み込めない領域だよ」,SC0190,「虽然担心，但接下来就是我们不能插足的领域了」,SC0190,「虽然担心，但接下来就是我们不能插足的领域了」,,,,,,,,,,,,,,,,,,,,,,,,,,,,,,,,,,,,,,,,,,,,,,,,,,,,,,,,,,,,,,,,,,,,,,,,,,,,,,,,,,,,,,,,,,,,,,,,,,,,,,,,,,,,,,,,,,,,,,,,,,,,,,,,,,,,,,,,,,,,,,,,,,,,,,,,,,,,
アヴァロ:1:「水精サンバグ族のものと思わしき浮き彫り細工が飾られているな」,$4$SC6870,「这里装饰着像是水精桑巴格族之物的浮雕细工啊」,$4$SC6870,「这里装饰着像是水精桑巴格族之物的浮雕细工啊」,,,,,,,,,,,,,,,,,,,,,,,,,,,,,,,,,,,,,,,,,,,,,,,,,,,,,,,,,,,,,,,,,,,,,,,,,,,,,,,,,,,,,,,,,,,,,,,,,,,,,,,,,,,,,,,,,,,,,,,,,,,,,,,,,,,,,,,,,,,,,,,,,,,,,,,,,,,,
アヴァロ:1:「先代の長は、跡目争いで殺されたってことなのか」,SC0190,「也就是说，先代族长是在继承之争中被杀的吗」,SC0190,「也就是说，先代族长是在继承之争中被杀的吗」,,,,,,,,,,,,,,,,,,,,,,,,,,,,,,,,,,,,,,,,,,,,,,,,,,,,,,,,,,,,,,,,,,,,,,,,,,,,,,,,,,,,,,,,,,,,,,,,,,,,,,,,,,,,,,,,,,,,,,,,,,,,,,,,,,,,,,,,,,,,,,,,,,,,,,,,,,,,
アヴァロ:1:「戦っている内に頭が冷えたんだよ」,SC0160,「打着打着，头脑就冷静下来了」,SC0160,「打着打着，头脑就冷静下来了」,,,,,,,,,,,,,,,,,,,,,,,,,,,,,,,,,,,,,,,,,,,,,,,,,,,,,,,,,,,,,,,,,,,,,,,,,,,,,,,,,,,,,,,,,,,,,,,,,,,,,,,,,,,,,,,,,,,,,,,,,,,,,,,,,,,,,,,,,,,,,,,,,,,,,,,,,,,,
アヴァロ:1:「待ってくれ」,$5$SC2860,「等一下」,SC0590,「等一下」,,,,,,,,,,,,,,,,,,,,,,,,,,,,,,,,,,,,,,,,,,,,,,,,,,,,,,,,,,,,,,,,,,,,,,,,,,,,,,,,,,,,,,,,,,,,,,,,,,,,,,,,,,,,,,,,,,,,,,,,,,,,,,,,,,,,,,,,,,,,,,,,,,,,,,,,,,,,
アヴァロ:1:「待てよ」,SC0190,「等等」,SC0190,「等等」,,,,,,,,,,,,,,,,,,,,,,,,,,,,,,,,,,,,,,,,,,,,,,,,,,,,,,,,,,,,,,,,,,,,,,,,,,,,,,,,,,,,,,,,,,,,,,,,,,,,,,,,,,,,,,,,,,,,,,,,,,,,,,,,,,,,,,,,,,,,,,,,,,,,,,,,,,,,
アヴァロ:1:「賭け事は今の生活に影響が出るかもしれないし、入らないでおこう」,$3$SC0840,「赌局说不定会影响现在的生活，还是别进去了吧」,$3$SC0840,「赌局说不定会影响现在的生活，还是别进去了吧」,$3$SC0840,「赌局说不定会影响现在的生活，还是别进去了吧」,,,,,,,,,,,,,,,,,,,,,,,,,,,,,,,,,,,,,,,,,,,,,,,,,,,,,,,,,,,,,,,,,,,,,,,,,,,,,,,,,,,,,,,,,,,,,,,,,,,,,,,,,,,,,,,,,,,,,,,,,,,,,,,,,,,,,,,,,,,,,,,,,,,,,,,,,,
アヴァロ:1:「把握している分はこれで全部か。一度城砦に戻って確認してみよう」,$1$SC6830,「目前掌握到的就这些了吗。先回城砦确认一下吧」,$1$SC6830,「目前掌握到的就这些了吗。先回城砦确认一下吧」,$1$SC6830,「目前掌握到的就这些了吗。先回城砦确认一下吧」,$1$SC6830,「目前掌握到的就这些了吗。先回城砦确认一下吧」,$1$SC6830,「目前掌握到的就这些了吗。先回城砦确认一下吧」,,,,,,,,,,,,,,,,,,,,,,,,,,,,,,,,,,,,,,,,,,,,,,,,,,,,,,,,,,,,,,,,,,,,,,,,,,,,,,,,,,,,,,,,,,,,,,,,,,,,,,,,,,,,,,,,,,,,,,,,,,,,,,,,,,,,,,,,,,,,,,,,,,,,,,
アヴァロ:1:「竜族の問題に、旅で寄っただけの俺たちが首を突っ込んじゃいけない気がする」,SC0190,「龙族的问题，不该由只是途经此地的我们插手」,SC0190,「龙族的问题，不该由只是途经此地的我们插手」,,,,,,,,,,,,,,,,,,,,,,,,,,,,,,,,,,,,,,,,,,,,,,,,,,,,,,,,,,,,,,,,,,,,,,,,,,,,,,,,,,,,,,,,,,,,,,,,,,,,,,,,,,,,,,,,,,,,,,,,,,,,,,,,,,,,,,,,,,,,,,,,,,,,,,,,,,,,
アヴァロ:1:「」,SC1620,「……」,SC1620,「……」,SC2060,「……」,SC2500,「……」,SC2500,「……」,SC3090,「……」,,,,,,,,,,,,,,,,,,,,,,,,,,,,,,,,,,,,,,,,,,,,,,,,,,,,,,,,,,,,,,,,,,,,,,,,,,,,,,,,,,,,,,,,,,,,,,,,,,,,,,,,,,,,,,,,,,,,,,,,,,,,,,,,,,,,,,,,,,,,,,,,,,,,
アヴァロ:1:「ありがとう」,SC0280,「……谢谢」,SC2150,「……谢谢」,SC6790,「……谢谢」,,,,,,,,,,,,,,,,,,,,,,,,,,,,,,,,,,,,,,,,,,,,,,,,,,,,,,,,,,,,,,,,,,,,,,,,,,,,,,,,,,,,,,,,,,,,,,,,,,,,,,,,,,,,,,,,,,,,,,,,,,,,,,,,,,,,,,,,,,,,,,,,,,,,,,,,,,
アヴァロ:1:「いいのか？」,SC0680,「……可以吗？」,SC1590,「……可以吗？」,,,,,,,,,,,,,,,,,,,,,,,,,,,,,,,,,,,,,,,,,,,,,,,,,,,,,,,,,,,,,,,,,,,,,,,,,,,,,,,,,,,,,,,,,,,,,,,,,,,,,,,,,,,,,,,,,,,,,,,,,,,,,,,,,,,,,,,,,,,,,,,,,,,,,,,,,,,,
アヴァロ:1:「いやー、ほんと絶景、だよな」,SC0160,「……哎呀，真是……绝景，对吧」,SC0160,「……哎呀，真是……绝景，对吧」,,,,,,,,,,,,,,,,,,,,,,,,,,,,,,,,,,,,,,,,,,,,,,,,,,,,,,,,,,,,,,,,,,,,,,,,,,,,,,,,,,,,,,,,,,,,,,,,,,,,,,,,,,,,,,,,,,,,,,,,,,,,,,,,,,,,,,,,,,,,,,,,,,,,,,,,,,,,
アヴァロ:1:「そうかよ」,SC0740,「……是吗」,SC2190,「……是吗」,SC2500,「……是吗」,,,,,,,,,,,,,,,,,,,,,,,,,,,,,,,,,,,,,,,,,,,,,,,,,,,,,,,,,,,,,,,,,,,,,,,,,,,,,,,,,,,,,,,,,,,,,,,,,,,,,,,,,,,,,,,,,,,,,,,,,,,,,,,,,,,,,,,,,,,,,,,,,,,,,,,,,,
アヴァロ:1:「どうした？」,SC0800,「……怎么了？」,SC2150,「……怎么了？」,SC2710,「……怎么了？」,,,,,,,,,,,,,,,,,,,,,,,,,,,,,,,,,,,,,,,,,,,,,,,,,,,,,,,,,,,,,,,,,,,,,,,,,,,,,,,,,,,,,,,,,,,,,,,,,,,,,,,,,,,,,,,,,,,,,,,,,,,,,,,,,,,,,,,,,,,,,,,,,,,,,,,,,,
アヴァロ:1:「なるほど」,SC0250,「……原来如此」,SC2180,「……原来如此」,SC2180,「……原来如此」,,,,,,,,,,,,,,,,,,,,,,,,,,,,,,,,,,,,,,,,,,,,,,,,,,,,,,,,,,,,,,,,,,,,,,,,,,,,,,,,,,,,,,,,,,,,,,,,,,,,,,,,,,,,,,,,,,,,,,,,,,,,,,,,,,,,,,,,,,,,,,,,,,,,,,,,,,
アヴァロ:1:「もしかしてまだ戦うつもりなのか？　まだ俺たちはやれる、みたいな」,SC0190,「……难道他们还打算再战吗？像是『我们还能打』之类的」,SC0190,「……难道他们还打算再战吗？像是『我们还能打』之类的」,,,,,,,,,,,,,,,,,,,,,,,,,,,,,,,,,,,,,,,,,,,,,,,,,,,,,,,,,,,,,,,,,,,,,,,,,,,,,,,,,,,,,,,,,,,,,,,,,,,,,,,,,,,,,,,,,,,,,,,,,,,,,,,,,,,,,,,,,,,,,,,,,,,,,,,,,,,,
アヴァロ:1:「ん？」,SC0190,「……嗯？」,SC1620,「……嗯？」,SC2090,「……嗯？」,SC2090,「……嗯？」,,,,,,,,,,,,,,,,,,,,,,,,,,,,,,,,,,,,,,,,,,,,,,,,,,,,,,,,,,,,,,,,,,,,,,,,,,,,,,,,,,,,,,,,,,,,,,,,,,,,,,,,,,,,,,,,,,,,,,,,,,,,,,,,,,,,,,,,,,,,,,,,,,,,,,,,
アヴァロ:1:「元凶ってのは、カルメルグのことか？」,SC0190,「……所谓元凶，是指卡尔梅尔格吗？」,SC0190,「……所谓元凶，是指卡尔梅尔格吗？」,,,,,,,,,,,,,,,,,,,,,,,,,,,,,,,,,,,,,,,,,,,,,,,,,,,,,,,,,,,,,,,,,,,,,,,,,,,,,,,,,,,,,,,,,,,,,,,,,,,,,,,,,,,,,,,,,,,,,,,,,,,,,,,,,,,,,,,,,,,,,,,,,,,,,,,,,,,,
アヴァロ:1:「は？」,SC0740,「…………哈？」,SC2800,「…………哈？」,,,,,,,,,,,,,,,,,,,,,,,,,,,,,,,,,,,,,,,,,,,,,,,,,,,,,,,,,,,,,,,,,,,,,,,,,,,,,,,,,,,,,,,,,,,,,,,,,,,,,,,,,,,,,,,,,,,,,,,,,,,,,,,,,,,,,,,,,,,,,,,,,,,,,,,,,,,,
イオル:3:「うん。分かった」,SC2060,「嗯。明白了」,SC2060,「嗯。明白了」,,,,,,,,,,,,,,,,,,,,,,,,,,,,,,,,,,,,,,,,,,,,,,,,,,,,,,,,,,,,,,,,,,,,,,,,,,,,,,,,,,,,,,,,,,,,,,,,,,,,,,,,,,,,,,,,,,,,,,,,,,,,,,,,,,,,,,,,,,,,,,,,,,,,,,,,,,,,
イオル:3:「お湯と水の違い、温度だけ。よく分からない理論は良くない」,SP0162,「热水和水的差别，只有温度。搞不懂的理论，不好」,SP0163,「热水和水的差别，只有温度。搞不懂的理论，不好」,,,,,,,,,,,,,,,,,,,,,,,,,,,,,,,,,,,,,,,,,,,,,,,,,,,,,,,,,,,,,,,,,,,,,,,,,,,,,,,,,,,,,,,,,,,,,,,,,,,,,,,,,,,,,,,,,,,,,,,,,,,,,,,,,,,,,,,,,,,,,,,,,,,,,,,,,,,,
イオル:3:「にゅわー。お湯が飛んでくるー。助けて女神様ー」,SP0162,「呜哇——。热水泼过来了——。救命啊，女神大人——」,SP0163,「呜哇——。热水泼过来了——。救命啊，女神大人——」,,,,,,,,,,,,,,,,,,,,,,,,,,,,,,,,,,,,,,,,,,,,,,,,,,,,,,,,,,,,,,,,,,,,,,,,,,,,,,,,,,,,,,,,,,,,,,,,,,,,,,,,,,,,,,,,,,,,,,,,,,,,,,,,,,,,,,,,,,,,,,,,,,,,,,,,,,,,
イオル:3:「ミケユ、お胸、ない」,SP0162,「米凯优，胸部，没有」,SP0163,「米凯优，胸部，没有」,,,,,,,,,,,,,,,,,,,,,,,,,,,,,,,,,,,,,,,,,,,,,,,,,,,,,,,,,,,,,,,,,,,,,,,,,,,,,,,,,,,,,,,,,,,,,,,,,,,,,,,,,,,,,,,,,,,,,,,,,,,,,,,,,,,,,,,,,,,,,,,,,,,,,,,,,,,,
イオル:3:「よせて、あげて、ちっぱいの背比べ」,SP0162,「收拢、上托、平胸比高低」,SP0163,「收拢、上托、平胸比高低」,,,,,,,,,,,,,,,,,,,,,,,,,,,,,,,,,,,,,,,,,,,,,,,,,,,,,,,,,,,,,,,,,,,,,,,,,,,,,,,,,,,,,,,,,,,,,,,,,,,,,,,,,,,,,,,,,,,,,,,,,,,,,,,,,,,,,,,,,,,,,,,,,,,,,,,,,,,,
イオル:3:「移動終わり」,SC6910,「移动结束」,SC6920,「移动结束」,,,,,,,,,,,,,,,,,,,,,,,,,,,,,,,,,,,,,,,,,,,,,,,,,,,,,,,,,,,,,,,,,,,,,,,,,,,,,,,,,,,,,,,,,,,,,,,,,,,,,,,,,,,,,,,,,,,,,,,,,,,,,,,,,,,,,,,,,,,,,,,,,,,,,,,,,,,,
イオル:3:「結論。おっぱいには乗れない。つまりイオは入れない」,SP0162,「结论。不能乘着胸部。所以伊欧不进水里」,SP0163,「结论。不能乘着胸部。所以伊欧不进水里」,,,,,,,,,,,,,,,,,,,,,,,,,,,,,,,,,,,,,,,,,,,,,,,,,,,,,,,,,,,,,,,,,,,,,,,,,,,,,,,,,,,,,,,,,,,,,,,,,,,,,,,,,,,,,,,,,,,,,,,,,,,,,,,,,,,,,,,,,,,,,,,,,,,,,,,,,,,,
イオル:3:「参考にする」,SC2030,「记下了」,SC2500,「记下了」,,,,,,,,,,,,,,,,,,,,,,,,,,,,,,,,,,,,,,,,,,,,,,,,,,,,,,,,,,,,,,,,,,,,,,,,,,,,,,,,,,,,,,,,,,,,,,,,,,,,,,,,,,,,,,,,,,,,,,,,,,,,,,,,,,,,,,,,,,,,,,,,,,,,,,,,,,,,
イオル:3:「食べる」,SC2090,「吃掉」,SC2150,「吃掉」,,,,,,,,,,,,,,,,,,,,,,,,,,,,,,,,,,,,,,,,,,,,,,,,,,,,,,,,,,,,,,,,,,,,,,,,,,,,,,,,,,,,,,,,,,,,,,,,,,,,,,,,,,,,,,,,,,,,,,,,,,,,,,,,,,,,,,,,,,,,,,,,,,,,,,,,,,,,
イオル:3:「神さま、えろい」,$1$SC2820,「神明大人，好色」,$3$SC2340,「神明大人，好色」,,,,,,,,,,,,,,,,,,,,,,,,,,,,,,,,,,,,,,,,,,,,,,,,,,,,,,,,,,,,,,,,,,,,,,,,,,,,,,,,,,,,,,,,,,,,,,,,,,,,,,,,,,,,,,,,,,,,,,,,,,,,,,,,,,,,,,,,,,,,,,,,,,,,,,,,,,,,
イオル:3:「神さま、好き」,$3$SC2340,「神明大人，喜欢」,SC2060,「神明大人，喜欢」,,,,,,,,,,,,,,,,,,,,,,,,,,,,,,,,,,,,,,,,,,,,,,,,,,,,,,,,,,,,,,,,,,,,,,,,,,,,,,,,,,,,,,,,,,,,,,,,,,,,,,,,,,,,,,,,,,,,,,,,,,,,,,,,,,,,,,,,,,,,,,,,,,,,,,,,,,,,
イオル:3:「水には入れない。天敵」,SP0162,「不能进水。是天敌」,SP0163,「不能进水。是天敌」,,,,,,,,,,,,,,,,,,,,,,,,,,,,,,,,,,,,,,,,,,,,,,,,,,,,,,,,,,,,,,,,,,,,,,,,,,,,,,,,,,,,,,,,,,,,,,,,,,,,,,,,,,,,,,,,,,,,,,,,,,,,,,,,,,,,,,,,,,,,,,,,,,,,,,,,,,,,
イオル:3:「あ、う」,$3$SC6050,「……啊、唔」,SC0040,「……啊、唔」,,,,,,,,,,,,,,,,,,,,,,,,,,,,,,,,,,,,,,,,,,,,,,,,,,,,,,,,,,,,,,,,,,,,,,,,,,,,,,,,,,,,,,,,,,,,,,,,,,,,,,,,,,,,,,,,,,,,,,,,,,,,,,,,,,,,,,,,,,,,,,,,,,,,,,,,,,,,
イオル:3:「また来る」,SC5740,「……我还会再来」,SC5740,「……我还会再来」,,,,,,,,,,,,,,,,,,,,,,,,,,,,,,,,,,,,,,,,,,,,,,,,,,,,,,,,,,,,,,,,,,,,,,,,,,,,,,,,,,,,,,,,,,,,,,,,,,,,,,,,,,,,,,,,,,,,,,,,,,,,,,,,,,,,,,,,,,,,,,,,,,,,,,,,,,,,
イオル:3:「」,SC0040,「…………」,SC0100,「…………」,SC0500,「…………」,SC0590,「…………」,SC1650,「…………」,SC2030,「…………」,SC2030,「…………」,SC2030,「…………」,SC2030,「…………」,SC2120,「…………」,,,,,,,,,,,,,,,,,,,,,,,,,,,,,,,,,,,,,,,,,,,,,,,,,,,,,,,,,,,,,,,,,,,,,,,,,,,,,,,,,,,,,,,,,,,,,,,,,,,,,,,,,,,,,,,,,,,,,,,,,,,,,,,,,,,,,,,,,,,,
インフルース騎士:9b:「おおっ！」,SC1500,「哦哦！」,SC2150,「哦哦！」,,,,,,,,,,,,,,,,,,,,,,,,,,,,,,,,,,,,,,,,,,,,,,,,,,,,,,,,,,,,,,,,,,,,,,,,,,,,,,,,,,,,,,,,,,,,,,,,,,,,,,,,,,,,,,,,,,,,,,,,,,,,,,,,,,,,,,,,,,,,,,,,,,,,,,,,,,,,
ヴァレフォル:16:「むぅぅ～」,$1$SC0330,「唔唔～」,$1$SC3320,「唔唔～」,,,,,,,,,,,,,,,,,,,,,,,,,,,,,,,,,,,,,,,,,,,,,,,,,,,,,,,,,,,,,,,,,,,,,,,,,,,,,,,,,,,,,,,,,,,,,,,,,,,,,,,,,,,,,,,,,,,,,,,,,,,,,,,,,,,,,,,,,,,,,,,,,,,,,,,,,,,,
ガイダル:aa:「アヴァロ君。私はカトリトが王として振る舞えるよう支える役目がある」,SC0190,「阿瓦罗。我肩负着扶持卡特利特、让她能以王的身份行事的职责」,SC0190,「阿瓦罗。我肩负着扶持卡特利特、让她能以王的身份行事的职责」,,,,,,,,,,,,,,,,,,,,,,,,,,,,,,,,,,,,,,,,,,,,,,,,,,,,,,,,,,,,,,,,,,,,,,,,,,,,,,,,,,,,,,,,,,,,,,,,,,,,,,,,,,,,,,,,,,,,,,,,,,,,,,,,,,,,,,,,,,,,,,,,,,,,,,,,,,,,
ガイダル:aa:「おかげで相手の意表を突くことができた。そうだろう？」,SC0190,「托此之福，才能打对方一个措手不及。对吧？」,SC0190,「托此之福，才能打对方一个措手不及。对吧？」,,,,,,,,,,,,,,,,,,,,,,,,,,,,,,,,,,,,,,,,,,,,,,,,,,,,,,,,,,,,,,,,,,,,,,,,,,,,,,,,,,,,,,,,,,,,,,,,,,,,,,,,,,,,,,,,,,,,,,,,,,,,,,,,,,,,,,,,,,,,,,,,,,,,,,,,,,,,
ガイダル:aa:「お互い様だろう？　アヴァロ君は私の商会や情報を利用して竜族に打ち勝った」,SC0190,「彼此彼此吧？阿瓦罗你，不也是利用我的商会和情报，才战胜了龙族吗」,SC0190,「彼此彼此吧？阿瓦罗你，不也是利用我的商会和情报，才战胜了龙族吗」,,,,,,,,,,,,,,,,,,,,,,,,,,,,,,,,,,,,,,,,,,,,,,,,,,,,,,,,,,,,,,,,,,,,,,,,,,,,,,,,,,,,,,,,,,,,,,,,,,,,,,,,,,,,,,,,,,,,,,,,,,,,,,,,,,,,,,,,,,,,,,,,,,,,,,,,,,,,
ガイダル:aa:「この世は助け合いだよ。本当の意味で１人で生きているなんてことはないんだ」,SC0190,「这世间本就是互助互利的。没有人是真正意义上独自活着的」,SC0190,「这世间本就是互助互利的。没有人是真正意义上独自活着的」,,,,,,,,,,,,,,,,,,,,,,,,,,,,,,,,,,,,,,,,,,,,,,,,,,,,,,,,,,,,,,,,,,,,,,,,,,,,,,,,,,,,,,,,,,,,,,,,,,,,,,,,,,,,,,,,,,,,,,,,,,,,,,,,,,,,,,,,,,,,,,,,,,,,,,,,,,,,
ガイダル:aa:「これからは父親の想いを継いで、立派に成長して、竜族を導かなければならない」,SC0190,「今后，她要继承父亲的遗志，茁壮成长，带领龙族前行」,SC0190,「今后，她要继承父亲的遗志，茁壮成长，带领龙族前行」,,,,,,,,,,,,,,,,,,,,,,,,,,,,,,,,,,,,,,,,,,,,,,,,,,,,,,,,,,,,,,,,,,,,,,,,,,,,,,,,,,,,,,,,,,,,,,,,,,,,,,,,,,,,,,,,,,,,,,,,,,,,,,,,,,,,,,,,,,,,,,,,,,,,,,,,,,,,
ガイダル:aa:「さて、アヴァロ君たちはこれから先へ進むのかな」,SC0190,「那么，阿瓦罗你们接下来要继续前进了吗」,SC0190,「那么，阿瓦罗你们接下来要继续前进了吗」,,,,,,,,,,,,,,,,,,,,,,,,,,,,,,,,,,,,,,,,,,,,,,,,,,,,,,,,,,,,,,,,,,,,,,,,,,,,,,,,,,,,,,,,,,,,,,,,,,,,,,,,,,,,,,,,,,,,,,,,,,,,,,,,,,,,,,,,,,,,,,,,,,,,,,,,,,,,
ガイダル:aa:「そうなるね。どうにもこの子の<ruby>境遇<rt>きょうぐう</rt></ruby>を知ると放っておけなかった」,SC0190,「可以这么说。得知这孩子的境遇后，我实在无法坐视不管」,SC0190,「可以这么说。得知这孩子的境遇后，我实在无法坐视不管」,,,,,,,,,,,,,,,,,,,,,,,,,,,,,,,,,,,,,,,,,,,,,,,,,,,,,,,,,,,,,,,,,,,,,,,,,,,,,,,,,,,,,,,,,,,,,,,,,,,,,,,,,,,,,,,,,,,,,,,,,,,,,,,,,,,,,,,,,,,,,,,,,,,,,,,,,,,,
ガイダル:aa:「そのようだ。立場に<ruby>固執<rt>こしつ</rt></ruby>する争いというのは、いつの世も<ruby>醜<rt>みにく</rt></ruby>いねぇ。その裏で悲しい想いをする子供がいるということを、決して忘れてはいけないよ」,SC0190,「似乎是如此。执着于地位的争斗，无论哪个时代都是丑陋的啊。绝不能忘记，在那些争斗背后，还有孩子因此悲伤」,SC0190,「似乎是如此。执着于地位的争斗，无论哪个时代都是丑陋的啊。绝不能忘记，在那些争斗背后，还有孩子因此悲伤」,,,,,,,,,,,,,,,,,,,,,,,,,,,,,,,,,,,,,,,,,,,,,,,,,,,,,,,,,,,,,,,,,,,,,,,,,,,,,,,,,,,,,,,,,,,,,,,,,,,,,,,,,,,,,,,,,,,,,,,,,,,,,,,,,,,,,,,,,,,,,,,,,,,,,,,,,,,,
ガイダル:aa:「その通りだよ」,SC0190,「正是如此」,SC0190,「正是如此」,,,,,,,,,,,,,,,,,,,,,,,,,,,,,,,,,,,,,,,,,,,,,,,,,,,,,,,,,,,,,,,,,,,,,,,,,,,,,,,,,,,,,,,,,,,,,,,,,,,,,,,,,,,,,,,,,,,,,,,,,,,,,,,,,,,,,,,,,,,,,,,,,,,,,,,,,,,,
ガイダル:aa:「その物言いにも慣れてきたよ。そろそろ癖になりそうだ」,SC0190,「我对你这说话方式也习惯了。再这样下去都要成习惯了」,SC0190,「我对你这说话方式也习惯了。再这样下去都要成习惯了」,,,,,,,,,,,,,,,,,,,,,,,,,,,,,,,,,,,,,,,,,,,,,,,,,,,,,,,,,,,,,,,,,,,,,,,,,,,,,,,,,,,,,,,,,,,,,,,,,,,,,,,,,,,,,,,,,,,,,,,,,,,,,,,,,,,,,,,,,,,,,,,,,,,,,,,,,,,,
ガイダル:aa:「でももう心配ない。<ruby>元凶<rt>げんきょう</rt></ruby>はいなくなったからね」,SC0190,「不过现在已经不必担心了。因为元凶已经消失了」,SC0190,「不过现在已经不必担心了。因为元凶已经消失了」,,,,,,,,,,,,,,,,,,,,,,,,,,,,,,,,,,,,,,,,,,,,,,,,,,,,,,,,,,,,,,,,,,,,,,,,,,,,,,,,,,,,,,,,,,,,,,,,,,,,,,,,,,,,,,,,,,,,,,,,,,,,,,,,,,,,,,,,,,,,,,,,,,,,,,,,,,,,
ガイダル:aa:「どこから情報が漏れるか分からないからね。細心の注意を払っていたんだよ」,SC0190,「因为不知道情报会从哪里泄露出去啊。我一直都万分谨慎」,SC0190,「因为不知道情报会从哪里泄露出去啊。我一直都万分谨慎」,,,,,,,,,,,,,,,,,,,,,,,,,,,,,,,,,,,,,,,,,,,,,,,,,,,,,,,,,,,,,,,,,,,,,,,,,,,,,,,,,,,,,,,,,,,,,,,,,,,,,,,,,,,,,,,,,,,,,,,,,,,,,,,,,,,,,,,,,,,,,,,,,,,,,,,,,,,,
ガイダル:aa:「なんとか逃亡を防げてよかったよ。この子の父親の<ruby>仇<rt>かたき</rt></ruby>も討つことができた」,SC0190,「总算是拦住了他，真是太好了。也算是为这孩子的父亲报了仇」,SC0190,「总算是拦住了他，真是太好了。也算是为这孩子的父亲报了仇」,,,,,,,,,,,,,,,,,,,,,,,,,,,,,,,,,,,,,,,,,,,,,,,,,,,,,,,,,,,,,,,,,,,,,,,,,,,,,,,,,,,,,,,,,,,,,,,,,,,,,,,,,,,,,,,,,,,,,,,,,,,,,,,,,,,,,,,,,,,,,,,,,,,,,,,,,,,,
ガイダル:aa:「まだ父親を亡くした悲しみに<ruby>囚<rt>とら</rt></ruby>われているんだ。あまり<ruby>奇異<rt>きい</rt></ruby>の視線を向けないであげて欲しい」,SC0190,「她还沉浸在丧父的悲痛之中。请不要太用异样的目光看她」,SC0190,「她还沉浸在丧父的悲痛之中。请不要太用异样的目光看她」,,,,,,,,,,,,,,,,,,,,,,,,,,,,,,,,,,,,,,,,,,,,,,,,,,,,,,,,,,,,,,,,,,,,,,,,,,,,,,,,,,,,,,,,,,,,,,,,,,,,,,,,,,,,,,,,,,,,,,,,,,,,,,,,,,,,,,,,,,,,,,,,,,,,,,,,,,,,
ガイダル:aa:「もう竜族は城砦に敵対したりしない。<ruby>快<rt>こころよ</rt></ruby>く通行を見届けてくれるよ」,SC0190,「龙族已经不会再与城砦为敌了。他们会愉快地目送你们通行」,SC0190,「龙族已经不会再与城砦为敌了。他们会愉快地目送你们通行」,,,,,,,,,,,,,,,,,,,,,,,,,,,,,,,,,,,,,,,,,,,,,,,,,,,,,,,,,,,,,,,,,,,,,,,,,,,,,,,,,,,,,,,,,,,,,,,,,,,,,,,,,,,,,,,,,,,,,,,,,,,,,,,,,,,,,,,,,,,,,,,,,,,,,,,,,,,,
ガイダル:aa:「もちろん。後で場所を教えよう。争っていたとはいえ竜族の重臣、葬儀は必要だろうからね」,SC0190,「当然。稍后我会告诉你地点。虽说曾为敌，但他毕竟是龙族重臣，总该办场葬礼」,SC0190,「当然。稍后我会告诉你地点。虽说曾为敌，但他毕竟是龙族重臣，总该办场葬礼」,,,,,,,,,,,,,,,,,,,,,,,,,,,,,,,,,,,,,,,,,,,,,,,,,,,,,,,,,,,,,,,,,,,,,,,,,,,,,,,,,,,,,,,,,,,,,,,,,,,,,,,,,,,,,,,,,,,,,,,,,,,,,,,,,,,,,,,,,,,,,,,,,,,,,,,,,,,,
ガイダル:aa:「よく頑張ったね。それでこそ竜族の王だよ」,SC0190,「你做得很好。这才像是龙族之王」,SC0190,「你做得很好。这才像是龙族之王」,,,,,,,,,,,,,,,,,,,,,,,,,,,,,,,,,,,,,,,,,,,,,,,,,,,,,,,,,,,,,,,,,,,,,,,,,,,,,,,,,,,,,,,,,,,,,,,,,,,,,,,,,,,,,,,,,,,,,,,,,,,,,,,,,,,,,,,,,,,,,,,,,,,,,,,,,,,,
ガイダル:aa:「気を付けることだ。彼らは竜族と同じく城砦を排除するだろう」,SC0190,「要小心。他们多半会像龙族一样，试图排除城砦」,SC0190,「要小心。他们多半会像龙族一样，试图排除城砦」,,,,,,,,,,,,,,,,,,,,,,,,,,,,,,,,,,,,,,,,,,,,,,,,,,,,,,,,,,,,,,,,,,,,,,,,,,,,,,,,,,,,,,,,,,,,,,,,,,,,,,,,,,,,,,,,,,,,,,,,,,,,,,,,,,,,,,,,,,,,,,,,,,,,,,,,,,,,
ガイダル:aa:「共に道を歩む同胞よ、健闘を祈る。この理不尽な世界が強いる境遇に負けないように、人間の希望を守って欲しい」,SC5860,「愿与我们同行的同胞，祝你们武运昌隆。愿你们不被这无理世界强加的境遇所压倒，守护好人类的希望」,SC6660,「愿与我们同行的同胞，祝你们武运昌隆。愿你们不被这无理世界强加的境遇所压倒，守护好人类的希望」,,,,,,,,,,,,,,,,,,,,,,,,,,,,,,,,,,,,,,,,,,,,,,,,,,,,,,,,,,,,,,,,,,,,,,,,,,,,,,,,,,,,,,,,,,,,,,,,,,,,,,,,,,,,,,,,,,,,,,,,,,,,,,,,,,,,,,,,,,,,,,,,,,,,,,,,,,,,
ガイダル:aa:「恐いね。視線だけで人を殺してしまいそうだ」,SC6660,「真可怕啊。光是眼神就能把人杀死似的。」,SC6660,「真可怕啊。光是眼神就能把人杀死似的。」,,,,,,,,,,,,,,,,,,,,,,,,,,,,,,,,,,,,,,,,,,,,,,,,,,,,,,,,,,,,,,,,,,,,,,,,,,,,,,,,,,,,,,,,,,,,,,,,,,,,,,,,,,,,,,,,,,,,,,,,,,,,,,,,,,,,,,,,,,,,,,,,,,,,,,,,,,,,
ガイダル:aa:「大丈夫、この子は正統な血族だよ。それは私が保証しよう」,SC0190,「放心，这孩子是正统的血族。这一点我来保证」,SC0190,「放心，这孩子是正统的血族。这一点我来保证」,,,,,,,,,,,,,,,,,,,,,,,,,,,,,,,,,,,,,,,,,,,,,,,,,,,,,,,,,,,,,,,,,,,,,,,,,,,,,,,,,,,,,,,,,,,,,,,,,,,,,,,,,,,,,,,,,,,,,,,,,,,,,,,,,,,,,,,,,,,,,,,,,,,,,,,,,,,,
ガイダル:aa:「大丈夫、すぐに追いつくよ。アヴァロ君に寂しい思いはさせないさ」,SC0190,「放心，我很快就会追上的。不会让阿瓦罗你感到寂寞的」,SC0190,「放心，我很快就会追上的。不会让阿瓦罗你感到寂寞的」,,,,,,,,,,,,,,,,,,,,,,,,,,,,,,,,,,,,,,,,,,,,,,,,,,,,,,,,,,,,,,,,,,,,,,,,,,,,,,,,,,,,,,,,,,,,,,,,,,,,,,,,,,,,,,,,,,,,,,,,,,,,,,,,,,,,,,,,,,,,,,,,,,,,,,,,,,,,
ガイダル:aa:「利用なんて、ただの言葉だよ。私たちはそれぞれの事情を懸けて助け合った。言い方を変えるだけで美談になる」,SC0190,「所谓利用，不过是说法而已。我们是各自赌上自己的处境、互相扶持。换个说法，就能成为一段佳话」,SC0190,「所谓利用，不过是说法而已。我们是各自赌上自己的处境、互相扶持。换个说法，就能成为一段佳话」,,,,,,,,,,,,,,,,,,,,,,,,,,,,,,,,,,,,,,,,,,,,,,,,,,,,,,,,,,,,,,,,,,,,,,,,,,,,,,,,,,,,,,,,,,,,,,,,,,,,,,,,,,,,,,,,,,,,,,,,,,,,,,,,,,,,,,,,,,,,,,,,,,,,,,,,,,,,
ガイダル:aa:「ふふ、その通りだね。それじゃあこの子に聞いてみるといい」,SC0190,「……呵呵，你说得对。那就问问这孩子吧」,SC0190,「……呵呵，你说得对。那就问问这孩子吧」,,,,,,,,,,,,,,,,,,,,,,,,,,,,,,,,,,,,,,,,,,,,,,,,,,,,,,,,,,,,,,,,,,,,,,,,,,,,,,,,,,,,,,,,,,,,,,,,,,,,,,,,,,,,,,,,,,,,,,,,,,,,,,,,,,,,,,,,,,,,,,,,,,,,,,,,,,,,
カトリト:a:「う、うん」,SC0130,「嗯、嗯……」,SC2100,「嗯、嗯……」,,,,,,,,,,,,,,,,,,,,,,,,,,,,,,,,,,,,,,,,,,,,,,,,,,,,,,,,,,,,,,,,,,,,,,,,,,,,,,,,,,,,,,,,,,,,,,,,,,,,,,,,,,,,,,,,,,,,,,,,,,,,,,,,,,,,,,,,,,,,,,,,,,,,,,,,,,,,
カトリト:a:「うん」,SC1620,「嗯……」,SC1620,「嗯……」,,,,,,,,,,,,,,,,,,,,,,,,,,,,,,,,,,,,,,,,,,,,,,,,,,,,,,,,,,,,,,,,,,,,,,,,,,,,,,,,,,,,,,,,,,,,,,,,,,,,,,,,,,,,,,,,,,,,,,,,,,,,,,,,,,,,,,,,,,,,,,,,,,,,,,,,,,,,
キスニル:5:「いざ尋常に」,SC6910,「来吧，堂堂正正地一战！」,SC6920,「来吧，堂堂正正地一战！」,,,,,,,,,,,,,,,,,,,,,,,,,,,,,,,,,,,,,,,,,,,,,,,,,,,,,,,,,,,,,,,,,,,,,,,,,,,,,,,,,,,,,,,,,,,,,,,,,,,,,,,,,,,,,,,,,,,,,,,,,,,,,,,,,,,,,,,,,,,,,,,,,,,,,,,,,,,,
キスニル:5:「ずいぶんと上機嫌だな。かくいう私も温泉など久しぶりで、気分が高揚しているのだがうむ、いい湯だ」,SP0162,「兴致真高啊。说来我也是久违地泡温泉了，心情正高涨着呢……唔，真舒服」,SP0163,「兴致真高啊。说来我也是久违地泡温泉了，心情正高涨着呢……唔，真舒服」,,,,,,,,,,,,,,,,,,,,,,,,,,,,,,,,,,,,,,,,,,,,,,,,,,,,,,,,,,,,,,,,,,,,,,,,,,,,,,,,,,,,,,,,,,,,,,,,,,,,,,,,,,,,,,,,,,,,,,,,,,,,,,,,,,,,,,,,,,,,,,,,,,,,,,,,,,,,
キスニル:5:「なんだその理屈はまぁしかし、この乳房が役に立つ時が来たというならば、貸そう」,SP0162,「这是什么歪理……不过也罢，既然这对乳房也有派上用场的时候，那就借你吧」,SP0163,「这是什么歪理……不过也罢，既然这对乳房也有派上用场的时候，那就借你吧」,,,,,,,,,,,,,,,,,,,,,,,,,,,,,,,,,,,,,,,,,,,,,,,,,,,,,,,,,,,,,,,,,,,,,,,,,,,,,,,,,,,,,,,,,,,,,,,,,,,,,,,,,,,,,,,,,,,,,,,,,,,,,,,,,,,,,,,,,,,,,,,,,,,,,,,,,,,,
キスニル:5:「むう改めて見ると、でかいな」,SP0162,「唔……这么一看，还真是大啊……」,SP0163,「唔……这么一看，还真是大啊……」,,,,,,,,,,,,,,,,,,,,,,,,,,,,,,,,,,,,,,,,,,,,,,,,,,,,,,,,,,,,,,,,,,,,,,,,,,,,,,,,,,,,,,,,,,,,,,,,,,,,,,,,,,,,,,,,,,,,,,,,,,,,,,,,,,,,,,,,,,,,,,,,,,,,,,,,,,,,
キスニル:5:「むあまり<ruby>褒<rt>ほ</rt></ruby>めてくれるな。気持ちが<ruby>昂<rt>たか</rt></ruby>ぶって、早くにのぼせてしまうだろう？」,SP0162,「唔……别太夸我。心情一兴奋起来，怕是会早早泡晕过去吧？」,SP0163,「唔……别太夸我。心情一兴奋起来，怕是会早早泡晕过去吧？」,,,,,,,,,,,,,,,,,,,,,,,,,,,,,,,,,,,,,,,,,,,,,,,,,,,,,,,,,,,,,,,,,,,,,,,,,,,,,,,,,,,,,,,,,,,,,,,,,,,,,,,,,,,,,,,,,,,,,,,,,,,,,,,,,,,,,,,,,,,,,,,,,,,,,,,,,,,,
キスニル:5:「見当たらない。配下の者もカルメルグの所在は確認できていないようだ」,SC0190,「找不到。他的部下们似乎也无法确认卡尔梅尔格的下落」,SC0190,「找不到。他的部下们似乎也无法确认卡尔梅尔格的下落」,,,,,,,,,,,,,,,,,,,,,,,,,,,,,,,,,,,,,,,,,,,,,,,,,,,,,,,,,,,,,,,,,,,,,,,,,,,,,,,,,,,,,,,,,,,,,,,,,,,,,,,,,,,,,,,,,,,,,,,,,,,,,,,,,,,,,,,,,,,,,,,,,,,,,,,,,,,,
キスニル:5:「っ」,SC0010,「……！」,SC1660,「……！」,,,,,,,,,,,,,,,,,,,,,,,,,,,,,,,,,,,,,,,,,,,,,,,,,,,,,,,,,,,,,,,,,,,,,,,,,,,,,,,,,,,,,,,,,,,,,,,,,,,,,,,,,,,,,,,,,,,,,,,,,,,,,,,,,,,,,,,,,,,,,,,,,,,,,,,,,,,,
クードヴァンス:c8:「」,SC0740,「…………」,SC0740,「…………」,SC0740,「…………」,SC0740,「…………」,SC0740,「…………」,SC0740,「…………」,SC0740,「…………」,SC1740,「…………」,SC1740,「…………」,SC1740,「…………」,SC2740,「…………」,SC2740,「…………」,,,,,,,,,,,,,,,,,,,,,,,,,,,,,,,,,,,,,,,,,,,,,,,,,,,,,,,,,,,,,,,,,,,,,,,,,,,,,,,,,,,,,,,,,,,,,,,,,,,,,,,,,,,,,,,,,,,,,,,,,,,,,,,,,,,,,,,,
ディートヘルム:6:「くにへ　かえるがいい」,SC6910,「回你的国家去吧」,SC6920,「回你的国家去吧」,,,,,,,,,,,,,,,,,,,,,,,,,,,,,,,,,,,,,,,,,,,,,,,,,,,,,,,,,,,,,,,,,,,,,,,,,,,,,,,,,,,,,,,,,,,,,,,,,,,,,,,,,,,,,,,,,,,,,,,,,,,,,,,,,,,,,,,,,,,,,,,,,,,,,,,,,,,,
パライア:15e:「グウウウウッ、グアアァッ、アァッ、ガアアアアァァッ」,SC0280,「呜噢噢噢噢！呜啊啊啊！啊！嘎啊啊啊啊啊！」,SC0280,「呜噢噢噢噢！呜啊啊啊！啊！嘎啊啊啊啊啊！」,SC0770,「呜噢噢噢噢！呜啊啊啊！啊！嘎啊啊啊啊啊！」,,,,,,,,,,,,,,,,,,,,,,,,,,,,,,,,,,,,,,,,,,,,,,,,,,,,,,,,,,,,,,,,,,,,,,,,,,,,,,,,,,,,,,,,,,,,,,,,,,,,,,,,,,,,,,,,,,,,,,,,,,,,,,,,,,,,,,,,,,,,,,,,,,,,,,,,,,
ファーブル:99:「」,SC1740,「…………」,SC1740,「…………」,SC2710,「…………」,,,,,,,,,,,,,,,,,,,,,,,,,,,,,,,,,,,,,,,,,,,,,,,,,,,,,,,,,,,,,,,,,,,,,,,,,,,,,,,,,,,,,,,,,,,,,,,,,,,,,,,,,,,,,,,,,,,,,,,,,,,,,,,,,,,,,,,,,,,,,,,,,,,,,,,,,,
フィア:2:「あ、欠片あったよー！　えへへ、やったぁ！」,$1$SC6830,「啊，找到碎片了～！诶嘿嘿，太好了！」,$1$SC6830,「啊，找到碎片了～！诶嘿嘿，太好了！」,$1$SC6830,「啊，找到碎片了～！诶嘿嘿，太好了！」,$1$SC6830,「啊，找到碎片了～！诶嘿嘿，太好了！」,$1$SC6830,「啊，找到碎片了～！诶嘿嘿，太好了！」,,,,,,,,,,,,,,,,,,,,,,,,,,,,,,,,,,,,,,,,,,,,,,,,,,,,,,,,,,,,,,,,,,,,,,,,,,,,,,,,,,,,,,,,,,,,,,,,,,,,,,,,,,,,,,,,,,,,,,,,,,,,,,,,,,,,,,,,,,,,,,,,,,,,,,
フィア:2:「アヴァロ、あれを見て」,$3$SC4360,「阿瓦罗，你看那个」,SC4710,「阿瓦罗，你看那个」,,,,,,,,,,,,,,,,,,,,,,,,,,,,,,,,,,,,,,,,,,,,,,,,,,,,,,,,,,,,,,,,,,,,,,,,,,,,,,,,,,,,,,,,,,,,,,,,,,,,,,,,,,,,,,,,,,,,,,,,,,,,,,,,,,,,,,,,,,,,,,,,,,,,,,,,,,,,
フィア:2:「アヴァロ」,SC2190,「阿瓦罗……」,SC2770,「阿瓦罗……」,,,,,,,,,,,,,,,,,,,,,,,,,,,,,,,,,,,,,,,,,,,,,,,,,,,,,,,,,,,,,,,,,,,,,,,,,,,,,,,,,,,,,,,,,,,,,,,,,,,,,,,,,,,,,,,,,,,,,,,,,,,,,,,,,,,,,,,,,,,,,,,,,,,,,,,,,,,,
フィア:2:「い～い湯だなー。はははん。いい湯だーなー。はははん」,SP0162,「好～舒服呀——。哈哈嗯。好～舒服呀——。哈哈嗯」,SP0163,「好～舒服呀——。哈哈嗯。好～舒服呀——。哈哈嗯」,,,,,,,,,,,,,,,,,,,,,,,,,,,,,,,,,,,,,,,,,,,,,,,,,,,,,,,,,,,,,,,,,,,,,,,,,,,,,,,,,,,,,,,,,,,,,,,,,,,,,,,,,,,,,,,,,,,,,,,,,,,,,,,,,,,,,,,,,,,,,,,,,,,,,,,,,,,,
フィア:2:「う、うん！　そうなの、どうしても行きたい場所があるんだ」,SC0160,「嗯、嗯！是的，我有个无论如何都想去的地方」,SC0160,「嗯、嗯！是的，我有个无论如何都想去的地方」,,,,,,,,,,,,,,,,,,,,,,,,,,,,,,,,,,,,,,,,,,,,,,,,,,,,,,,,,,,,,,,,,,,,,,,,,,,,,,,,,,,,,,,,,,,,,,,,,,,,,,,,,,,,,,,,,,,,,,,,,,,,,,,,,,,,,,,,,,,,,,,,,,,,,,,,,,,,
フィア:2:「う、うん。よろしく、お願いします」,SC0160,「嗯、嗯……。请、请多关照」,SC0160,「嗯、嗯……。请、请多关照」,,,,,,,,,,,,,,,,,,,,,,,,,,,,,,,,,,,,,,,,,,,,,,,,,,,,,,,,,,,,,,,,,,,,,,,,,,,,,,,,,,,,,,,,,,,,,,,,,,,,,,,,,,,,,,,,,,,,,,,,,,,,,,,,,,,,,,,,,,,,,,,,,,,,,,,,,,,,
フィア:2:「うん。そうだね」,SC0190,「嗯……。也是呢」,SC0190,「嗯……。也是呢」,,,,,,,,,,,,,,,,,,,,,,,,,,,,,,,,,,,,,,,,,,,,,,,,,,,,,,,,,,,,,,,,,,,,,,,,,,,,,,,,,,,,,,,,,,,,,,,,,,,,,,,,,,,,,,,,,,,,,,,,,,,,,,,,,,,,,,,,,,,,,,,,,,,,,,,,,,,,
フィア:2:「え、なんで？」,SC0530,「诶，为什么？」,SC0560,「诶，为什么？」,,,,,,,,,,,,,,,,,,,,,,,,,,,,,,,,,,,,,,,,,,,,,,,,,,,,,,,,,,,,,,,,,,,,,,,,,,,,,,,,,,,,,,,,,,,,,,,,,,,,,,,,,,,,,,,,,,,,,,,,,,,,,,,,,,,,,,,,,,,,,,,,,,,,,,,,,,,,
フィア:2:「え？　寝間着だよ？」,$2$SC3330,「诶？是睡衣啊？」,SC1500,「诶？是睡衣啊？」,,,,,,,,,,,,,,,,,,,,,,,,,,,,,,,,,,,,,,,,,,,,,,,,,,,,,,,,,,,,,,,,,,,,,,,,,,,,,,,,,,,,,,,,,,,,,,,,,,,,,,,,,,,,,,,,,,,,,,,,,,,,,,,,,,,,,,,,,,,,,,,,,,,,,,,,,,,,
フィア:2:「おー！」,SC2030,「哦——！」,SC3000,「哦——！」,SC3060,「哦——！」,,,,,,,,,,,,,,,,,,,,,,,,,,,,,,,,,,,,,,,,,,,,,,,,,,,,,,,,,,,,,,,,,,,,,,,,,,,,,,,,,,,,,,,,,,,,,,,,,,,,,,,,,,,,,,,,,,,,,,,,,,,,,,,,,,,,,,,,,,,,,,,,,,,,,,,,,,
フィア:2:「キスニルさんがこだわり抜いて探しただけはあるよー。適温だし、お湯が心地いいし、お肌も心も<ruby>潤<rt>うる</rt></ruby>っちゃう」,SP0162,「不愧是姬斯尼尔小姐千挑万选的地方呀～。水温正合适，泡着也舒服，肌肤和心灵都要滋润起来了」,SP0163,「不愧是姬斯尼尔小姐千挑万选的地方呀～。水温正合适，泡着也舒服，肌肤和心灵都要滋润起来了」,,,,,,,,,,,,,,,,,,,,,,,,,,,,,,,,,,,,,,,,,,,,,,,,,,,,,,,,,,,,,,,,,,,,,,,,,,,,,,,,,,,,,,,,,,,,,,,,,,,,,,,,,,,,,,,,,,,,,,,,,,,,,,,,,,,,,,,,,,,,,,,,,,,,,,,,,,,,
フィア:2:「この豊満なお胸に甘えれば、お湯だって水底だって、底なし沼だって怖くはない！」,SP0162,「只要依偎在这丰满的胸口，不管是热水、水底，还是无底沼泽，都不可怕！」,SP0163,「只要依偎在这丰满的胸口，不管是热水、水底，还是无底沼泽，都不可怕！」,,,,,,,,,,,,,,,,,,,,,,,,,,,,,,,,,,,,,,,,,,,,,,,,,,,,,,,,,,,,,,,,,,,,,,,,,,,,,,,,,,,,,,,,,,,,,,,,,,,,,,,,,,,,,,,,,,,,,,,,,,,,,,,,,,,,,,,,,,,,,,,,,,,,,,,,,,,,
フィア:2:「しょうがないなぁ。ふっふっふ、そんなイオルちゃんにはこれ！　キスニルさんのおっぱいー」,SP0162,「真是没办法呀。嘿嘿嘿，对付这样的伊欧露酱，就用这个！姬斯尼尔小姐的胸——」,SP0163,「真是没办法呀。嘿嘿嘿，对付这样的伊欧露酱，就用这个！姬斯尼尔小姐的胸——」,,,,,,,,,,,,,,,,,,,,,,,,,,,,,,,,,,,,,,,,,,,,,,,,,,,,,,,,,,,,,,,,,,,,,,,,,,,,,,,,,,,,,,,,,,,,,,,,,,,,,,,,,,,,,,,,,,,,,,,,,,,,,,,,,,,,,,,,,,,,,,,,,,,,,,,,,,,,
フィア:2:「どうだろー。そんな感じには見えないけど」,SC0190,「谁知道呢——……。看起来倒不像是那样」,SC0190,「谁知道呢——……。看起来倒不像是那样」,,,,,,,,,,,,,,,,,,,,,,,,,,,,,,,,,,,,,,,,,,,,,,,,,,,,,,,,,,,,,,,,,,,,,,,,,,,,,,,,,,,,,,,,,,,,,,,,,,,,,,,,,,,,,,,,,,,,,,,,,,,,,,,,,,,,,,,,,,,,,,,,,,,,,,,,,,,,
フィア:2:「なんだか、竜族のみんなが騒いでいるみたいだよ」,SC0190,「总觉得，龙族的大家好像很热闹的样子」,SC0190,「总觉得，龙族的大家好像很热闹的样子」,,,,,,,,,,,,,,,,,,,,,,,,,,,,,,,,,,,,,,,,,,,,,,,,,,,,,,,,,,,,,,,,,,,,,,,,,,,,,,,,,,,,,,,,,,,,,,,,,,,,,,,,,,,,,,,,,,,,,,,,,,,,,,,,,,,,,,,,,,,,,,,,,,,,,,,,,,,,
フィア:2:「わーい！　アヴァロに褒められたー！」,$2$SC3330,「哇——！被阿瓦罗夸奖了——！」,SC2060,「哇——！被阿瓦罗夸奖了——！」,,,,,,,,,,,,,,,,,,,,,,,,,,,,,,,,,,,,,,,,,,,,,,,,,,,,,,,,,,,,,,,,,,,,,,,,,,,,,,,,,,,,,,,,,,,,,,,,,,,,,,,,,,,,,,,,,,,,,,,,,,,,,,,,,,,,,,,,,,,,,,,,,,,,,,,,,,,,
フィア:2:「ん。分かったよ。確かに今は優先しなきゃいけないことがあるよね」,SC0190,「嗯。我知道了。确实，现在有必须优先处理的事呢」,SC0190,「嗯。我知道了。确实，现在有必须优先处理的事呢」,,,,,,,,,,,,,,,,,,,,,,,,,,,,,,,,,,,,,,,,,,,,,,,,,,,,,,,,,,,,,,,,,,,,,,,,,,,,,,,,,,,,,,,,,,,,,,,,,,,,,,,,,,,,,,,,,,,,,,,,,,,,,,,,,,,,,,,,,,,,,,,,,,,,,,,,,,,,
フィア:2:「移動開始だよ」,SC6910,「开始移动了哦！」,SC6920,「开始移动了哦！」,,,,,,,,,,,,,,,,,,,,,,,,,,,,,,,,,,,,,,,,,,,,,,,,,,,,,,,,,,,,,,,,,,,,,,,,,,,,,,,,,,,,,,,,,,,,,,,,,,,,,,,,,,,,,,,,,,,,,,,,,,,,,,,,,,,,,,,,,,,,,,,,,,,,,,,,,,,,
フィア:2:「今回追加されたマップはこれだよー！」,$5$SC2360,「这次追加的地图就是这个——！」,$5$SC2360,「这次追加的地图就是这个——！」,$5$SC2360,「这次追加的地图就是这个——！」,,,,,,,,,,,,,,,,,,,,,,,,,,,,,,,,,,,,,,,,,,,,,,,,,,,,,,,,,,,,,,,,,,,,,,,,,,,,,,,,,,,,,,,,,,,,,,,,,,,,,,,,,,,,,,,,,,,,,,,,,,,,,,,,,,,,,,,,,,,,,,,,,,,,,,,,,,
フィア:2:「私ね、『<ruby>神響<rt>しんきょう</rt></ruby>の<ruby>霞廊<rt>さんろ</rt></ruby>』に行きたいの」,SC0160,「我啊，想去『神响霞廊』」,SC0160,「我啊，想去『神响霞廊』」,,,,,,,,,,,,,,,,,,,,,,,,,,,,,,,,,,,,,,,,,,,,,,,,,,,,,,,,,,,,,,,,,,,,,,,,,,,,,,,,,,,,,,,,,,,,,,,,,,,,,,,,,,,,,,,,,,,,,,,,,,,,,,,,,,,,,,,,,,,,,,,,,,,,,,,,,,,,
フィア:2:「先に進もう。私と城砦が、世界から許される方法を見つける為に」,SC0190,「前进吧。为了找到让世界接纳我和城砦的方法」,SC0190,「前进吧。为了找到让世界接纳我和城砦的方法」,,,,,,,,,,,,,,,,,,,,,,,,,,,,,,,,,,,,,,,,,,,,,,,,,,,,,,,,,,,,,,,,,,,,,,,,,,,,,,,,,,,,,,,,,,,,,,,,,,,,,,,,,,,,,,,,,,,,,,,,,,,,,,,,,,,,,,,,,,,,,,,,,,,,,,,,,,,,
フィア:2:「理由は、どうしても思い出せない。だけど絶対に行かないといけないんだ」,SC0160,「理由我怎么也想不起来。但无论如何都非去不可」,SC0160,「理由我怎么也想不起来。但无论如何都非去不可」,,,,,,,,,,,,,,,,,,,,,,,,,,,,,,,,,,,,,,,,,,,,,,,,,,,,,,,,,,,,,,,,,,,,,,,,,,,,,,,,,,,,,,,,,,,,,,,,,,,,,,,,,,,,,,,,,,,,,,,,,,,,,,,,,,,,,,,,,,,,,,,,,,,,,,,,,,,,
フィア:2:「」,SC0010,「……」,SC2270,「……」,,,,,,,,,,,,,,,,,,,,,,,,,,,,,,,,,,,,,,,,,,,,,,,,,,,,,,,,,,,,,,,,,,,,,,,,,,,,,,,,,,,,,,,,,,,,,,,,,,,,,,,,,,,,,,,,,,,,,,,,,,,,,,,,,,,,,,,,,,,,,,,,,,,,,,,,,,,,
フォルネウス:18:「ついばんで肉片にして食ってやると言っています」,SC6810,「它说，要把你们啄成肉片吃掉。」,SC6810,「它说，要把你们啄成肉片吃掉。」,,,,,,,,,,,,,,,,,,,,,,,,,,,,,,,,,,,,,,,,,,,,,,,,,,,,,,,,,,,,,,,,,,,,,,,,,,,,,,,,,,,,,,,,,,,,,,,,,,,,,,,,,,,,,,,,,,,,,,,,,,,,,,,,,,,,,,,,,,,,,,,,,,,,,,,,,,,,
フォルネウス:18:「」,SC0310,「……」,SP2802,「……」,,,,,,,,,,,,,,,,,,,,,,,,,,,,,,,,,,,,,,,,,,,,,,,,,,,,,,,,,,,,,,,,,,,,,,,,,,,,,,,,,,,,,,,,,,,,,,,,,,,,,,,,,,,,,,,,,,,,,,,,,,,,,,,,,,,,,,,,,,,,,,,,,,,,,,,,,,,,
フォルネウス:18:「かわいい」,SP2802,「……真可爱」,SP2802,「……真可爱」,,,,,,,,,,,,,,,,,,,,,,,,,,,,,,,,,,,,,,,,,,,,,,,,,,,,,,,,,,,,,,,,,,,,,,,,,,,,,,,,,,,,,,,,,,,,,,,,,,,,,,,,,,,,,,,,,,,,,,,,,,,,,,,,,,,,,,,,,,,,,,,,,,,,,,,,,,,,
ミクシュアナ:9:「『<ruby>神響<rt>しんきょう</rt></ruby>の<ruby>霞廊<rt>さんろ</rt></ruby>』に行けば、切り離す方法が判明すると？」,SC0160,「前往『神响霞廊』，分离的方法就能查明，是吗？」,SC0160,「前往『神响霞廊』，分离的方法就能查明，是吗？」,,,,,,,,,,,,,,,,,,,,,,,,,,,,,,,,,,,,,,,,,,,,,,,,,,,,,,,,,,,,,,,,,,,,,,,,,,,,,,,,,,,,,,,,,,,,,,,,,,,,,,,,,,,,,,,,,,,,,,,,,,,,,,,,,,,,,,,,,,,,,,,,,,,,,,,,,,,,
ミクシュアナ:9:「いいでしょう。グアラクーナ城砦の<ruby>排斥<rt>はいせき</rt></ruby>を一時延期と致します」,SC0160,「好吧。将古亚拉库娜城砦的排斥暂时延期」,SC0160,「好吧。将古亚拉库娜城砦的排斥暂时延期」,,,,,,,,,,,,,,,,,,,,,,,,,,,,,,,,,,,,,,,,,,,,,,,,,,,,,,,,,,,,,,,,,,,,,,,,,,,,,,,,,,,,,,,,,,,,,,,,,,,,,,,,,,,,,,,,,,,,,,,,,,,,,,,,,,,,,,,,,,,,,,,,,,,,,,,,,,,,
ミクシュアナ:9:「いえ、<ruby>征炎衆<rt>せいえんしゅう</rt></ruby>の大部分は駐屯地に滞在し、引き続きインフルース王国内の調査をしてもらいます」,SC0160,「不，征炎众的大部分人会留在驻屯地，继续在因夫鲁斯王国内进行调查」,SC0160,「不，征炎众的大部分人会留在驻屯地，继续在因夫鲁斯王国内进行调查」,,,,,,,,,,,,,,,,,,,,,,,,,,,,,,,,,,,,,,,,,,,,,,,,,,,,,,,,,,,,,,,,,,,,,,,,,,,,,,,,,,,,,,,,,,,,,,,,,,,,,,,,,,,,,,,,,,,,,,,,,,,,,,,,,,,,,,,,,,,,,,,,,,,,,,,,,,,,
ミクシュアナ:9:「インフルース王国、そしてフィユシア教には対外的にマーズテリア神殿とフィア様が協力関係にあると示したくない。征炎衆にはそういった役目も引き受けてもらいます」,SC0160,「我们不希望因夫鲁斯王国与菲优希亚教在表面上看出马兹忒利亚神殿与菲亚大人是合作关系。这份差事也要拜托征炎众来承担」,SC0160,「我们不希望因夫鲁斯王国与菲优希亚教在表面上看出马兹忒利亚神殿与菲亚大人是合作关系。这份差事也要拜托征炎众来承担」,,,,,,,,,,,,,,,,,,,,,,,,,,,,,,,,,,,,,,,,,,,,,,,,,,,,,,,,,,,,,,,,,,,,,,,,,,,,,,,,,,,,,,,,,,,,,,,,,,,,,,,,,,,,,,,,,,,,,,,,,,,,,,,,,,,,,,,,,,,,,,,,,,,,,,,,,,,,
ミクシュアナ:9:「カルメルグ殿が不在ならば、代理の者を立てるべきでしょう」,SC0190,「既然卡尔梅尔格阁下不在，就应该另立代理人吧」,SC0190,「既然卡尔梅尔格阁下不在，就应该另立代理人吧」,,,,,,,,,,,,,,,,,,,,,,,,,,,,,,,,,,,,,,,,,,,,,,,,,,,,,,,,,,,,,,,,,,,,,,,,,,,,,,,,,,,,,,,,,,,,,,,,,,,,,,,,,,,,,,,,,,,,,,,,,,,,,,,,,,,,,,,,,,,,,,,,,,,,,,,,,,,,
ミクシュアナ:9:「この場で我らを<ruby>退<rt>しりぞ</rt></ruby>けても、マーズテリアが役目を放棄することなどありません」,SC0160,「即便在此击退我等，马兹忒利亚也绝不会放弃自己的职责」,SC0160,「即便在此击退我等，马兹忒利亚也绝不会放弃自己的职责」,,,,,,,,,,,,,,,,,,,,,,,,,,,,,,,,,,,,,,,,,,,,,,,,,,,,,,,,,,,,,,,,,,,,,,,,,,,,,,,,,,,,,,,,,,,,,,,,,,,,,,,,,,,,,,,,,,,,,,,,,,,,,,,,,,,,,,,,,,,,,,,,,,,,,,,,,,,,
ミクシュアナ:9:「これは監視の意味も含めております。城砦が『<ruby>禁忌<rt>きんき</rt></ruby>』としての振る舞いを見せたとき、すぐに破壊の実行に移るしかなくなる」,SC0160,「这当中也包含监视的意味。一旦城砦表现出‘禁忌’的行为，我便只能立即着手执行破坏」,SC0160,「这当中也包含监视的意味。一旦城砦表现出‘禁忌’的行为，我便只能立即着手执行破坏」,,,,,,,,,,,,,,,,,,,,,,,,,,,,,,,,,,,,,,,,,,,,,,,,,,,,,,,,,,,,,,,,,,,,,,,,,,,,,,,,,,,,,,,,,,,,,,,,,,,,,,,,,,,,,,,,,,,,,,,,,,,,,,,,,,,,,,,,,,,,,,,,,,,,,,,,,,,,
ミクシュアナ:9:「そうなります」,SC0160,「正是如此」,SC0160,「正是如此」,SC0650,「正是如此」,SC0650,「正是如此」,,,,,,,,,,,,,,,,,,,,,,,,,,,,,,,,,,,,,,,,,,,,,,,,,,,,,,,,,,,,,,,,,,,,,,,,,,,,,,,,,,,,,,,,,,,,,,,,,,,,,,,,,,,,,,,,,,,,,,,,,,,,,,,,,,,,,,,,,,,,,,,,,,,,,,,,
ミクシュアナ:9:「それでは戦後処理があるのでこの場は失礼致します。後ほど城砦へ伺うことになるでしょう」,SC0160,「那么，我还有战后处理要办，就此失陪。稍后应该会前往城砦拜访」,SC0160,「那么，我还有战后处理要办，就此失陪。稍后应该会前往城砦拜访」,,,,,,,,,,,,,,,,,,,,,,,,,,,,,,,,,,,,,,,,,,,,,,,,,,,,,,,,,,,,,,,,,,,,,,,,,,,,,,,,,,,,,,,,,,,,,,,,,,,,,,,,,,,,,,,,,,,,,,,,,,,,,,,,,,,,,,,,,,,,,,,,,,,,,,,,,,,,
ミクシュアナ:9:「つまり、いずれ城砦が壊されることは構わない。だが少しばかり<ruby>使徒<rt>しと</rt></ruby>である貴方が信仰を<ruby>捧<rt>ささ</rt></ruby>ぐ“フィア様のみを救う”為に、待って欲しいと？」,SC0160,「也就是说，你们不介意城砦迟早被摧毁，只是希望我等稍作等待，好让身为使徒的您，为‘只拯救菲亚大人’而献上信仰，是吗？」,SC0160,「也就是说，你们不介意城砦迟早被摧毁，只是希望我等稍作等待，好让身为使徒的您，为‘只拯救菲亚大人’而献上信仰，是吗？」,,,,,,,,,,,,,,,,,,,,,,,,,,,,,,,,,,,,,,,,,,,,,,,,,,,,,,,,,,,,,,,,,,,,,,,,,,,,,,,,,,,,,,,,,,,,,,,,,,,,,,,,,,,,,,,,,,,,,,,,,,,,,,,,,,,,,,,,,,,,,,,,,,,,,,,,,,,,
ミクシュアナ:9:「ならば、なにを<ruby>以<rt>もっ</rt></ruby>て歩み寄ろうと言うのです？」,SC0160,「那么，你们打算以什么为依据来彼此让步呢？」,SC0160,「那么，你们打算以什么为依据来彼此让步呢？」,,,,,,,,,,,,,,,,,,,,,,,,,,,,,,,,,,,,,,,,,,,,,,,,,,,,,,,,,,,,,,,,,,,,,,,,,,,,,,,,,,,,,,,,,,,,,,,,,,,,,,,,,,,,,,,,,,,,,,,,,,,,,,,,,,,,,,,,,,,,,,,,,,,,,,,,,,,,
ミクシュアナ:9:「なるほど、貴方の言う解決とは“なにも損なわない未来”のことを言っているのですか」,SC0160,「原来如此，您所说的解决，是指‘谁也不受损失的未来’吗」,SC0160,「原来如此，您所说的解决，是指‘谁也不受损失的未来’吗」,,,,,,,,,,,,,,,,,,,,,,,,,,,,,,,,,,,,,,,,,,,,,,,,,,,,,,,,,,,,,,,,,,,,,,,,,,,,,,,,,,,,,,,,,,,,,,,,,,,,,,,,,,,,,,,,,,,,,,,,,,,,,,,,,,,,,,,,,,,,,,,,,,,,,,,,,,,,
ミクシュアナ:9:「フィア様、よろしくお願い致します」,SC0160,「菲亚大人，今后请多关照」,SC0160,「菲亚大人，今后请多关照」,,,,,,,,,,,,,,,,,,,,,,,,,,,,,,,,,,,,,,,,,,,,,,,,,,,,,,,,,,,,,,,,,,,,,,,,,,,,,,,,,,,,,,,,,,,,,,,,,,,,,,,,,,,,,,,,,,,,,,,,,,,,,,,,,,,,,,,,,,,,,,,,,,,,,,,,,,,,
ミクシュアナ:9:「マーズテリアからの使命を第一優先としますが、それ以外では手を貸します。共に戦うこともあるでしょう」,SC0160,「我会把马兹忒利亚的使命放在第一位，但除此以外，我会施以援手。想必也会有并肩作战的时候」,SC0160,「我会把马兹忒利亚的使命放在第一位，但除此以外，我会施以援手。想必也会有并肩作战的时候」,,,,,,,,,,,,,,,,,,,,,,,,,,,,,,,,,,,,,,,,,,,,,,,,,,,,,,,,,,,,,,,,,,,,,,,,,,,,,,,,,,,,,,,,,,,,,,,,,,,,,,,,,,,,,,,,,,,,,,,,,,,,,,,,,,,,,,,,,,,,,,,,,,,,,,,,,,,,
ミクシュアナ:9:「マーズテリア神殿『<ruby>征炎衆<rt>せいえんしゅう</rt></ruby>』所属。<ruby>階級第六位<rt>パワーズ</rt></ruby>、名を『ミクシュアナ』と申します。以後お見知りおきを」,SC0070,「隶属马兹忒利亚神殿『征炎众』。<ruby>阶级第六位<rt>能天使</rt></ruby>，名叫『米克修亚娜』。今后请多关照」,SC0070,「隶属马兹忒利亚神殿『征炎众』。<ruby>阶级第六位<rt>能天使</rt></ruby>，名叫『米克修亚娜』。今后请多关照」,,,,,,,,,,,,,,,,,,,,,,,,,,,,,,,,,,,,,,,,,,,,,,,,,,,,,,,,,,,,,,,,,,,,,,,,,,,,,,,,,,,,,,,,,,,,,,,,,,,,,,,,,,,,,,,,,,,,,,,,,,,,,,,,,,,,,,,,,,,,,,,,,,,,,,,,,,,,
ミクシュアナ:9:「もし我らが交渉に応じれば、フィア様とグアラクーナ城砦が、マーズテリアの益になる為の行動を取ると？」,SC0160,「若我等答应谈判，菲亚大人与古亚拉库娜城砦就会采取对马兹忒利亚有利的行动，是吗？」,SC0160,「若我等答应谈判，菲亚大人与古亚拉库娜城砦就会采取对马兹忒利亚有利的行动，是吗？」,,,,,,,,,,,,,,,,,,,,,,,,,,,,,,,,,,,,,,,,,,,,,,,,,,,,,,,,,,,,,,,,,,,,,,,,,,,,,,,,,,,,,,,,,,,,,,,,,,,,,,,,,,,,,,,,,,,,,,,,,,,,,,,,,,,,,,,,,,,,,,,,,,,,,,,,,,,,
ミクシュアナ:9:「何度でも、城砦が存在する限り<ruby>追撃<rt>ついげき</rt></ruby>をかけるでしょう」,SC0160,「只要城砦存在一天，我等便会无数次发起追击吧」,SC0160,「只要城砦存在一天，我等便会无数次发起追击吧」,,,,,,,,,,,,,,,,,,,,,,,,,,,,,,,,,,,,,,,,,,,,,,,,,,,,,,,,,,,,,,,,,,,,,,,,,,,,,,,,,,,,,,,,,,,,,,,,,,,,,,,,,,,,,,,,,,,,,,,,,,,,,,,,,,,,,,,,,,,,,,,,,,,,,,,,,,,,
ミクシュアナ:9:「我が主よ、申し訳ありません。マーズテリアの名を、汚してしまいましたっ」,$5$SC6320,「我的主人，万分抱歉。我玷污了马兹忒利亚之名……！」,SC6300,「我的主人，万分抱歉。我玷污了马兹忒利亚之名……！」,,,,,,,,,,,,,,,,,,,,,,,,,,,,,,,,,,,,,,,,,,,,,,,,,,,,,,,,,,,,,,,,,,,,,,,,,,,,,,,,,,,,,,,,,,,,,,,,,,,,,,,,,,,,,,,,,,,,,,,,,,,,,,,,,,,,,,,,,,,,,,,,,,,,,,,,,,,,
ミクシュアナ:9:「期間。延期に目安を設けると希望はあるのですか」,SC0160,「期限。为延期设定期限……您是有希望的吗」,SC0160,「期限。为延期设定期限……您是有希望的吗」,,,,,,,,,,,,,,,,,,,,,,,,,,,,,,,,,,,,,,,,,,,,,,,,,,,,,,,,,,,,,,,,,,,,,,,,,,,,,,,,,,,,,,,,,,,,,,,,,,,,,,,,,,,,,,,,,,,,,,,,,,,,,,,,,,,,,,,,,,,,,,,,,,,,,,,,,,,,
ミクシュアナ:9:「貴方がたに時間を与えれば、それが<ruby>叶<rt>かな</rt></ruby>えられると？」,SC0160,「若给诸位时间，你们就能实现它吗？」,SC0160,「若给诸位时间，你们就能实现它吗？」,,,,,,,,,,,,,,,,,,,,,,,,,,,,,,,,,,,,,,,,,,,,,,,,,,,,,,,,,,,,,,,,,,,,,,,,,,,,,,,,,,,,,,,,,,,,,,,,,,,,,,,,,,,,,,,,,,,,,,,,,,,,,,,,,,,,,,,,,,,,,,,,,,,,,,,,,,,,
ミクシュアナ:9:「軍事利用をするつもりはないと、戦闘前にあれほどの<ruby>啖呵<rt>たんか</rt></ruby>をきった者の言葉とは思えませんね。それに、マーズテリアにとってあまり意味がない」,SC0160,「在战斗前放下那样狠话的人，竟说无意将军用化——实在令人难以置信。而且，这对我马兹忒利亚而言也没有多大意义」,SC0160,「在战斗前放下那样狠话的人，竟说无意将军用化——实在令人难以置信。而且，这对我马兹忒利亚而言也没有多大意义」,,,,,,,,,,,,,,,,,,,,,,,,,,,,,,,,,,,,,,,,,,,,,,,,,,,,,,,,,,,,,,,,,,,,,,,,,,,,,,,,,,,,,,,,,,,,,,,,,,,,,,,,,,,,,,,,,,,,,,,,,,,,,,,,,,,,,,,,,,,,,,,,,,,,,,,,,,,,
ミクシュアナ:9:「互いに利用し合う妥協点、ですか。上手い落としどころもあったものです」,SC0160,「彼此利用的妥协点，吗。倒也是个巧妙的落点」,SC0160,「彼此利用的妥协点，吗。倒也是个巧妙的落点」,,,,,,,,,,,,,,,,,,,,,,,,,,,,,,,,,,,,,,,,,,,,,,,,,,,,,,,,,,,,,,,,,,,,,,,,,,,,,,,,,,,,,,,,,,,,,,,,,,,,,,,,,,,,,,,,,,,,,,,,,,,,,,,,,,,,,,,,,,,,,,,,,,,,,,,,,,,,
ミクシュアナ:9:「今回はその途中にてグアラクーナ城砦の<ruby>禁忌<rt>きんき</rt></ruby>に行き当たりましたが、調査の本命はそこにありません」,SC0160,「此行途中虽撞见了古亚拉库娜城砦的禁忌，但调查的真正目标并不在此」,SC0160,「此行途中虽撞见了古亚拉库娜城砦的禁忌，但调查的真正目标并不在此」,,,,,,,,,,,,,,,,,,,,,,,,,,,,,,,,,,,,,,,,,,,,,,,,,,,,,,,,,,,,,,,,,,,,,,,,,,,,,,,,,,,,,,,,,,,,,,,,,,,,,,,,,,,,,,,,,,,,,,,,,,,,,,,,,,,,,,,,,,,,,,,,,,,,,,,,,,,,
ミクシュアナ:9:「少し、短絡が過ぎると思われますが。根拠がない未来を語られても交渉の材料には成り得ない」,SC0160,「恕我直言，这未免有些武断了。即便谈论一个毫无依据的未来，也无法成为谈判的筹码」,SC0160,「恕我直言，这未免有些武断了。即便谈论一个毫无依据的未来，也无法成为谈判的筹码」,,,,,,,,,,,,,,,,,,,,,,,,,,,,,,,,,,,,,,,,,,,,,,,,,,,,,,,,,,,,,,,,,,,,,,,,,,,,,,,,,,,,,,,,,,,,,,,,,,,,,,,,,,,,,,,,,,,,,,,,,,,,,,,,,,,,,,,,,,,,,,,,,,,,,,,,,,,,
ミクシュアナ:9:「条件は『マーズテリア神殿の者に<ruby>神響<rt>しんきょう</rt></ruby>の<ruby>霞廊<rt>さんろ</rt></ruby>の調査をさせること』。つまり私への協力です。期間内は城砦に移り住むことになるでしょう」,SC0160,「条件是‘允许马兹忒利亚神殿之人调查神响霞廊’。也就是协助我。期限之内，我会搬进城砦居住吧」,SC0160,「条件是‘允许马兹忒利亚神殿之人调查神响霞廊’。也就是协助我。期限之内，我会搬进城砦居住吧」,,,,,,,,,,,,,,,,,,,,,,,,,,,,,,,,,,,,,,,,,,,,,,,,,,,,,,,,,,,,,,,,,,,,,,,,,,,,,,,,,,,,,,,,,,,,,,,,,,,,,,,,,,,,,,,,,,,,,,,,,,,,,,,,,,,,,,,,,,,,,,,,,,,,,,,,,,,,
ミクシュアナ:9:「神の力を使用する禁忌の兵器だからこそ、閉ざされた聖地へと侵入する力となり得る可能性がある中々にして、魅力的な提案に思えます」,SC0160,「正因为是动用神之力量的禁忌兵器，才可能成为侵入封闭圣地之力——这实在是个颇具魅力的提议」,SC0160,「正因为是动用神之力量的禁忌兵器，才可能成为侵入封闭圣地之力——这实在是个颇具魅力的提议」,,,,,,,,,,,,,,,,,,,,,,,,,,,,,,,,,,,,,,,,,,,,,,,,,,,,,,,,,,,,,,,,,,,,,,,,,,,,,,,,,,,,,,,,,,,,,,,,,,,,,,,,,,,,,,,,,,,,,,,,,,,,,,,,,,,,,,,,,,,,,,,,,,,,,,,,,,,,
ミクシュアナ:9:「非才の身ですが、条件が整っている限りは貴女をお守りすると約束しましょう」,SC0160,「我虽才疏学浅，但只要条件齐备，便向您承诺，定会守护您」,SC0160,「我虽才疏学浅，但只要条件齐备，便向您承诺，定会守护您」,,,,,,,,,,,,,,,,,,,,,,,,,,,,,,,,,,,,,,,,,,,,,,,,,,,,,,,,,,,,,,,,,,,,,,,,,,,,,,,,,,,,,,,,,,,,,,,,,,,,,,,,,,,,,,,,,,,,,,,,,,,,,,,,,,,,,,,,,,,,,,,,,,,,,,,,,,,,
ミクシュアナ:9:「目的ですか」,SC0160,「目标吗」,SC0160,「目标吗」,,,,,,,,,,,,,,,,,,,,,,,,,,,,,,,,,,,,,,,,,,,,,,,,,,,,,,,,,,,,,,,,,,,,,,,,,,,,,,,,,,,,,,,,,,,,,,,,,,,,,,,,,,,,,,,,,,,,,,,,,,,,,,,,,,,,,,,,,,,,,,,,,,,,,,,,,,,,
ミクシュアナ:9:「目的地。フィア様、城砦を用いて行きたい場所があると、<ruby>仰<rt>おっしゃ</rt></ruby>っていましたね」,SC0160,「目的地……。菲亚大人曾说过，有想借助城砦前往的地方，对吧」,SC0160,「目的地……。菲亚大人曾说过，有想借助城砦前往的地方，对吧」,,,,,,,,,,,,,,,,,,,,,,,,,,,,,,,,,,,,,,,,,,,,,,,,,,,,,,,,,,,,,,,,,,,,,,,,,,,,,,,,,,,,,,,,,,,,,,,,,,,,,,,,,,,,,,,,,,,,,,,,,,,,,,,,,,,,,,,,,,,,,,,,,,,,,,,,,,,,
ミクシュアナ:9:「それで、互いが歩み寄る為の妥協点、とは？」,SC0160,「……那么，双方彼此让步的妥协点，是什么呢？」,SC0160,「……那么，双方彼此让步的妥协点，是什么呢？」,,,,,,,,,,,,,,,,,,,,,,,,,,,,,,,,,,,,,,,,,,,,,,,,,,,,,,,,,,,,,,,,,,,,,,,,,,,,,,,,,,,,,,,,,,,,,,,,,,,,,,,,,,,,,,,,,,,,,,,,,,,,,,,,,,,,,,,,,,,,,,,,,,,,,,,,,,,,
ミクシュアナ:9:「はったり、ということですか」,SC0160,「……也就是说，那是虚张声势吗」,SC0160,「……也就是说，那是虚张声势吗」,,,,,,,,,,,,,,,,,,,,,,,,,,,,,,,,,,,,,,,,,,,,,,,,,,,,,,,,,,,,,,,,,,,,,,,,,,,,,,,,,,,,,,,,,,,,,,,,,,,,,,,,,,,,,,,,,,,,,,,,,,,,,,,,,,,,,,,,,,,,,,,,,,,,,,,,,,,,
ミクシュアナ:9:「フィユシア教の聖地ですね」,SC0160,「……那是菲优希亚教的圣地吧」,SC0160,「……那是菲优希亚教的圣地吧」,,,,,,,,,,,,,,,,,,,,,,,,,,,,,,,,,,,,,,,,,,,,,,,,,,,,,,,,,,,,,,,,,,,,,,,,,,,,,,,,,,,,,,,,,,,,,,,,,,,,,,,,,,,,,,,,,,,,,,,,,,,,,,,,,,,,,,,,,,,,,,,,,,,,,,,,,,,,
ミクシュアナ:9:「私がマーズテリア神殿から<ruby>拝命<rt>はいめい</rt></ruby>した役目は、インフルース王国と、フィユシア教の内部調査です」,SC0160,「……我从马兹忒利亚神殿领受的职责，是对因夫鲁斯王国与菲优希亚教进行内部调查」,SC0160,「……我从马兹忒利亚神殿领受的职责，是对因夫鲁斯王国与菲优希亚教进行内部调查」,,,,,,,,,,,,,,,,,,,,,,,,,,,,,,,,,,,,,,,,,,,,,,,,,,,,,,,,,,,,,,,,,,,,,,,,,,,,,,,,,,,,,,,,,,,,,,,,,,,,,,,,,,,,,,,,,,,,,,,,,,,,,,,,,,,,,,,,,,,,,,,,,,,,,,,,,,,,
ミクシュアナ:9:「理屈の上では、そうなりますね」,SC0160,「……从道理上讲，正是如此」,SC0160,「……从道理上讲，正是如此」,,,,,,,,,,,,,,,,,,,,,,,,,,,,,,,,,,,,,,,,,,,,,,,,,,,,,,,,,,,,,,,,,,,,,,,,,,,,,,,,,,,,,,,,,,,,,,,,,,,,,,,,,,,,,,,,,,,,,,,,,,,,,,,,,,,,,,,,,,,,,,,,,,,,,,,,,,,,
ミクシュアナ:9:「えんき」,SC0160,「…………延期」,SC0160,「…………延期」,,,,,,,,,,,,,,,,,,,,,,,,,,,,,,,,,,,,,,,,,,,,,,,,,,,,,,,,,,,,,,,,,,,,,,,,,,,,,,,,,,,,,,,,,,,,,,,,,,,,,,,,,,,,,,,,,,,,,,,,,,,,,,,,,,,,,,,,,,,,,,,,,,,,,,,,,,,,
ミクシュアナ:9:「なるほど、そういうことですか」,SC0160,「…………原来如此，是这样啊」,SC0160,「…………原来如此，是这样啊」,,,,,,,,,,,,,,,,,,,,,,,,,,,,,,,,,,,,,,,,,,,,,,,,,,,,,,,,,,,,,,,,,,,,,,,,,,,,,,,,,,,,,,,,,,,,,,,,,,,,,,,,,,,,,,,,,,,,,,,,,,,,,,,,,,,,,,,,,,,,,,,,,,,,,,,,,,,,
ミケユ:4:「お湯だから大丈夫だよ。たぶん」,SP0162,「是热水所以没关系啦。大概吧」,SP0163,「是热水所以没关系啦。大概吧」,,,,,,,,,,,,,,,,,,,,,,,,,,,,,,,,,,,,,,,,,,,,,,,,,,,,,,,,,,,,,,,,,,,,,,,,,,,,,,,,,,,,,,,,,,,,,,,,,,,,,,,,,,,,,,,,,,,,,,,,,,,,,,,,,,,,,,,,,,,,,,,,,,,,,,,,,,,,
ミケユ:4:「ぐぬぬぬぬ！　巨乳よ巨乳よ巨乳さん！　私のおっぱいも大きくなりますように！」,SP0162,「咕努努努努……！巨乳呀巨乳呀巨乳小姐！请让我的胸部也变大吧！」,SP0163,「咕努努努努……！巨乳呀巨乳呀巨乳小姐！请让我的胸部也变大吧！」,,,,,,,,,,,,,,,,,,,,,,,,,,,,,,,,,,,,,,,,,,,,,,,,,,,,,,,,,,,,,,,,,,,,,,,,,,,,,,,,,,,,,,,,,,,,,,,,,,,,,,,,,,,,,,,,,,,,,,,,,,,,,,,,,,,,,,,,,,,,,,,,,,,,,,,,,,,,
ミケユ:4:「じー」,SP0162,「盯——」,SP0163,「盯——」,,,,,,,,,,,,,,,,,,,,,,,,,,,,,,,,,,,,,,,,,,,,,,,,,,,,,,,,,,,,,,,,,,,,,,,,,,,,,,,,,,,,,,,,,,,,,,,,,,,,,,,,,,,,,,,,,,,,,,,,,,,,,,,,,,,,,,,,,,,,,,,,,,,,,,,,,,,,
ミケユ:4:「そんなことないもん！　これでもまぁまぁあるんだから！」,SP0162,「才没有那回事嘛！人家这样也还是挺有的好不好！」,SP0163,「才没有那回事嘛！人家这样也还是挺有的好不好！」,,,,,,,,,,,,,,,,,,,,,,,,,,,,,,,,,,,,,,,,,,,,,,,,,,,,,,,,,,,,,,,,,,,,,,,,,,,,,,,,,,,,,,,,,,,,,,,,,,,,,,,,,,,,,,,,,,,,,,,,,,,,,,,,,,,,,,,,,,,,,,,,,,,,,,,,,,,,
ミケユ:4:「もうイオルってばえい！」,SP0162,「真是的，伊欧露……嘿！」,SP0163,「真是的，伊欧露……嘿！」,,,,,,,,,,,,,,,,,,,,,,,,,,,,,,,,,,,,,,,,,,,,,,,,,,,,,,,,,,,,,,,,,,,,,,,,,,,,,,,,,,,,,,,,,,,,,,,,,,,,,,,,,,,,,,,,,,,,,,,,,,,,,,,,,,,,,,,,,,,,,,,,,,,,,,,,,,,,
ミケユ:4:「もーイオル？　いつまでそこにいるの、身体が冷えちゃうよ？」,SP0162,「真是的，伊欧露？你还要在那里待多久呀，身体会着凉的哦？」,SP0163,「真是的，伊欧露？你还要在那里待多久呀，身体会着凉的哦？」,,,,,,,,,,,,,,,,,,,,,,,,,,,,,,,,,,,,,,,,,,,,,,,,,,,,,,,,,,,,,,,,,,,,,,,,,,,,,,,,,,,,,,,,,,,,,,,,,,,,,,,,,,,,,,,,,,,,,,,,,,,,,,,,,,,,,,,,,,,,,,,,,,,,,,,,,,,,
ミケユ:4:「もーっ」,SP0162,「真是的！」,SP0163,「真是的！」,,,,,,,,,,,,,,,,,,,,,,,,,,,,,,,,,,,,,,,,,,,,,,,,,,,,,,,,,,,,,,,,,,,,,,,,,,,,,,,,,,,,,,,,,,,,,,,,,,,,,,,,,,,,,,,,,,,,,,,,,,,,,,,,,,,,,,,,,,,,,,,,,,,,,,,,,,,,
ミケユ:4:「配置物踏んだ」,SC6910,「踩到配置物了」,SC6920,「踩到配置物了」,,,,,,,,,,,,,,,,,,,,,,,,,,,,,,,,,,,,,,,,,,,,,,,,,,,,,,,,,,,,,,,,,,,,,,,,,,,,,,,,,,,,,,,,,,,,,,,,,,,,,,,,,,,,,,,,,,,,,,,,,,,,,,,,,,,,,,,,,,,,,,,,,,,,,,,,,,,,
ミケユ:4:「」,SC0530,「…………」,SC2060,「…………」,,,,,,,,,,,,,,,,,,,,,,,,,,,,,,,,,,,,,,,,,,,,,,,,,,,,,,,,,,,,,,,,,,,,,,,,,,,,,,,,,,,,,,,,,,,,,,,,,,,,,,,,,,,,,,,,,,,,,,,,,,,,,,,,,,,,,,,,,,,,,,,,,,,,,,,,,,,,
ユエラ:19:「私はユエラではない！」,$3$SC2340,「我不是由艾拉！」,$3$SC2340,「我不是由艾拉！」,,,,,,,,,,,,,,,,,,,,,,,,,,,,,,,,,,,,,,,,,,,,,,,,,,,,,,,,,,,,,,,,,,,,,,,,,,,,,,,,,,,,,,,,,,,,,,,,,,,,,,,,,,,,,,,,,,,,,,,,,,,,,,,,,,,,,,,,,,,,,,,,,,,,,,,,,,,,
リシュエンツェーリ:8:「あらあら？　ならば私が仲良くなって差し上げますわ。温泉は皆で楽しく入ってこそですもの」,SP0162,「哎呀呀？那就由本小姐来和大家交个朋友吧。温泉就是要大家一起开心地泡才像样嘛」,SP0163,「哎呀呀？那就由本小姐来和大家交个朋友吧。温泉就是要大家一起开心地泡才像样嘛」,,,,,,,,,,,,,,,,,,,,,,,,,,,,,,,,,,,,,,,,,,,,,,,,,,,,,,,,,,,,,,,,,,,,,,,,,,,,,,,,,,,,,,,,,,,,,,,,,,,,,,,,,,,,,,,,,,,,,,,,,,,,,,,,,,,,,,,,,,,,,,,,,,,,,,,,,,,,
リシュエンツェーリ:8:「お待ちなさい。それならば私の方が適任ではなくて？」,SP0162,「且慢。若论适任，难道不是本小姐更合适吗？」,SP0163,「且慢。若论适任，难道不是本小姐更合适吗？」,,,,,,,,,,,,,,,,,,,,,,,,,,,,,,,,,,,,,,,,,,,,,,,,,,,,,,,,,,,,,,,,,,,,,,,,,,,,,,,,,,,,,,,,,,,,,,,,,,,,,,,,,,,,,,,,,,,,,,,,,,,,,,,,,,,,,,,,,,,,,,,,,,,,,,,,,,,,
リシュエンツェーリ:8:「ほーらご覧なさいっ、ぼんっきゅっぼんの真骨頂、このリシュエンツェーリの肉体美を！」,SP0162,「看好了！波~翘~波的真髓，本小姐莉秀恩兹利的肉体美！」,SP0163,「看好了！波~翘~波的真髓，本小姐莉秀恩兹利的肉体美！」,,,,,,,,,,,,,,,,,,,,,,,,,,,,,,,,,,,,,,,,,,,,,,,,,,,,,,,,,,,,,,,,,,,,,,,,,,,,,,,,,,,,,,,,,,,,,,,,,,,,,,,,,,,,,,,,,,,,,,,,,,,,,,,,,,,,,,,,,,,,,,,,,,,,,,,,,,,,
リシュエンツェーリ:8:「何も出来ずただの、役立たずで終わるなんて無念、ですわ」,SC5830,「什么都做不到……只能像个废物一样迎来终结……实在是不甘心啊……」,SC6200,「什么都做不到……只能像个废物一样迎来终结……实在是不甘心啊……」,,,,,,,,,,,,,,,,,,,,,,,,,,,,,,,,,,,,,,,,,,,,,,,,,,,,,,,,,,,,,,,,,,,,,,,,,,,,,,,,,,,,,,,,,,,,,,,,,,,,,,,,,,,,,,,,,,,,,,,,,,,,,,,,,,,,,,,,,,,,,,,,,,,,,,,,,,,,
リシュエンツェーリ:8:「戦闘敗北」,SC6910,「战斗败北」,SC6920,「战斗败北」,,,,,,,,,,,,,,,,,,,,,,,,,,,,,,,,,,,,,,,,,,,,,,,,,,,,,,,,,,,,,,,,,,,,,,,,,,,,,,,,,,,,,,,,,,,,,,,,,,,,,,,,,,,,,,,,,,,,,,,,,,,,,,,,,,,,,,,,,,,,,,,,,,,,,,,,,,,,
リシュエンツェーリ:8:「」,SC4310,「……」,SC6630,「……」,,,,,,,,,,,,,,,,,,,,,,,,,,,,,,,,,,,,,,,,,,,,,,,,,,,,,,,,,,,,,,,,,,,,,,,,,,,,,,,,,,,,,,,,,,,,,,,,,,,,,,,,,,,,,,,,,,,,,,,,,,,,,,,,,,,,,,,,,,,,,,,,,,,,,,,,,,,,
リシュエンツェーリ:8:「はい」,SC2120,「…………好」,SC2120,「…………好」,,,,,,,,,,,,,,,,,,,,,,,,,,,,,,,,,,,,,,,,,,,,,,,,,,,,,,,,,,,,,,,,,,,,,,,,,,,,,,,,,,,,,,,,,,,,,,,,,,,,,,,,,,,,,,,,,,,,,,,,,,,,,,,,,,,,,,,,,,,,,,,,,,,,,,,,,,,,
リリィ:15:「うん！」,$1$SC4330,「嗯！」,$1$SC6030,「嗯！」,,,,,,,,,,,,,,,,,,,,,,,,,,,,,,,,,,,,,,,,,,,,,,,,,,,,,,,,,,,,,,,,,,,,,,,,,,,,,,,,,,,,,,,,,,,,,,,,,,,,,,,,,,,,,,,,,,,,,,,,,,,,,,,,,,,,,,,,,,,,,,,,,,,,,,,,,,,,
ロズリーヌ:7:「アヴァロ隊長、頑張って」,SC2150,「阿瓦罗队长，加油」,SC3210,「阿瓦罗队长，加油」,,,,,,,,,,,,,,,,,,,,,,,,,,,,,,,,,,,,,,,,,,,,,,,,,,,,,,,,,,,,,,,,,,,,,,,,,,,,,,,,,,,,,,,,,,,,,,,,,,,,,,,,,,,,,,,,,,,,,,,,,,,,,,,,,,,,,,,,,,,,,,,,,,,,,,,,,,,,
ロズリーヌ:7:「あなたがそれを言う？　どっちも変わらないくらいに大きいわよ」,SP0162,「这话轮到你说？两边都大得不相上下哦」,SP0163,「这话轮到你说？两边都大得不相上下哦」,,,,,,,,,,,,,,,,,,,,,,,,,,,,,,,,,,,,,,,,,,,,,,,,,,,,,,,,,,,,,,,,,,,,,,,,,,,,,,,,,,,,,,,,,,,,,,,,,,,,,,,,,,,,,,,,,,,,,,,,,,,,,,,,,,,,,,,,,,,,,,,,,,,,,,,,,,,,
ロズリーヌ:7:「あなたと？　どうも良好な関係を作れる気がしないのだけれど」,SP0162,「和你……？我总觉得没法和你建立起什么良好关系呢」,SP0163,「和你……？我总觉得没法和你建立起什么良好关系呢」,,,,,,,,,,,,,,,,,,,,,,,,,,,,,,,,,,,,,,,,,,,,,,,,,,,,,,,,,,,,,,,,,,,,,,,,,,,,,,,,,,,,,,,,,,,,,,,,,,,,,,,,,,,,,,,,,,,,,,,,,,,,,,,,,,,,,,,,,,,,,,,,,,,,,,,,,,,,
ロズリーヌ:7:「ここが噂の迷宮ね。賭け事とはよく言ったものだわ、ただでは入ることができないみたい」,$3$SC0840,「这里就是传闻中的迷宫呢。把它称作赌局，还真是没说错——看来不花钱是进不去的」,$3$SC0840,「这里就是传闻中的迷宫呢。把它称作赌局，还真是没说错——看来不花钱是进不去的」,$3$SC0840,「这里就是传闻中的迷宫呢。把它称作赌局，还真是没说错——看来不花钱是进不去的」,,,,,,,,,,,,,,,,,,,,,,,,,,,,,,,,,,,,,,,,,,,,,,,,,,,,,,,,,,,,,,,,,,,,,,,,,,,,,,,,,,,,,,,,,,,,,,,,,,,,,,,,,,,,,,,,,,,,,,,,,,,,,,,,,,,,,,,,,,,,,,,,,,,,,,,,,,
ロズリーヌ:7:「どうするの、アヴァロ隊長？」,$3$SC0840,「该怎么办呢，阿瓦罗队长？」,$3$SC0840,「该怎么办呢，阿瓦罗队长？」,$3$SC0840,「该怎么办呢，阿瓦罗队长？」,,,,,,,,,,,,,,,,,,,,,,,,,,,,,,,,,,,,,,,,,,,,,,,,,,,,,,,,,,,,,,,,,,,,,,,,,,,,,,,,,,,,,,,,,,,,,,,,,,,,,,,,,,,,,,,,,,,,,,,,,,,,,,,,,,,,,,,,,,,,,,,,,,,,,,,,,,
ロズリーヌ:7:「わかったわ。お金が貯まったら是非来ましょう」,$3$SC0840,「我知道了。等攒够钱了，一定要来哦」,$3$SC0840,「我知道了。等攒够钱了，一定要来哦」,$3$SC0840,「我知道了。等攒够钱了，一定要来哦」,,,,,,,,,,,,,,,,,,,,,,,,,,,,,,,,,,,,,,,,,,,,,,,,,,,,,,,,,,,,,,,,,,,,,,,,,,,,,,,,,,,,,,,,,,,,,,,,,,,,,,,,,,,,,,,,,,,,,,,,,,,,,,,,,,,,,,,,,,,,,,,,,,,,,,,,,,
ロズリーヌ:7:「わかったわ。では、お金を入れるわね」,$3$SC0840,「我知道了。那我把钱投进去喽」,$3$SC0840,「我知道了。那我把钱投进去喽」,$3$SC0840,「我知道了。那我把钱投进去喽」,,,,,,,,,,,,,,,,,,,,,,,,,,,,,,,,,,,,,,,,,,,,,,,,,,,,,,,,,,,,,,,,,,,,,,,,,,,,,,,,,,,,,,,,,,,,,,,,,,,,,,,,,,,,,,,,,,,,,,,,,,,,,,,,,,,,,,,,,,,,,,,,,,,,,,,,,,
ロズリーヌ:7:「わかったわ。残念だけれど、アヴァロ隊長に従うわ」,$3$SC0840,「我知道了。虽然有点可惜，不过我听阿瓦罗队长的」,$3$SC0840,「我知道了。虽然有点可惜，不过我听阿瓦罗队长的」,$3$SC0840,「我知道了。虽然有点可惜，不过我听阿瓦罗队长的」,,,,,,,,,,,,,,,,,,,,,,,,,,,,,,,,,,,,,,,,,,,,,,,,,,,,,,,,,,,,,,,,,,,,,,,,,,,,,,,,,,,,,,,,,,,,,,,,,,,,,,,,,,,,,,,,,,,,,,,,,,,,,,,,,,,,,,,,,,,,,,,,,,,,,,,,,,
ロズリーヌ:7:「自然な空気感であることが、何よりの証拠。出会ってさしたる時をかけずに、そうした関係を構築できるなんて、うらやましいわ」,SP0162,「相处得如此自然，就是最好的证据。相识没多久就能建立起这样的关系，真让人羡慕呢」,SP0163,「相处得如此自然，就是最好的证据。相识没多久就能建立起这样的关系，真让人羡慕呢」,,,,,,,,,,,,,,,,,,,,,,,,,,,,,,,,,,,,,,,,,,,,,,,,,,,,,,,,,,,,,,,,,,,,,,,,,,,,,,,,,,,,,,,,,,,,,,,,,,,,,,,,,,,,,,,,,,,,,,,,,,,,,,,,,,,,,,,,,,,,,,,,,,,,,,,,,,,,
ロズリーヌ:7:「仲がいいわね、あなたたち」,SP0162,「你们感情真好呢」,SP0163,「你们感情真好呢」,,,,,,,,,,,,,,,,,,,,,,,,,,,,,,,,,,,,,,,,,,,,,,,,,,,,,,,,,,,,,,,,,,,,,,,,,,,,,,,,,,,,,,,,,,,,,,,,,,,,,,,,,,,,,,,,,,,,,,,,,,,,,,,,,,,,,,,,,,,,,,,,,,,,,,,,,,,,
ロズリーヌ:7:「」,SC0130,「……」,SC2800,「……」,,,,,,,,,,,,,,,,,,,,,,,,,,,,,,,,,,,,,,,,,,,,,,,,,,,,,,,,,,,,,,,,,,,,,,,,,,,,,,,,,,,,,,,,,,,,,,,,,,,,,,,,,,,,,,,,,,,,,,,,,,,,,,,,,,,,,,,,,,,,,,,,,,,,,,,,,,,,
ロズリーヌ:7:「あぁ、命が尽きそうだわ。ようやく生が終わると思えないのは、何故かしら」,$5$SC6320,「……啊，生命就要耗尽了。为何我无法相信，自己的人生终于要迎来终结呢……」,SC6300,「……啊，生命就要耗尽了。为何我无法相信，自己的人生终于要迎来终结呢……」,,,,,,,,,,,,,,,,,,,,,,,,,,,,,,,,,,,,,,,,,,,,,,,,,,,,,,,,,,,,,,,,,,,,,,,,,,,,,,,,,,,,,,,,,,,,,,,,,,,,,,,,,,,,,,,,,,,,,,,,,,,,,,,,,,,,,,,,,,,,,,,,,,,,,,,,,,,,
嫌らしい顔の男:b5:「依頼の品はできているか？」,SC1650,「委托的货做好了没有？」,SC3120,「委托的货做好了没有？」,,,,,,,,,,,,,,,,,,,,,,,,,,,,,,,,,,,,,,,,,,,,,,,,,,,,,,,,,,,,,,,,,,,,,,,,,,,,,,,,,,,,,,,,,,,,,,,,,,,,,,,,,,,,,,,,,,,,,,,,,,,,,,,,,,,,,,,,,,,,,,,,,,,,,,,,,,,,
思春期カトリト:b:「う、うぅ」,SC1620,「呜、呜呜……」,SC1620,「呜、呜呜……」,,,,,,,,,,,,,,,,,,,,,,,,,,,,,,,,,,,,,,,,,,,,,,,,,,,,,,,,,,,,,,,,,,,,,,,,,,,,,,,,,,,,,,,,,,,,,,,,,,,,,,,,,,,,,,,,,,,,,,,,,,,,,,,,,,,,,,,,,,,,,,,,,,,,,,,,,,,,
上級悪魔カノン:1d6:「ガアアアアアアアアアァァァッ」,SC0040,「嘎啊啊啊啊啊啊啊啊——！」,SC5740,「嘎啊啊啊啊啊啊啊啊——！」,,,,,,,,,,,,,,,,,,,,,,,,,,,,,,,,,,,,,,,,,,,,,,,,,,,,,,,,,,,,,,,,,,,,,,,,,,,,,,,,,,,,,,,,,,,,,,,,,,,,,,,,,,,,,,,,,,,,,,,,,,,,,,,,,,,,,,,,,,,,,,,,,,,,,,,,,,,,
通りすがりの娘:73:「ありがとうございます。よろしくお願いしますね」,$2$SC1830,「谢谢您。那就拜托您了」,SC2150,「谢谢您。那就拜托您了」,,,,,,,,,,,,,,,,,,,,,,,,,,,,,,,,,,,,,,,,,,,,,,,,,,,,,,,,,,,,,,,,,,,,,,,,,,,,,,,,,,,,,,,,,,,,,,,,,,,,,,,,,,,,,,,,,,,,,,,,,,,,,,,,,,,,,,,,,,,,,,,,,,,,,,,,,,,,
天枯の飢狼王:109:「グルルルルルルルアアアアアァァァァッ！！」,SC6600,「咕噜噜噜噜噜噜啊啊啊啊啊啊啊啊啊——！！」,SC6600,「咕噜噜噜噜噜噜啊啊啊啊啊啊啊啊啊——！！」,,,,,,,,,,,,,,,,,,,,,,,,,,,,,,,,,,,,,,,,,,,,,,,,,,,,,,,,,,,,,,,,,,,,,,,,,,,,,,,,,,,,,,,,,,,,,,,,,,,,,,,,,,,,,,,,,,,,,,,,,,,,,,,,,,,,,,,,,,,,,,,,,,,,,,,,,,,,
