文件名,说话人名称,说话人ID,日文原文,当前翻译,日文引号数,译文引号数,类别,说明
$3$SC6850,ユエラ,19,「ふう、無事に保護できたようだな」,……呼，看来总算平安保护下来了啊。,2,0,LOST,日文有「」/『』引号但译文完全没有任何引号字形（含中文弯引号），引号丢失
$3$SC6850,ユエラ,19,「まったく、どうしてこんな危ない場所に逃げ込んだんだ。私たちが居たから良かったものの。めっ、だぞ！」,真是的，怎么会逃进这么危险的地方。多亏有我们在……。不行哦！,2,0,LOST,日文有「」/『』引号但译文完全没有任何引号字形（含中文弯引号），引号丢失
$3$SC6850,ユエラ,19,「今のはこの子が鳴いたのか？」,……刚才那声，是这孩子叫出来的吗？,2,0,LOST,日文有「」/『』引号但译文完全没有任何引号字形（含中文弯引号），引号丢失
$3$SC6850,フィア,2,「ううん、違うところから聞こえたけれど」,不是啦，是从别处传来的……,2,0,LOST,日文有「」/『』引号但译文完全没有任何引号字形（含中文弯引号），引号丢失
$3$SC6850,フィア,2,「なんだか悲しそうな声だね。なにか困っているのかも」,总觉得那声音很悲伤呢。说不定是遇到什么麻烦了吧……,2,0,LOST,日文有「」/『』引号但译文完全没有任何引号字形（含中文弯引号），引号丢失
$3$SC6850,ユエラ,19,「こんな場所にいるだけでも困るだろう。怖くて震えているのかもしれないな」,……光是待在这种地方就已经够难受了吧。说不定正害怕得瑟瑟发抖呢。,2,0,LOST,日文有「」/『』引号但译文完全没有任何引号字形（含中文弯引号），引号丢失
$3$SC6850,フィア,2,「早く迎えに行ってあげないとね！」,得赶紧去接它才行呢！,2,0,LOST,日文有「」/『』引号但译文完全没有任何引号字形（含中文弯引号），引号丢失
$3$SC6850,ユエラ,19,「ああ、急がないとな！　どうやらこの迷宮には続きがあるようだ、そこも探索してみるぞ」,啊啊，得抓紧了……！看来这座迷宫还有延伸部分，也去那边探索一下吧。,2,0,LOST,日文有「」/『』引号但译文完全没有任何引号字形（含中文弯引号），引号丢失
$3$SC6850,ユエラ,19,「よし、捕まえたぞ。わ、こら暴れるな」,……好，抓住了。哇，喂喂，别乱扑腾！,2,0,LOST,日文有「」/『』引号但译文完全没有任何引号字形（含中文弯引号），引号丢失
$3$SC6850,ユエラ,19,「もう大丈夫だ、私たちがどんな敵からも守ると誓う」,已经没事了，我发誓，我们会从任何敌人手中保护你。,2,0,LOST,日文有「」/『』引号但译文完全没有任何引号字形（含中文弯引号），引号丢失
$3$SC6850,フィア,2,「えへへー、これで一件落着かな？　早く帰らないと、ここは危ないからね。アヴァロだって心配しているかも」,诶嘿嘿——这样就算圆满解决了吧？得快点回去才行，这里很危险呢。阿瓦罗说不定也会担心……,2,0,LOST,日文有「」/『』引号但译文完全没有任何引号字形（含中文弯引号），引号丢失
$3$SC6850,フィア,2,「と、思ったんだけど、まだ終わってないみたい」,……我本来是这么想的，不过看来还没结束呢。,2,0,LOST,日文有「」/『』引号但译文完全没有任何引号字形（含中文弯引号），引号丢失
$3$SC6850,ユエラ,19,「一体どれだけの猫が紛れ込んでいるのだ、この空間は」,这片空间里，到底混进了多少只猫啊……,2,0,LOST,日文有「」/『』引号但译文完全没有任何引号字形（含中文弯引号），引号丢失
$3$SC6850,フィア,2,「なんだか、声がか細いような。子猫なのかな？」,总觉得，叫声很细弱呢……。是小猫咪吗？,2,0,LOST,日文有「」/『』引号但译文完全没有任何引号字形（含中文弯引号），引号丢失
$3$SC6850,ユエラ,19,「それに一匹だけではない、何匹もいるようだ」,而且不止一只，好像有好几只。,2,0,LOST,日文有「」/『』引号但译文完全没有任何引号字形（含中文弯引号），引号丢失
$3$SC6850,ユエラ,19,「この助けを呼ぶような、必死な声。どうやらこの先に続いている空間から響いているようだ」,这像是求救般的、拼命的声音……。看来是从前方延伸出去的空间里传出来的。,2,0,LOST,日文有「」/『』引号但译文完全没有任何引号字形（含中文弯引号），引号丢失
$3$SC6850,フィア,2,「こ、この先の空間ってもっと危険になってるってことだよね？　大丈夫なのかな」,前、前方的空间……也就是说会变得更危险了对吧？真的没问题吗……,2,0,LOST,日文有「」/『』引号但译文完全没有任何引号字形（含中文弯引号），引号丢失
$3$SC6850,ユエラ,19,「そうだな、確実に物騒さの度合は増しているだろう。空間自体も不安定なうえに、現れる敵も輪にかけて凶暴なのは間違いない」,……是啊，危险程度肯定是有增无减。空间本身就不稳定，出现的敌人也更凶暴，这点毫无疑问。,2,0,LOST,日文有「」/『』引号但译文完全没有任何引号字形（含中文弯引号），引号丢失
$3$SC6850,ユエラ,19,「だが、私には助けを呼んで鳴いている猫を前にして<ruby>退<rt>ひ</rt></ruby>く選択などありえない。たとえこの身が滅びようとも、絶対に助けてみせる」,但是，面对呼救啼鸣的猫，我绝无退缩的可能。纵使此身毁灭，我也一定要救出它们！,2,0,LOST,日文有「」/『』引号但译文完全没有任何引号字形（含中文弯引号），引号丢失
$3$SC6850,ユエラ,19,「たかが猫、されど猫だ。ホクロの妖精の名にかけて、私は猫を救う」,不过是一只猫，却又不只是猫。以痣之妖精之名起誓，我必将拯救猫咪。,2,0,LOST,日文有「」/『』引号但译文完全没有任何引号字形（含中文弯引号），引号丢失
$3$SC6850,ユエラ,19,「神よ。こんな私に付き合って、くれるか？」,神啊……。愿意陪这样的我，一起去吗？,2,0,LOST,日文有「」/『』引号但译文完全没有任何引号字形（含中文弯引号），引号丢失
$3$SC6850,フィア,2,「もちろんだよ！　私だって猫ちゃんを助けたいし、友達が危険な場所へ行くのに１人だけ帰るなんてあり得ない！」,当然啦！我也想去救小猫咪，而且朋友要去危险的地方，我却一个人回去，这种事绝不可能！,2,0,LOST,日文有「」/『』引号但译文完全没有任何引号字形（含中文弯引号），引号丢失
$3$SC6850,ユエラ,19,「私はいい友を持った。では行こう！　猫が助けを待っている！」,……我交到了好朋友。那么，出发吧！猫咪们正等着我们相助！,2,0,LOST,日文有「」/『』引号但译文完全没有任何引号字形（含中文弯引号），引号丢失
$3$SC6850,ユエラ,19,「子猫たちも無事に保護できた。さすがにもう、この空間にいる猫はこれで最後のようだな」,小猫们也都平安救出来了。看来这片空间里的猫，这次总算是最后一批了。,2,0,LOST,日文有「」/『』引号但译文完全没有任何引号字形（含中文弯引号），引号丢失
$3$SC6850,フィア,2,「良かった～。猫ちゃんたち、みんな無事だったんだね」,太好了～……。小猫咪们，大家都没事呢。,2,0,LOST,日文有「」/『』引号但译文完全没有任何引号字形（含中文弯引号），引号丢失
$3$SC6850,ユエラ,19,「お前は、温泉に入ってきた」,……你，是从温泉里进来的……,2,0,LOST,日文有「」/『』引号但译文完全没有任何引号字形（含中文弯引号），引号丢失
$3$SC6850,ユエラ,19,「なるほど、なんとか家族を助け出そうと、私の元を訪れたのだな」,原来如此，你是想方设法要救出家人，才来我这里的啊。,2,0,LOST,日文有「」/『』引号但译文完全没有任何引号字形（含中文弯引号），引号丢失
$3$SC6850,ユエラ,19,「猫が好きという話を聞いて飛び込んできたのか？　まったく」,是听说了我喜欢猫，才跳进来的吗？真是的……,2,0,LOST,日文有「」/『』引号但译文完全没有任何引号字形（含中文弯引号），引号丢失
$3$SC6850,ユエラ,19,「私たちが間に合ったから良かったものの、もうこんな危険な真似は控えてくれ。下手をすれば、お前もやられてしまったかもしれないのだぞ」,幸好我们赶上了，不过别再干这么危险的事了。一个不小心，你也会没命的。,2,0,LOST,日文有「」/『』引号但译文完全没有任何引号字形（含中文弯引号），引号丢失
$3$SC6850,ユエラ,19,「反省しているならばいい。本当に、無事で良かった」,……知道反省就好。真的，平安无事就好。,2,0,LOST,日文有「」/『』引号但译文完全没有任何引号字形（含中文弯引号），引号丢失
$3$SC6850,フィア,2,「ねえねえ、ユエラさんはこれからどうするの？」,呐呐，由艾拉小姐接下来打算做什么呢？,2,0,LOST,日文有「」/『』引号但译文完全没有任何引号字形（含中文弯引号），引号丢失
$3$SC6850,ユエラ,19,「なんだか久しぶりにそう呼ばれた気がするが、そうだな」,……总觉得好久没被人这么称呼了呢。唔，是啊。,2,0,LOST,日文有「」/『』引号但译文完全没有任何引号字形（含中文弯引号），引号丢失
$3$SC6850,ユエラ,19,「また猫が危険な場所へ潜り込んでしまわないよう、私が監視につこうと考えている」,我打算负责监视，免得猫再溜进危险的地方。,2,0,LOST,日文有「」/『』引号但译文完全没有任何引号字形（含中文弯引号），引号丢失
$3$SC6850,フィア,2,「え、それじゃあずっと城砦に居てくれるの！？」,咦，那你会一直待在城砦里吗！？,2,0,LOST,日文有「」/『』引号但译文完全没有任何引号字形（含中文弯引号），引号丢失
$3$SC6850,ユエラ,19,「使徒の話では、獲得できるものがないといけないという話だったろう」,照使徒的说法，不是得能有所收获才行吗？,2,0,LOST,日文有「」/『』引号但译文完全没有任何引号字形（含中文弯引号），引号丢失
$3$SC6850,ユエラ,19,「城砦には、こんなにも危険な場所があると分かったからな。あくまで猫の為だが、友である神にも、少しはホクロの妖精たる私が力を貸してやる」,……因为知道了城砦里竟有如此危险的地方。说到底是为了猫，不过既然是朋友的神，就让痣之妖精的我多少帮你一把吧。,2,0,LOST,日文有「」/『』引号但译文完全没有任何引号字形（含中文弯引号），引号丢失
$3$SC6850,フィア,2,「やったぁ！　すっごい嬉しいし、すっごい頼もしいよ。ありがとう！」,太好啦！超级开心，也超级可靠呢。谢谢你！,2,0,LOST,日文有「」/『』引号但译文完全没有任何引号字形（含中文弯引号），引号丢失
$3$SC6850,ユエラ,19,「これからよろしく頼む。後で、２人の猫獣人も紹介してくれ」,今后就拜托了。……之后，把那两位猫兽人也介绍给我吧。,2,0,LOST,日文有「」/『』引号但译文完全没有任何引号字形（含中文弯引号），引号丢失
$3$SC6850,フィア,2,「えへへ、城砦に住む新しい家族が増えたよー！　やっぱり、ぶつかり合うことで人は分かり合えるんだねっ」,诶嘿嘿，城砦里又多了一位新家人啦！果然，人就是要互相碰撞，才能相互理解呢！,2,0,LOST,日文有「」/『』引号但译文完全没有任何引号字形（含中文弯引号），引号丢失
$3$SC6850,ユエラ,19,「そのようだ。わ、こら頬を舐めるな。いや、今のはうそだ。もっとしてくれてもいいぞ」,好像是呢。哇，喂喂，别舔脸颊。……不，刚才那是骗你的。再多来几下也行哦……,2,0,LOST,日文有「」/『』引号但译文完全没有任何引号字形（含中文弯引号），引号丢失
$3$SC6850,フィア,2,「よーし、これで本当に一件落着だ！　早くアヴァロのところへ戻ろー！」,好嘞——这下真的圆满解决啦！快点回阿瓦罗那里去吧——！,2,0,LOST,日文有「」/『』引号但译文完全没有任何引号字形（含中文弯引号），引号丢失
$3$SC6850,アヴァロ,1,「飛行結界その先には出撃門か。ここを突破するには出撃門を制圧するしかなさそうだ」,飞行结界……其前方是出击门吗。要突破这里，看来只能压制出击门了。,2,0,LOST,日文有「」/『』引号但译文完全没有任何引号字形（含中文弯引号），引号丢失
$3$SC6850,アヴァロ,1,「でも、直接制圧しに行けないってことは部屋そのものを制圧するしかない訳だけど、そんな凄い芸当できる仲間っていたっけ」,不过，既然不能直接去压制，那就只能压制房间本身了。可咱们有能干出这种绝活的同伴来着吗……,2,0,LOST,日文有「」/『』引号但译文完全没有任何引号字形（含中文弯引号），引号丢失
$3$SP2341,フィア,2,「んっふっふ。アヴァロってば、始める前からこんなに大きくしてたんだ？」,嗯哼哼。阿瓦罗呀，还没开始，就已经胀得这么大了？,2,0,LOST,日文有「」/『』引号但译文完全没有任何引号字形（含中文弯引号），引号丢失
$3$SP2341,アヴァロ,1,「フィアに触れたいと思っているって言っただろう。その時から期待と夢で大きく膨れ上がってってなにを言わすんだ」,我不是说过想碰菲亚吗。从那时候起，就满怀期待与梦想胀得大大的……——我都在让你说些什么啊,2,0,LOST,日文有「」/『』引号但译文完全没有任何引号字形（含中文弯引号），引号丢失
$3$SP2341,フィア,2,「いーんだよ。私の目的はいちゃいちゃすることだから、つんつんだけにこだわってはいないんだ」,没关系啦。我的目的是亲热，又不是非执着于戳戳不可,2,0,LOST,日文有「」/『』引号但译文完全没有任何引号字形（含中文弯引号），引号丢失
$3$SP2341,フィア,2,「せっかくあの時とは違って恋人同士なんだし、今日はもっと密着して、つんつんより先に進もうよ」,好不容易和那时不同了，我们现在可是恋人，今天就贴得更紧一些，往比戳戳更进一步的地方去吧,2,0,LOST,日文有「」/『』引号但译文完全没有任何引号字形（含中文弯引号），引号丢失
$3$SP2341,アヴァロ,1,「ん、ぐっ」,唔、咕……！,2,0,LOST,日文有「」/『』引号但译文完全没有任何引号字形（含中文弯引号），引号丢失
$3$SP2341,アヴァロ,1,「し、舌で？　わ、分かった」,舌、舌头……？我、我知道了,2,0,LOST,日文有「」/『』引号但译文完全没有任何引号字形（含中文弯引号），引号丢失
$3$SP2341,フィア,2,「んっ、アヴァロに舐められたところ、すーすーするね」,唔……！被阿瓦罗舔过的地方，凉丝丝的呢,2,0,LOST,日文有「」/『』引号但译文完全没有任何引号字形（含中文弯引号），引号丢失
$3$SP2341,アヴァロ,1,「唾がついちゃうんだから、仕方ないだろ？」,会沾上口水，这也是没办法的吧……？,2,0,LOST,日文有「」/『』引号但译文完全没有任何引号字形（含中文弯引号），引号丢失
$3$SP2341,アヴァロ,1,「やっぱり、ホクロって敏感なものなのか？」,……果然，痣是这么敏感的东西吗？,2,0,LOST,日文有「」/『』引号但译文完全没有任何引号字形（含中文弯引号），引号丢失
$3$SP2341,フィア,2,「う、うぅん、ホクロ自体に感覚は、ないんだけどぉ。でも、アヴァロに舐められてるんだって意識したら、なんかんっ、あ、もうっ」,唔、唔嗯，痣本身倒是没什么感觉啦……。可是，一想到正被阿瓦罗舔着，就总觉得……唔、啊，不行了……！,2,0,LOST,日文有「」/『』引号但译文完全没有任何引号字形（含中文弯引号），引号丢失
$3$SP2341,フィア,2,「は、ぁ、んんふぁ、うぅ、んぺろぺろされるの、気持ちいいよぉ」,哈、啊、嗯嗯……呼啊、呜呜、唔……被这样舔舔的，好舒服哦……,2,0,LOST,日文有「」/『』引号但译文完全没有任何引号字形（含中文弯引号），引号丢失
$3$SP2341,フィア,2,「あ、ごめん。こっち、止まってたね？　ちゃんといっぱい、気持ちよくしてあげるからね？」,……啊，抱歉。这边，刚才停住了对吧？我会好好让你舒服个够的哦……？,2,0,LOST,日文有「」/『』引号但译文完全没有任何引号字形（含中文弯引号），引号丢失
$3$SP2341,フィア,2,「んふふ、手の中でビクって反応してて、かわいー。たくさん、こすってあげるね」,嗯呼呼，它在手心里一颤一颤地回应，好可爱——。我会好好多蹭蹭它的哦,2,0,LOST,日文有「」/『』引号但译文完全没有任何引号字形（含中文弯引号），引号丢失
$3$SP2341,アヴァロ,1,「っ」,唔……！,2,0,LOST,日文有「」/『』引号但译文完全没有任何引号字形（含中文弯引号），引号丢失
$3$SP2341,フィア,2,「あ、困り眉になった。えへへー、気持ちいいんだね～。アヴァロはいっぱい舐めてていいんだよ。私に任せてね」,啊，你皱起困扰的眉头了。诶嘿嘿——，很舒服吧～。阿瓦罗可以多舔一会儿哦。这边就交给我吧,2,0,LOST,日文有「」/『』引号但译文完全没有任何引号字形（含中文弯引号），引号丢失
$3$SP2341,フィア,2,「ここが気持ちいいんだね。指で、押してみたりこうやって、ぎゅう～って挟んでみたりへへ、でもやっぱり、こするのが一番反応しちゃうのかな？」,原来这里很舒服啊。用指头按一按……像这样，用力～夹一夹……嘿嘿，不过说到底，还是搓一搓反应最大吧？,2,0,LOST,日文有「」/『』引号但译文完全没有任何引号字形（含中文弯引号），引号丢失
$3$SP2341,フィア,2,「ぁっ、ん、もうは、ぅ胸を舐めるだけじゃ、足りなくなったの？」,啊、唔，真是的……哈、呜……光舔胸，已经不够了吗……？,2,0,LOST,日文有「」/『』引号但译文完全没有任何引号字形（含中文弯引号），引号丢失
$3$SP2341,フィア,2,「は、反抗期か～。このー、いっぱい声を出させてやる～。えいえい」,哈，你这是到了叛逆期吗～。看我的——，非让你叫出声来不可～。嘿呀嘿呀,2,0,LOST,日文有「」/『』引号但译文完全没有任何引号字形（含中文弯引号），引号丢失
$3$SP2341,アヴァロ,1,「っ、やったな」,唔、你干的好事……,2,0,LOST,日文有「」/『』引号但译文完全没有任何引号字形（含中文弯引号），引号丢失
$3$SP2341,フィア,2,「あ、んっ。そ、こは本当に敏感、だからぁふ、ぁ」,啊、嗯！那、那里……真的特别敏感，所以啊……呼、啊,2,0,LOST,日文有「」/『』引号但译文完全没有任何引号字形（含中文弯引号），引号丢失
$3$SP2341,フィア,2,「はぁ、んっ、あぁ、ぅそ、そんなに吸ってもなにも、で、出ないよ？」,……哈啊、唔、啊、呜……就、就算吸得那么用力……也什么都、出、出不来哦……？,2,0,LOST,日文有「」/『』引号但译文完全没有任何引号字形（含中文弯引号），引号丢失
$3$SP2341,フィア,2,「もう、赤ちゃんみたい。よしよし、いつか、たくさん飲ませてあげるからね。ん、ふぁ、ぅ」,真是的，像个小宝宝……。好好好，总有一天会让你喝个够的哦……。唔、呼啊、呜……,2,0,LOST,日文有「」/『』引号但译文完全没有任何引号字形（含中文弯引号），引号丢失
$3$SP2341,アヴァロ,1,「あの、これ。すっげー、恥ずかしいんだけど」,……那个，这个。超、超难为情的啊,2,0,LOST,日文有「」/『』引号但译文完全没有任何引号字形（含中文弯引号），引号丢失
$3$SP2341,フィア,2,「そう？　私はんっ、甘えてくれて、嬉しいけど」,是吗？我倒是……唔、你愿意撒娇，我很高兴哦……,2,0,LOST,日文有「」/『』引号但译文完全没有任何引号字形（含中文弯引号），引号丢失
$3$SP2341,アヴァロ,1,「本当の赤ちゃんにこんなことしないでくれよ？」,可别对真正的小宝宝做这种事啊……？,2,0,LOST,日文有「」/『』引号但译文完全没有任何引号字形（含中文弯引号），引号丢失
$3$SP2341,フィア,2,「分かってるって～。こういうことするのはアヴァロだけ、だもんあ、もうまた、舌が動いて」,我知道啦～。会做这种事的人只有阿瓦罗而已嘛……啊，真是的……舌头又动起来了……,2,0,LOST,日文有「」/『』引号但译文完全没有任何引号字形（含中文弯引号），引号丢失
$3$SP2341,フィア,2,「あ、またホクロに戻った。やっぱり、気になる？」,……啊，又回到痣上了。果然，你很在意它吗？,2,0,LOST,日文有「」/『』引号但译文完全没有任何引号字形（含中文弯引号），引号丢失
$3$SP2341,アヴァロ,1,「フィアが今日、して欲しいのはこっちなんだろ？」,菲亚今天想要的，是这个吧……？,2,0,LOST,日文有「」/『』引号但译文完全没有任何引号字形（含中文弯引号），引号丢失
$3$SP2341,フィア,2,「はぁん、気持ちいい、ねこうやって、ゆっくり愛し合うの、好きかも」,哈啊……唔，好舒服、呢……像这样，慢慢缠绵相爱的感觉，我好像很喜欢……,2,0,LOST,日文有「」/『』引号但译文完全没有任何引号字形（含中文弯引号），引号丢失
$3$SP2341,フィア,2,「どう、したの？　もっと、早く動かした方がいい？」,怎、么了？要再动快一点比较好……？,2,0,LOST,日文有「」/『』引号但译文完全没有任何引号字形（含中文弯引号），引号丢失
$3$SP2341,アヴァロ,1,「ああ、そうして、欲しいごめん、フィア、もう」,啊啊，想、要你那样……抱歉，菲亚，已经……,2,0,LOST,日文有「」/『』引号但译文完全没有任何引号字形（含中文弯引号），引号丢失
$3$SP2341,フィア,2,「ん、わかった。たーくさん、出していいからね？」,……唔，知道了。想射多少，就射多少出来哦？,2,0,LOST,日文有「」/『』引号但译文完全没有任何引号字形（含中文弯引号），引号丢失
$3$SP2341,フィア,2,「イキたくなったら、我慢しないで、私の手でいっぱい気持ちよくなって」,想射的时候，不要忍着，用我的手好好舒服个够吧……,2,0,LOST,日文有「」/『』引号但译文完全没有任何引号字形（含中文弯引号），引号丢失
$3$SP2341,フィア,2,「ほら、たくさん白いの、出しちゃおうねっ。私の手の中で、たくさん！」,来吧，把好多好多……白色的东西，都射出来吧……！在我的手里，射好多好多……！,2,0,LOST,日文有「」/『』引号但译文完全没有任何引号字形（含中文弯引号），引号丢失
$3$SP2341,アヴァロ,1,「っ、く、ぁ」,……！唔、啊……,2,0,LOST,日文有「」/『』引号但译文完全没有任何引号字形（含中文弯引号），引号丢失
$3$SP2341,フィア,2,「えへへ、わ、いっぱいでたね。手がぬるぬるでぐちょぐちょだ」,诶嘿嘿……，哇，射了好多呢。手黏糊糊、湿乎乎的,2,0,LOST,日文有「」/『』引号但译文完全没有任何引号字形（含中文弯引号），引号丢失
$3$SP2341,フィア,2,「ちょっと、待っててね。出したあとも、大事だって知ってるから」,稍微等一下哦。我知道射出来之后也很重要的……,2,0,LOST,日文有「」/『』引号但译文完全没有任何引号字形（含中文弯引号），引号丢失
$3$SP2341,フィア,2,「気持ちよかった？　えへへ、幸せそうな顔をしてる」,舒服吗？诶嘿嘿，你一脸幸福的样子呢,2,0,LOST,日文有「」/『』引号但译文完全没有任何引号字形（含中文弯引号），引号丢失
$3$SP2341,アヴァロ,1,「ああ。気持ちよかった。でも、まさかこれで終わるとは思ってないよな？」,……啊啊。很舒服。不过，你该不会以为这就结束了吧？,2,0,LOST,日文有「」/『』引号但译文完全没有任何引号字形（含中文弯引号），引号丢失
$3$SP2341,フィア,2,「んーうん。もちろんだよ、アヴァロをもっと、感じたいもん」,嗯——……嗯。当然啦，我还想更多地感受阿瓦罗呢,2,0,LOST,日文有「」/『』引号但译文完全没有任何引号字形（含中文弯引号），引号丢失
$3$SP2341,アヴァロ,1,「一回気持ちよくしてもらったけど、早くいれたくて、我慢できないんだいいか？」,虽然已经让你帮我舒服过一次了，可我好想快点进去，已经忍不住了……可以吗？,2,0,LOST,日文有「」/『』引号但译文完全没有任何引号字形（含中文弯引号），引号丢失
$3$SP2341,フィア,2,「うん、大丈夫だよ。えへへ、私がアヴァロを拒むわけないでしょ？」,嗯，没问题哦。诶嘿嘿，我怎么可能会拒绝阿瓦罗嘛……？,2,0,LOST,日文有「」/『』引号但译文完全没有任何引号字形（含中文弯引号），引号丢失
$3$SP2341,フィア,2,「んっ、あぁ、あつくて、かたくて、おっきっ」,……唔、啊，好烫、好硬、好大……！,2,0,LOST,日文有「」/『』引号但译文完全没有任何引号字形（含中文弯引号），引号丢失
$3$SP2341,アヴァロ,1,「悪い、準備してないのに。痛くないか」,抱歉，明明还没做好准备……。疼吗,2,0,LOST,日文有「」/『』引号但译文完全没有任何引号字形（含中文弯引号），引号丢失
$3$SP2341,フィア,2,「んへーき。アヴァロの身体、触ってたら濡れてきちゃってたから」,唔……没、没事。因为刚才摸着阿瓦罗的身体……就已经湿起来了,2,0,LOST,日文有「」/『』引号但译文完全没有任何引号字形（含中文弯引号），引号丢失
$3$SP2341,アヴァロ,1,「ありがとう。すごく嬉しい」,……谢谢你。我很高兴,2,0,LOST,日文有「」/『』引号但译文完全没有任何引号字形（含中文弯引号），引号丢失
$3$SP2341,フィア,2,「あ、んんっ、ふ、ぅはぁ、ん、ゃ、はぁぁ、んっ」,啊、嗯嗯！呼、呜……哈啊、唔、呀、哈啊——、唔！,2,0,LOST,日文有「」/『』引号但译文完全没有任何引号字形（含中文弯引号），引号丢失
$3$SP2341,アヴァロ,1,「フィアの声、色っぽくて可愛い」,……菲亚的声音，好妩媚……好可爱,2,0,LOST,日文有「」/『』引号但译文完全没有任何引号字形（含中文弯引号），引号丢失
$3$SP2341,アヴァロ,1,「なんか、不満そう？」,怎么，好像不太满意……？,2,0,LOST,日文有「」/『』引号但译文完全没有任何引号字形（含中文弯引号），引号丢失
$3$SP2341,フィア,2,「う、ううん、大丈夫っ、ぁ、はぁ、んぅぅちょっと、顔が見たくなっただけ」,唔、没有，没事……！啊、哈啊、嗯呜……只是，忽然有点想看你的脸了,2,0,LOST,日文有「」/『』引号但译文完全没有任何引号字形（含中文弯引号），引号丢失
$3$SP2341,アヴァロ,1,「」,…………,2,0,LOST,日文有「」/『』引号但译文完全没有任何引号字形（含中文弯引号），引号丢失
$3$SP2341,フィア,2,「あっ、んん、また、ホクロの場所をもう、イジわるぅかお、隠すようにしてふぁ、あ、ぁぁんっ、ん、は、ぁぁ」,……啊、嗯嗯，又、又来弄痣的地方……真是的，太坏心眼了……我、把脸埋起来……呼啊、啊、啊嗯！唔、哈、啊——,2,0,LOST,日文有「」/『』引号但译文完全没有任何引号字形（含中文弯引号），引号丢失
$3$SP2341,アヴァロ,1,「今日は、ホクロをイジるって決めたから」,因为今天，我已经决定要好好疼爱这颗痣了,2,0,LOST,日文有「」/『』引号但译文完全没有任何引号字形（含中文弯引号），引号丢失
$3$SP2341,フィア,2,「んぁ、はぁ、ぅ、んえへへ、顔が見られるの、恥ずかしいだけのくせにぃ」,嗯啊、哈啊、呜、唔……诶嘿嘿，明明只是被看到脸就会害羞而已嘛,2,0,LOST,日文有「」/『』引号但译文完全没有任何引号字形（含中文弯引号），引号丢失
$3$SP2341,フィア,2,「は、ふぅ、んんっ、奥まで、届いてる、よ。さきっぽが、つんつんって、<ruby>突<rt>つつ</rt></ruby>いてる」,哈、呼、唔唔……！最里面，已经，顶到了哦……。前端，正戳戳地，顶着……,2,0,LOST,日文有「」/『』引号但译文完全没有任何引号字形（含中文弯引号），引号丢失
$3$SP2341,アヴァロ,1,「突いているって、子宮口？」,……你说顶着的，是子宫口……？,2,0,LOST,日文有「」/『』引号但译文完全没有任何引号字形（含中文弯引号），引号丢失
$3$SP2341,フィア,2,「んっ、そう、だよそこが、赤ちゃんの、へやぁぁ、は、あぁんっ」,唔、是、的……那里就是、小宝宝、的房间啊……啊、哈、啊嗯！,2,0,LOST,日文有「」/『』引号但译文完全没有任何引号字形（含中文弯引号），引号丢失
$3$SP2341,アヴァロ,1,「フィアは、奥を突かれるのが、好きなのか？」,菲亚，喜欢被顶到最里面吗……？,2,0,LOST,日文有「」/『』引号但译文完全没有任何引号字形（含中文弯引号），引号丢失
$3$SP2341,フィア,2,「おくって、いうかぁ私は、アヴァロに抱かれてるだけで、気持ちいい、からぁ」,倒也不是、因为顶到最里面啦……光是阿瓦罗要我，就已经很舒服、了嘛,2,0,LOST,日文有「」/『』引号但译文完全没有任何引号字形（含中文弯引号），引号丢失
$3$SP2341,アヴァロ,1,「っ、あんまり嬉しいこと、言ってくれるなよっ」,唔、别老说、这么让人高兴的话啊……！,2,0,LOST,日文有「」/『』引号但译文完全没有任何引号字形（含中文弯引号），引号丢失
$3$SP2341,フィア,2,「うれ、しかったの？　えへへ、わたしアヴァロのこと、だいすき、だからんっ、ゃ、ぁぁ」,你、很高兴吗……？诶嘿嘿，我……因为、最喜欢阿瓦罗了、所以……唔、呀、啊——,2,0,LOST,日文有「」/『』引号但译文完全没有任何引号字形（含中文弯引号），引号丢失
$3$SP2341,フィア,2,「ん、うぅ、ぁっ、はぁ、ぁこうやって、ふれてるだけで、すごく、幸せになってっ」,唔、呜呜、啊！哈啊、啊……只是、这样贴着，就变得、好幸福……！,2,0,LOST,日文有「」/『』引号但译文完全没有任何引号字形（含中文弯引号），引号丢失
$3$SP2341,アヴァロ,1,「俺も、好きだよフィアのこと。大好きだ」,我也、喜欢你哦……菲亚。最喜欢了,2,0,LOST,日文有「」/『』引号但译文完全没有任何引号字形（含中文弯引号），引号丢失
$3$SP2341,フィア,2,「えへへ、うれしーな。もっと、もっと言って？」,诶嘿嘿，好开心呀。再多、多说一点……？,2,0,LOST,日文有「」/『』引号但译文完全没有任何引号字形（含中文弯引号），引号丢失
$3$SP2341,アヴァロ,1,「フィアのホクロも、すごく好きだぞ」,……菲亚的痣，我也超喜欢的,2,0,LOST,日文有「」/『』引号但译文完全没有任何引号字形（含中文弯引号），引号丢失
$3$SP2341,フィア,2,「もう、そうやってまた顔をんっ、ひぁ、ぁ、ぁぁ」,真是的，又这样……又把脸……唔！呼啊、啊、啊——,2,0,LOST,日文有「」/『』引号但译文完全没有任何引号字形（含中文弯引号），引号丢失
$3$SP2341,アヴァロ,1,「すごいな。ホクロに刺激を受けると、フィアの中がきゅうきゅうって、締まるっ」,真厉害啊。一刺激到痣，菲亚里面就紧紧、地收缩起来……！,2,0,LOST,日文有「」/『』引号但译文完全没有任何引号字形（含中文弯引号），引号丢失
$3$SP2341,フィア,2,「そう、なんだ？　ホクロも、嬉しいのかも、好きって、言ってもらえてぇ」,是、这样的吗……？痣它，听到被说喜欢，或许也很高兴吧,2,0,LOST,日文有「」/『』引号但译文完全没有任何引号字形（含中文弯引号），引号丢失
$3$SP2341,フィア,2,「すごい、よぉっ、ふかい、ところまでいっぱい、入り込んでるっ」,……好厉害、呀！深、深的地方……全都、顶进来了……！,2,0,LOST,日文有「」/『』引号但译文完全没有任何引号字形（含中文弯引号），引号丢失
$3$SP2341,アヴァロ,1,「フィア、もう、イキそうだっ」,菲亚，我已经，快要射了……！,2,0,LOST,日文有「」/『』引号但译文完全没有任何引号字形（含中文弯引号），引号丢失
$3$SP2341,フィア,2,「うんっ、わたし、も、イっちゃうもう、限界だよぉ、きて、もっと、わたしを求めてぇっ、わたしでいっぱい、気持ちよくなってっ」,嗯！我、也、要去了……已经、到极限了啦，来、再多、多要我一点嘛！用我，好好舒服个够……！,2,0,LOST,日文有「」/『』引号但译文完全没有任何引号字形（含中文弯引号），引号丢失
$3$SP2341,フィア,2,「あぁ、う、んんっ、くる、くるよぉ、わたしのなか、なにかが、のぼってくるっ」,……啊、呜、唔唔！要来了、要来了啦，我里面、有什么、要涌上来了！,2,0,LOST,日文有「」/『』引号但译文完全没有任何引号字形（含中文弯引号），引号丢失
$3$SP2341,フィア,2,「あっ、あぁ、あぁぁん、んん、ふぁ、あぁぁぁぅ、んっ、やぁ、わたしも、いっちゃうよぉっ、ふあぁぁ、あぁんっ、んんぁぁ、ぅああぁぁぁぁぁああんっ」,啊、啊——、啊嗯——、唔唔、呼啊、啊——呜——、唔！呀、我也、要去了啦！呼啊——、啊嗯！唔嗯——、呜啊啊——嗯——！,2,0,LOST,日文有「」/『』引号但译文完全没有任何引号字形（含中文弯引号），引号丢失
$3$SP2341,フィア,2,「はぁ、はぁはふぅ、目が、チカチカするよ～。刺激が強すぎて、なんだかふらふらするあれ、そういえば中に、出さなかったんだね？」,哈啊、哈啊……呼——，眼睛、都在发花呢～。刺激太强了，整个人都晕乎乎的……咦，说起来，你没有射在里面呢……？,2,0,LOST,日文有「」/『』引号但译文完全没有任何引号字形（含中文弯引号），引号丢失
$3$SP2341,アヴァロ,1,「ああ、うん。ちょっとやりたいことがあってな」,啊啊，嗯。因为有点想做的事,2,0,LOST,日文有「」/『』引号但译文完全没有任何引号字形（含中文弯引号），引号丢失
$3$SP2341,アヴァロ,1,「こうやってさ、ホクロに塗り付けておこうと思って」,我想着，像这样，把它涂到痣上……,2,0,LOST,日文有「」/『』引号但译文完全没有任何引号字形（含中文弯引号），引号丢失
$3$SP2341,フィア,2,「えへへ～、もう、なにそれ。今日はとことんホクロ尽くしだね」,诶嘿嘿～，真是的，这算什么呀。今天可真是把痣宠爱了个遍呢,2,0,LOST,日文有「」/『』引号但译文完全没有任何引号字形（含中文弯引号），引号丢失
$3$SP2341,アヴァロ,1,「あれ？　嫌がらないんだな。嫌だったら謝ろうかなと思ってたんだけど」,……咦？你居然不讨厌啊。我还想着你要是讨厌的话就道个歉呢,2,0,LOST,日文有「」/『』引号但译文完全没有任何引号字形（含中文弯引号），引号丢失
$3$SP2341,フィア,2,「え？　なんで？　むしろ嬉しかったけど」,诶？为什么？我反而很高兴呢,2,0,LOST,日文有「」/『』引号但译文完全没有任何引号字形（含中文弯引号），引号丢失
$3$SP2341,アヴァロ,1,「そ、そっか。それならいいんだ。どうだ、黒いホクロを俺色に染めてやったぞ」,这、这样啊。那就好。怎么样，我把这颗黑痣染成我的颜色了哦,2,0,LOST,日文有「」/『』引号但译文完全没有任何引号字形（含中文弯引号），引号丢失
$3$SP2341,フィア,2,「うんっ、もっともっと染めてね！　今度はホクロ以外のところもお願いっ」,嗯！再多、多染一些嘛！接下来，痣以外的地方也拜托啦！,2,0,LOST,日文有「」/『』引号但译文完全没有任何引号字形（含中文弯引号），引号丢失
$3$SP2341,アヴァロ,1,「そんなに真っ直ぐ見つめないでくれ。イタズラ心が、キリキリと痛む」,……别这么直勾勾地盯着我看。恶作剧的心思，刺痛起来了……,2,0,LOST,日文有「」/『』引号但译文完全没有任何引号字形（含中文弯引号），引号丢失
$3$SP2341,フィア,2,「はぁ、幸せな一日だったなぁ～。ホクロの妖精さんに感謝しなきゃ」,哈啊，真是幸福的一天呢～……。得好好感谢痣之妖精小姐才行,2,0,LOST,日文有「」/『』引号但译文完全没有任何引号字形（含中文弯引号），引号丢失
SC0710,アヴァロ,1,「ここが、ガイダル商会の本拠地なのか？」,这里就是盖达鲁商会的据点吗……？,2,0,LOST,日文有「」/『』引号但译文完全没有任何引号字形（含中文弯引号），引号丢失
SC0710,ロズリーヌ,7,「分からないわね、なぜあの商人は自分から居場所を伝えたのかしら」,真不明白呢，那个商人为什么要主动把自己的所在地告诉我们呢,2,0,LOST,日文有「」/『』引号但译文完全没有任何引号字形（含中文弯引号），引号丢失
SC0710,ロズリーヌ,7,「聞けばガイダル商会は、各地に支部があるのでしょう？　一方的な戦いを演出することだって可能な気がするのだけれど」,听说盖达鲁商会在各地都有支部吧？感觉要上演一场一边倒的战斗，也不是不可能呢,2,0,LOST,日文有「」/『』引号但译文完全没有任何引号字形（含中文弯引号），引号丢失
SC0710,ミクシュアナ,9,「あの人間族は、利と確実性を重視するようでした」,那个人类族，似乎更看重利益与稳妥,2,0,LOST,日文有「」/『』引号但译文完全没有任何引号字形（含中文弯引号），引号丢失
SC0710,ミクシュアナ,9,「おそらく自分の勢力圏に引き込むことで、より確実に我々を追い込むことができると判断したのでしょう」,恐怕他是判断，将我们引入自己的势力范围，就能更稳妥地将我们逼入绝境吧,2,0,LOST,日文有「」/『』引号但译文完全没有任何引号字形（含中文弯引号），引号丢失
SC0710,アヴァロ,1,「ここには、俺たち主要な人物を狙い撃ちにする為の罠があると、そう見るべきなんだろうな」,这里应该看作是有专门瞄准我们这些主要人物的陷阱吧,2,0,LOST,日文有「」/『』引号但译文完全没有任何引号字形（含中文弯引号），引号丢失
SC0710,ロズリーヌ,7,「なるほど、仕掛けを用意すると言っていたものね。なにか特別な策があるのかもしれない」,原来如此，他说过要准备机关呢。或许他还有特别的计策吧,2,0,LOST,日文有「」/『』引号但译文完全没有任何引号字形（含中文弯引号），引号丢失
SC0710,ミクシュアナ,9,「こんな場所をわざわざ<ruby>住処<rt>すみか</rt></ruby>とするなど、良からぬことを考えている証拠でしょう。注意して進むべきです」,特意把这种地方当作住处，正是心怀不轨的证据吧。应当小心前进,2,0,LOST,日文有「」/『』引号但译文完全没有任何引号字形（含中文弯引号），引号丢失
SC0710,ロズリーヌ,7,「そうねアヴァロ隊長？　ぼうっとして、どうしたの？」,是啊。阿瓦罗队长？你发什么呆呢，怎么了？,2,0,LOST,日文有「」/『』引号但译文完全没有任何引号字形（含中文弯引号），引号丢失
SC0710,アヴァロ,1,「いや、もしかして、ここで俺も生まれたのかなって」,不，我只是在想，说不定我也是在这里出生的呢……,2,0,LOST,日文有「」/『』引号但译文完全没有任何引号字形（含中文弯引号），引号丢失
SC0710,ロズリーヌ,7,「住人は見当たらないわ。ここは人の住める場所では、ないのではないかしら」,没看到住户呢。这里恐怕不是人能居住的地方吧,2,0,LOST,日文有「」/『』引号但译文完全没有任何引号字形（含中文弯引号），引号丢失
SC0710,アヴァロ,1,「でもな、我が家って言っていたんだよ。どうしてだろうな。商人が居を構えるには、ここは人が寄りつかなすぎる」,可是啊，他明明说过这是他的家。到底为什么呢。作为商人安家的地方，这里也太让人避而远之了……,2,0,LOST,日文有「」/『』引号但译文完全没有任何引号字形（含中文弯引号），引号丢失
SC0710,アヴァロ,1,「ガイダル」,……盖达鲁,2,0,LOST,日文有「」/『』引号但译文完全没有任何引号字形（含中文弯引号），引号丢失
SC0710,ガイダル,aa,「楽しんでくれると嬉しいよ。ここがどんなに酷い場所か、噛みしめてくれたまえ」,你们能玩得开心的话，我会很高兴的。这里究竟是怎样残酷的地方，好好体会一番吧,2,0,LOST,日文有「」/『』引号但译文完全没有任何引号字形（含中文弯引号），引号丢失
SC0710,ガイダル,aa,「私たちを見捨てた、神と一緒にね」,和抛弃了我们的神一起呢——,2,0,LOST,日文有「」/『』引号但译文完全没有任何引号字形（含中文弯引号），引号丢失
SC0710,フィア,2,「ガイダル、さん」,……盖达鲁先生……,2,0,LOST,日文有「」/『』引号但译文完全没有任何引号字形（含中文弯引号），引号丢失
SC0710,アヴァロ,1,「追うぞ。ガイダルを叩けばそれで終わりだ」,追上去。只要干掉盖达鲁就结束了,2,0,LOST,日文有「」/『』引号但译文完全没有任何引号字形（含中文弯引号），引号丢失
SC0710,ミクシュアナ,9,「伏兵がいるかもしれません。<ruby>慎重<rt>しんちょう</rt></ruby>にいくべきです」,说不定有伏兵。应当谨慎行事,2,0,LOST,日文有「」/『』引号但译文完全没有任何引号字形（含中文弯引号），引号丢失
SC0710,ミクシュアナ,9,「これはあの人間族のみではなく、商会という組織を相手取る戦いでしょう」,这场战斗的对手，不只是那个人类族，而是商会这个组织吧,2,0,LOST,日文有「」/『』引号但译文完全没有任何引号字形（含中文弯引号），引号丢失
SC0710,アヴァロ,1,「そうか。ここは敵の本拠地、だもんな。ああ、油断せずに進もう！」,这样啊。这里毕竟是敌人的据点嘛。好，我们别大意，前进吧！,2,0,LOST,日文有「」/『』引号但译文完全没有任何引号字形（含中文弯引号），引号丢失
SC0710,アヴァロ,1,「遺跡の中心部分には城があるのか。思っていたよりもずっと、広い場所みたいだな」,遗迹的中心居然有座城。看起来比我想象的要广阔得多啊,2,0,LOST,日文有「」/『』引号但译文完全没有任何引号字形（含中文弯引号），引号丢失
SC0710,アヴァロ,1,「なぁ、ディート。この遺跡を見ていると、なにか思い出さないか？」,喂，迪特。看着这座遗迹，你想起什么没有？,2,0,LOST,日文有「」/『』引号但译文完全没有任何引号字形（含中文弯引号），引号丢失
SC0710,ディートヘルム,6,「ああ、この造りには見覚えがあるな。魔力伝達の形式も、<ruby>刻<rt>きざ</rt></ruby>まれている紋様も、城砦のものと同じ種別のものだろう」,嗯，这种构造我看着眼熟。魔力传导的形式也好，镌刻的纹样也好，应该都和城砦的属于同一类吧,2,0,LOST,日文有「」/『』引号但译文完全没有任何引号字形（含中文弯引号），引号丢失
SC0710,アヴァロ,1,「やっぱりそうか」,果然是这样啊……,2,0,LOST,日文有「」/『』引号但译文完全没有任何引号字形（含中文弯引号），引号丢失
SC0710,ディートヘルム,6,「インフルース王国の領内で見かけたものは、遺跡や装置自体が壊れていたけどな」,在因夫鲁斯王国境内见过的那些，遗迹和装置本身都已经损坏了就是了,2,0,LOST,日文有「」/『』引号但译文完全没有任何引号字形（含中文弯引号），引号丢失
SC0710,ディートヘルム,6,「ここにあるものは、まだ機能が失われていないと見ていいだろう。どこまで現存しているかは、詳しく調べてみないと分からねぇが」,这里的东西，应该可以认为还没失去机能。不过究竟还存续到什么程度，不仔细调查一番是搞不清楚的,2,0,LOST,日文有「」/『』引号但译文完全没有任何引号字形（含中文弯引号），引号丢失
SC0710,アヴァロ,1,「城砦には<ruby>搭載<rt>とうさい</rt></ruby>されていない機能があると考えてもよさそうだな。ここは本拠地だ、どんな装置があるか分かったものじゃない」,看来可以认为这里有着城砦没有搭载的功能。这里是据点，会有什么装置根本说不准,2,0,LOST,日文有「」/『』引号但译文完全没有任何引号字形（含中文弯引号），引号丢失
SC0710,アヴァロ,1,「フィユシア教の目がない場所では、大っぴらに動けるだろうからな」,在菲优希亚教的耳目够不到的地方，自然就能大张旗鼓地行动了吧,2,0,LOST,日文有「」/『』引号但译文完全没有任何引号字形（含中文弯引号），引号丢失
SC0710,ガイダル,aa,「よく分かるものだ。さすがは<ruby>鍛梁師<rt>たんりょうし</rt></ruby>といったところかな。遺跡調査はお手の物か」,了解得真透彻。不愧是锻梁师啊。遗迹调查正是你的拿手好戏吧,2,0,LOST,日文有「」/『』引号但译文完全没有任何引号字形（含中文弯引号），引号丢失
SC0710,アヴァロ,1,「ガイダル。調査をする前に、一応聞いておくぜ」,盖达鲁。开始调查之前，我先问一句,2,0,LOST,日文有「」/『』引号但译文完全没有任何引号字形（含中文弯引号），引号丢失
SC0710,アヴァロ,1,「まさかとは思うが、お前はここで<ruby>禁忌<rt>きんき</rt></ruby>の兵器を作り出そうとしているのか？　だったら、壊すしか選択肢がないんだけどな」,虽然觉得不太可能，不过你是打算在这里造出禁忌兵器吗？如果是的话，那我们就只能动手摧毁了,2,0,LOST,日文有「」/『』引号但译文完全没有任何引号字形（含中文弯引号），引号丢失
SC0710,ガイダル,aa,「ククッ、いやいや、ここは兵器を作る為の場所ではないよ。この遺跡は工房じゃない、私たちの祭壇なんだ」,呵呵，不不不，这里可不是制造兵器的地方。这座遗迹不是工房，而是我们的祭坛,2,0,LOST,日文有「」/『』引号但译文完全没有任何引号字形（含中文弯引号），引号丢失
SC0710,アヴァロ,1,「祭壇？」,祭坛……？,2,0,LOST,日文有「」/『』引号但译文完全没有任何引号字形（含中文弯引号），引号丢失
SC0710,ガイダル,aa,「ああ、奥には特殊な装置があってね。一族が代々蓄えてきた知識が眠っているんだよ」,是啊，深处有特殊的装置。一族代代积累的知识，就沉睡在那里哦,2,0,LOST,日文有「」/『』引号但译文完全没有任何引号字形（含中文弯引号），引号丢失
SC0710,アヴァロ,1,「っ」,……！,2,0,LOST,日文有「」/『』引号但译文完全没有任何引号字形（含中文弯引号），引号丢失
SC0710,ガイダル,aa,「それは先祖が身に付けていた魔術の伝授や、兵器の起動と動作方法、血を用いた契約の手順などが、大切に保管されている」,其中妥善保管着先祖所掌握的魔术传授、兵器的启动与运作方法、以血缔结契约的步骤等,2,0,LOST,日文有「」/『』引号但译文完全没有任何引号字形（含中文弯引号），引号丢失
SC0710,ガイダル,aa,「つまりここには、過去の記憶が保管してあるということさ。もちろん戦争の成り立ちや、味方になってくれた神との交流の歴史もね」,也就是说，这里保管着过去的记忆。当然，也包括战争的由来，以及与我们结盟的神之间的交流历史哦,2,0,LOST,日文有「」/『』引号但译文完全没有任何引号字形（含中文弯引号），引号丢失
SC0710,フィア,2,「そ、それ、じゃあ奥に行けば、昔のことが分かるの？」,那、那么，也就是说……去到深处，就能知道过去的事情吗？,2,0,LOST,日文有「」/『』引号但译文完全没有任何引号字形（含中文弯引号），引号丢失
SC0710,ガイダル,aa,「そうだね。失くしてしまったという記憶も、取り返せるかもしれない」,是啊。那些失去的记忆，说不定也能找回来哦,2,0,LOST,日文有「」/『』引号但译文完全没有任何引号字形（含中文弯引号），引号丢失
SC0710,フィア,2,「」,…………,2,0,LOST,日文有「」/『』引号但译文完全没有任何引号字形（含中文弯引号），引号丢失
SC0710,アヴァロ,1,「フィア、アイツの言う事を<ruby>鵜呑<rt>うの</rt></ruby>みにしちゃダメだ」,菲亚，别把那个家伙的话当真,2,0,LOST,日文有「」/『』引号但译文完全没有任何引号字形（含中文弯引号），引号丢失
SC0710,アヴァロ,1,「本当に重要な知識が眠っているなら、城砦の製法を求めて聖地へ向かう必要なんてないはずだ。どうせでっち上げているだけだろう」,如果真的沉睡着重要的知识，那我们就没必要为了城砦的制法前往圣地了。他八成只是在胡编乱造吧,2,0,LOST,日文有「」/『』引号但译文完全没有任何引号字形（含中文弯引号），引号丢失
SC0710,アヴァロ,1,「俺たちを<ruby>思惑<rt>おもわく</rt></ruby>通りに動かそうと、綺麗事を並び立てているんだ」,他摆出一堆漂亮话，就是想让我们按他的盘算行动,2,0,LOST,日文有「」/『』引号但译文完全没有任何引号字形（含中文弯引号），引号丢失
SC0710,ガイダル,aa,「確かめてもみない内から酷い決めつけだ。確かに製法自体は保管できていないが、重要な情報はそれだけだとでも？」,连确认都不去确认，就这么妄下定论。的确，制法本身没能保存下来，但难道重要的信息就只有那一样吗？,2,0,LOST,日文有「」/『』引号但译文完全没有任何引号字形（含中文弯引号），引号丢失
SC0710,アヴァロ,1,「くどいぜ。お前の事は信じない、そう言ったはずだ」,真啰嗦。我说过不相信你了吧,2,0,LOST,日文有「」/『』引号但译文完全没有任何引号字形（含中文弯引号），引号丢失
SC0710,ガイダル,aa,「クク、それは君の意見だろう。人は皆それぞれ違う、守りたい大事なものも、絶対に取り戻したいものも」,呵呵，那是你的想法吧。人各有别，想守护的重要之物、无论如何都想夺回之物，也是如此……,2,0,LOST,日文有「」/『』引号但译文完全没有任何引号字形（含中文弯引号），引号丢失
SC0710,ガイダル,aa,「君にフィアさんの気持ちなんて、分かるはずがない。君は決してフィアさんじゃないんだから」,你不可能明白菲亚的心情。毕竟你永远不可能是菲亚,2,0,LOST,日文有「」/『』引号但译文完全没有任何引号字形（含中文弯引号），引号丢失
SC0710,ガイダル,aa,「がさつな君には、<ruby>一縷<rt>いちる</rt></ruby>の望みにすがりつきたくなる者の気持ちは、一生理解できないかもしれないね」,像你这样粗枝大叶的人，恐怕一辈子也理解不了想抓住一线希望的人的心情呢,2,0,LOST,日文有「」/『』引号但译文完全没有任何引号字形（含中文弯引号），引号丢失
SC0710,フィア,2,「ガイダルさん私のことは、まだいいよ。だけどアヴァロを馬鹿にするのは、許せない！」,盖达鲁先生……我自己的事就先算了。但是，侮辱阿瓦罗，我绝不能原谅！,2,0,LOST,日文有「」/『』引号但译文完全没有任何引号字形（含中文弯引号），引号丢失
SC0710,アヴァロ,1,「そうやって、当たり前のことを得意気に語るのがお前の交渉か？」,像这样把理所当然的事说得洋洋得意，这就是你的交涉方式吗？,2,0,LOST,日文有「」/『』引号但译文完全没有任何引号字形（含中文弯引号），引号丢失
SC0710,アヴァロ,1,「確かに同じ人はいない。同じ気持ちを抱くのは難しいかもしれない」,确实，世上没有完全相同的人。要怀有完全相同的心情，或许很难……,2,0,LOST,日文有「」/『』引号但译文完全没有任何引号字形（含中文弯引号），引号丢失
SC0710,アヴァロ,1,「だからこそ俺たちはお互いを理解しようと支え合い、歩み寄るんだろうが！」,正因为如此，我们才会相互理解、相互扶持，一步步靠近彼此啊！,2,0,LOST,日文有「」/『』引号但译文完全没有任何引号字形（含中文弯引号），引号丢失
SC0710,アヴァロ,1,「俺たちの関係性を、築いてきた絆を、訳知り顔で語ってんじゃねぇ！」,别摆出一副什么都懂的样子，来评价我们的关系、我们一路建立起来的纽带！,2,0,LOST,日文有「」/『』引号但译文完全没有任何引号字形（含中文弯引号），引号丢失
SC0710,ガイダル,aa,「そうかい？　ククク、そうやって怒るのは、図星を突かれたからじゃないのかな？」,是吗？呵呵呵，你这么生气，是不是因为被我说中了心事呢？,2,0,LOST,日文有「」/『』引号但译文完全没有任何引号字形（含中文弯引号），引号丢失
SC0710,ガイダル,aa,「フィアさん、私を信じてくれれば、少なくとも記憶がないことによる不安は解消させられるよ。どうかな？」,菲亚，只要你肯相信我，至少能替你消除因没有记忆而产生的不安哦。意下如何？,2,0,LOST,日文有「」/『』引号但译文完全没有任何引号字形（含中文弯引号），引号丢失
SC0710,アヴァロ,1,「誘いをかけるのは止めろと、言ったはずだ」,我说过，别再来诱惑她了吧,2,0,LOST,日文有「」/『』引号但译文完全没有任何引号字形（含中文弯引号），引号丢失
SC0710,アヴァロ,1,「なにが楽しいのか分からないけどな。お前がそうやって揺さぶりをかけている限り、俺たちはお前の味方にはならねぇよ」,虽然不知道这有什么好玩的。但只要你还这样动摇人心，我们就绝不会站到你那边,2,0,LOST,日文有「」/『』引号但译文完全没有任何引号字形（含中文弯引号），引号丢失
SC0710,アヴァロ,1,「迷惑ばかりかけるその口を俺が封じてやるよ、覚悟しな。ガイダル！！」,你那张尽惹麻烦的嘴，就由我来封上吧，做好觉悟！盖达鲁！！,2,0,LOST,日文有「」/『』引号但译文完全没有任何引号字形（含中文弯引号），引号丢失
SC0710,フィア,2,「ぅ、んあれ、ここは？」,唔、嗯……咦，这里是……？,2,0,LOST,日文有「」/『』引号但译文完全没有任何引号字形（含中文弯引号），引号丢失
SC0710,ガイダル,aa,「おや、お目覚めかい？　ご機嫌はいかがかな」,哦呀，你醒了？心情如何呀,2,0,LOST,日文有「」/『』引号但译文完全没有任何引号字形（含中文弯引号），引号丢失
SC0710,フィア,2,「ガイダルさんあ、あれ、な、なんで私、動けなくさせられてっ」,盖达鲁先生……咦、咦，为、为什么我，动不了了……！,2,0,LOST,日文有「」/『』引号但译文完全没有任何引号字形（含中文弯引号），引号丢失
SC0710,ガイダル,aa,「それはね、これからフィアさんを封じ込めるからだよ。抵抗されては面倒だからね」,那是因为，接下来我要把菲亚封存起来。要是你反抗的话，会很麻烦的,2,0,LOST,日文有「」/『』引号但译文完全没有任何引号字形（含中文弯引号），引号丢失
SC0710,フィア,2,「封じ、込めるまさか、城砦みたいに、魔石の中に」,……封、封存起来……难道，要像城砦那样，把我封进魔石里,2,0,LOST,日文有「」/『』引号但译文完全没有任何引号字形（含中文弯引号），引号丢失
SC0710,フィア,2,「うぅ、私、馬鹿だ記憶が取り戻せるって、勝手に舞い上がってっ」,呜呜，我真是个笨蛋……听说能找回记忆，就自作主张地得意忘形……！,2,0,LOST,日文有「」/『』引号但译文完全没有任何引号字形（含中文弯引号），引号丢失
SC0710,ガイダル,aa,「クク、気にすることはない。今すぐに、その不安を解消してあげるからね」,呵呵，不必担心。我这就替你消除那份不安,2,0,LOST,日文有「」/『』引号但译文完全没有任何引号字形（含中文弯引号），引号丢失
SC0710,ガイダル,aa,「なにせ魔石の中に入れば、君の意識は眠りについてしまう。君が過去に<ruby>脅<rt>おび</rt></ruby>えることもなくなるさ」,毕竟一旦进入魔石，你的意识便会陷入沉睡。你也不会再为过去而恐惧了,2,0,LOST,日文有「」/『』引号但译文完全没有任何引号字形（含中文弯引号），引号丢失
SC0710,フィア,2,「わ、私を封じ込めても無駄だよ。もうアヴァロと契約をしてる。城砦と繋がっているのは、アヴァロだもん」,你、你把我封起来也没用的。我已经和阿瓦罗缔结契约了。和城砦相连的，是阿瓦罗嘛,2,0,LOST,日文有「」/『』引号但译文完全没有任何引号字形（含中文弯引号），引号丢失
SC0710,フィア,2,「それに、私は絶対に貴方と契約なんかしない！！」,而且，我绝不会和你缔结契约的！！,2,0,LOST,日文有「」/『』引号但译文完全没有任何引号字形（含中文弯引号），引号丢失
SC0710,ガイダル,aa,「ククッ。ああ、それは心配いらないよ」,呵呵。啊，这个你大可不必担心,2,0,LOST,日文有「」/『』引号但译文完全没有任何引号字形（含中文弯引号），引号丢失
SC0710,ガイダル,aa,「私は契約を上書きする方法を知っている。少々面倒だが、その為にこの場を用意した」,我知道覆盖契约的方法。虽然有些麻烦，但为了这个目的，我准备了这处场所,2,0,LOST,日文有「」/『』引号但译文完全没有任何引号字形（含中文弯引号），引号丢失
SC0710,ガイダル,aa,「儀式が<ruby>滞<rt>とどこお</rt></ruby>りなく終了すれば、君とアヴァロ君の繋がりは消える。君は、私のものになるんだ」,一旦仪式顺利结束，你和阿瓦罗的联系就会消失。而你，将成为我的人,2,0,LOST,日文有「」/『』引号但译文完全没有任何引号字形（含中文弯引号），引号丢失
SC0710,フィア,2,「そ、そんなこと、させないよ」,……我、我不会让你得逞的,2,0,LOST,日文有「」/『』引号但译文完全没有任何引号字形（含中文弯引号），引号丢失
SC0710,フィア,2,「アヴァロも、みんなもすぐに助けに駆けつけてくれる。その時は貴方だってお終いだよ」,阿瓦罗，还有大家……很快就会赶来救我的。到那时，你也就完了哦,2,0,LOST,日文有「」/『』引号但译文完全没有任何引号字形（含中文弯引号），引号丢失
SC0710,フィア,2,「みんなが来てくれるまで、私も必死に抵抗してみせる！」,在大家赶来之前，我也会拼命抵抗给你们看！,2,0,LOST,日文有「」/『』引号但译文完全没有任何引号字形（含中文弯引号），引号丢失
SC0710,ガイダル,aa,「いいね。実に素晴らしい無駄な<ruby>足掻き<rt>あが</rt></ruby>だ」,很好。真是相当精彩的徒劳挣扎,2,0,LOST,日文有「」/『』引号但译文完全没有任何引号字形（含中文弯引号），引号丢失
SC0710,ガイダル,aa,「こうなってしまえば君の意思など関係ない。必要なのは時間だけ、私の魔力が君を犯し尽くすまでの<ruby>猶予<rt>ゆうよ</rt></ruby>だけさ」,事到如今，你的意志已经无关紧要。需要的只是时间，是我将魔力彻底浸透你之前的那点宽限而已,2,0,LOST,日文有「」/『』引号但译文完全没有任何引号字形（含中文弯引号），引号丢失
SC0710,ガイダル,aa,「儀式はもう始まっている。感じないかな？　魔力が少しずつ、君を<ruby>蝕<rt>むしば</rt></ruby>んでいるのを」,仪式已经开始了。你难道感觉不到吗？魔力正在一点一点地侵蚀着你,2,0,LOST,日文有「」/『』引号但译文完全没有任何引号字形（含中文弯引号），引号丢失
SC0710,フィア,2,「っ、く、うぅぅ！」,……！唔、呜呜……！,2,0,LOST,日文有「」/『』引号但译文完全没有任何引号字形（含中文弯引号），引号丢失
SC0710,ガイダル,aa,「さて、君が言うとおり、アヴァロ君が追ってきているようだ。間に合うかどうか楽しみだね」,好了，正如你所说，阿瓦罗似乎追上来了。他能否赶得上，真让人期待呢,2,0,LOST,日文有「」/『』引号但译文完全没有任何引号字形（含中文弯引号），引号丢失
SC0710,ガイダル,aa,「君が意思なき人形となる瞬間を、ぜひ見せてあげるといい。クク、クククッ、クフハハハハハハッ」,你变成没有意志的人偶的那一刻，可得让我亲眼见识见识。呵呵、呵呵呵、呵呵哈哈哈哈哈！,2,0,LOST,日文有「」/『』引号但译文完全没有任何引号字形（含中文弯引号），引号丢失
SC4300,アヴァロ,1,「まずは周りにある装置を止めることから始めよう。<ruby>鍛梁師<rt>たんりょうし</rt></ruby>の俺たちならどうにかできるはずだ」,先从停掉周围的装置开始吧。身为锻梁师的我们，应该有办法做到的。,2,0,LOST,日文有「」/『』引号但译文完全没有任何引号字形（含中文弯引号），引号丢失
SC4300,ディートヘルム,6,「よーし、俺様もいっちょ派手にやってやるか」,好嘞，本大爷也来大干一场吧！,2,0,LOST,日文有「」/『』引号但译文完全没有任何引号字形（含中文弯引号），引号丢失
SC4300,アヴァロ,1,「俺たちの全ての力でこの場を乗り切るぞ」,我们使出全部力量，闯过这一关！,2,0,LOST,日文有「」/『』引号但译文完全没有任何引号字形（含中文弯引号），引号丢失
SC4300,アヴァロ,1,「高純度の魔力がパライアに集まっていく。あれだけの再生能力を相手になんかできないぞ」,高纯度的魔力正不断汇集到帕莱雅身上。那种再生能力，我们根本不是对手啊。,2,0,LOST,日文有「」/『』引号但译文完全没有任何引号字形（含中文弯引号），引号丢失
SC4300,アヴァロ,1,「４つの装置が<ruby>軸<rt>じく</rt></ruby>となっているみたいだ。やはり、その装置を先に止めないと」,那四个装置似乎是轴心。果然，还是得先把那些装置停掉才行啊。,2,0,LOST,日文有「」/『』引号但译文完全没有任何引号字形（含中文弯引号），引号丢失
SC5490,カトリト,a,「や、やだっ、こっち来ないでっ」,不、不要……不要过来！,2,0,LOST,日文有「」/『』引号但译文完全没有任何引号字形（含中文弯引号），引号丢失
SC5490,カトリト,a,「じじ様、たすけてっアヴァロ、たすけてっ」,爷爷，救救我……阿瓦罗，救救我……,2,0,LOST,日文有「」/『』引号但译文完全没有任何引号字形（含中文弯引号），引号丢失
SC5490,キスニル,5,「ギルシュ殿下、お覚悟を！」,吉尔什殿下，请做好觉悟吧！,2,0,LOST,日文有「」/『』引号但译文完全没有任何引号字形（含中文弯引号），引号丢失
SC5490,ギルシュ,96,「くはっ、ついに本格的な王国の敵となったか。情けは期待するなよ、キスニぃル！」,哈！你终于真正成为王国的敌人了吗。别指望孤手下留情啊，姬斯尼——尔！,2,0,LOST,日文有「」/『』引号但译文完全没有任何引号字形（含中文弯引号），引号丢失
SC5490,キスニル,5,「一度はお仕えした身。せめて私の手で片をつけましょう」,我毕竟曾侍奉过您。至少，请让我亲手来个了断吧。,2,0,LOST,日文有「」/『』引号但译文完全没有任何引号字形（含中文弯引号），引号丢失
SC5490,キスニル,5,「貴方が民のことを考えて行動する方であれば、私は！」,如果您是位会为子民着想的君主，那我——！,2,0,LOST,日文有「」/『』引号但译文完全没有任何引号字形（含中文弯引号），引号丢失
SC5490,リシュエンツェーリ,8,「ついに追い詰めましたわ！　ふふふ、この機会にインフルースの戦力を<ruby>削<rt>けず</rt></ruby>らせていただきましょう」,终于把你们逼入绝境了！呵呵呵，就趁这个机会，让本小姐来削弱因夫鲁斯的战力吧！,2,0,LOST,日文有「」/『』引号但译文完全没有任何引号字形（含中文弯引号），引号丢失
SC5490,ギルシュ,96,「ふん、誰だ貴様は？　王族である余に声をかけるとはなんて不遜な。打ち首にしてやろう」,哼，你这家伙是谁？胆敢向身为王族的孤搭话，真是无礼至极。拉去砍头吧！,2,0,LOST,日文有「」/『』引号但译文完全没有任何引号字形（含中文弯引号），引号丢失
SC5490,リシュエンツェーリ,8,「なっ、このラウロソ領主リシュエンツェーリを知らないとは、なんて愚かなのでしょう！　鉄槌をくだします！」,什、什么！居然连本小姐——劳罗索领主莉秀恩兹利——都不知道，真是愚不可及！本小姐要降下铁锤制裁你！,2,0,LOST,日文有「」/『』引号但译文完全没有任何引号字形（含中文弯引号），引号丢失
SC5490,ギルシュ,96,「あぁラウロソあの田舎出身なのか。だからこんなに野蛮なのだな」,啊，劳罗索……原来你是那乡下地方出身的。难怪会这么野蛮啊。,2,0,LOST,日文有「」/『』引号但译文完全没有任何引号字形（含中文弯引号），引号丢失
SC5490,リシュエンツェーリ,8,「もも、もう許しませんわー！　覚悟してくださいませ！」,我、我绝不原谅你——！请做好觉悟吧！,2,0,LOST,日文有「」/『』引号但译文完全没有任何引号字形（含中文弯引号），引号丢失
SC5490,リシュエンツェーリ,8,「行きますわよ！　ラウロソ領主として、役目を果たして見せますわ！」,要上了哦！身为劳罗索领主，本小姐定会履行好职责给您看！,2,0,LOST,日文有「」/『』引号但译文完全没有任何引号字形（含中文弯引号），引号丢失
SC5490,アヴァロ,1,「みんな、大物の幽霊退治だ！　気合い入れていくぞぉっ」,大家，这回是大幽灵退治！打起精神上啊——！,2,0,LOST,日文有「」/『』引号但译文完全没有任何引号字形（含中文弯引号），引号丢失
SC5490,ロズリーヌ,7,「あの子の元へは行かせない。ここで死んでもらうわ！」,我不会让你靠近那个孩子。就死在这里吧！,2,0,LOST,日文有「」/『』引号但译文完全没有任何引号字形（含中文弯引号），引号丢失
SC5490,ギルシュ,96,「もはや城砦を開け渡すだけでは済まさぬ。ズタズタに、切り刻んでやる！　今さら詫びを入れても遅いぞ、貴様らああぁっ」,事到如今，光是把城砦拱手交出也休想了事。孤要把你们剁成碎片！现在才来求饶，已经太迟了，你们这些家伙——！,2,0,LOST,日文有「」/『』引号但译文完全没有任何引号字形（含中文弯引号），引号丢失
SC5570,ファーブル,99,「インフルース王国に刃向かうことがどれだけ愚かな行為か、教えてやろう！」,我便让你好好领教，与因夫鲁斯王国为敌是何等愚蠢的行径！,2,0,LOST,日文有「」/『』引号但译文完全没有任何引号字形（含中文弯引号），引号丢失
SC5570,クードヴァンス,c8,「禁忌と化した神に従う者共よ。フィユシア教の大司教を預かる身として、グアラクーナ城砦と共に鎮めよう」,追随那化为禁忌之神的众人啊。身为执掌菲优希亚教大司教之人，自当连同古亚拉库娜城砦，将你们一并镇压,2,0,LOST,日文有「」/『』引号但译文完全没有任何引号字形（含中文弯引号），引号丢失
SC5570,アヴァロ,1,「俺はアンタと会って、城砦が禁忌だからって問答無用で襲いかかってくる奴ばかりじゃないんだと、嬉しかったんだけどな」,……我原本还因为遇到你而高兴，觉得不是所有人都会因为城砦是禁忌，就不由分说地攻过来,2,0,LOST,日文有「」/『』引号但译文完全没有任何引号字形（含中文弯引号），引号丢失
SC5570,アヴァロ,1,「下手な言いがかりで城砦を破壊しようとしたこと、後悔させてやるぜ！」,敢用这种蹩脚的借口毁掉城砦，我会让你后悔的！,2,0,LOST,日文有「」/『』引号但译文完全没有任何引号字形（含中文弯引号），引号丢失
SC5570,クードヴァンス,c8,「言いがかり、か。ならば世の理不尽を乗り越え証明してみせよ」,借口，么……。那便跨越这世间的不讲理，证明给我看吧,2,0,LOST,日文有「」/『』引号但译文完全没有任何引号字形（含中文弯引号），引号丢失
SC5570,アヴァロ,1,「なるほどな。どうしてアンタがこんな強引に戦いを仕掛けてきたのか、なんとなく意図が分かってきたぜ」,……原来如此。我隐约明白你为什么要这么强硬地发起战斗了,2,0,LOST,日文有「」/『』引号但译文完全没有任何引号字形（含中文弯引号），引号丢失
SC5570,アヴァロ,1,「だが、まずはアンタを倒す！　みんな、全力で行くぞ！！」,不过，先打倒你！大家，全力以赴！！,2,0,LOST,日文有「」/『』引号但译文完全没有任何引号字形（含中文弯引号），引号丢失
SC6710,アヴァロ,1,「次は何が書いてあるんだ？」,接下来又写着什么呢？,2,0,LOST,日文有「」/『』引号但译文完全没有任何引号字形（含中文弯引号），引号丢失
SC6710,アヴァロ,1,「長が従えし竜か」,原来是首领所驭之龙啊……,2,0,LOST,日文有「」/『』引号但译文完全没有任何引号字形（含中文弯引号），引号丢失
SC6710,アヴァロ,1,「よし、これで先へ進めるようになったぞ！」,好，这下就能继续前进了！,2,0,LOST,日文有「」/『』引号但译文完全没有任何引号字形（含中文弯引号），引号丢失
SC6710,アヴァロ,1,「また何か書いてあるみたいだな」,这里好像又写着些什么啊,2,0,LOST,日文有「」/『』引号但译文完全没有任何引号字形（含中文弯引号），引号丢失
SC6710,アヴァロ,1,「どういう意味だ？　４人で土台、そして長が頂点」,什么意思？四人作为基座，而首领立于其顶……,2,0,LOST,日文有「」/『』引号但译文完全没有任何引号字形（含中文弯引号），引号丢失
SC6710,アヴァロ,1,「これで良かったみたいだな、進む道が開いたぞ」,看来这样就对了，前进的路已经打开了,2,0,LOST,日文有「」/『』引号但译文完全没有任何引号字形（含中文弯引号），引号丢失
